,index,Datum,Periode,Locatie,Site,Transect,Soortengroep,Aantal,Genus,Lat,Lon,Nauwkeurigheid,Meettoestel,Jaar,geometry,Mowing state,mow_shape_key,Group name,Afstand_rand
1,1,2020-04-07,p1,Muziekbos,blok,V,Bijen,1,Andrena,50.769351795363,3.65615674294872,10,GSM,2020,POINT (99733.14458537275 162336.1219273461),,,Other bees,
2,2,2020-04-07,p1,Muziekbos,blok,V,Bijen,1,Andrena,50.7694274001296,3.65584912710232,30,GSM,2020,POINT (99711.52650443786 162344.73979146127),,,Other bees,
3,3,2020-04-07,p1,Muziekbos,blok,V,Bijen,1,Andrena,50.7695902185987,3.6561870854382,30,GSM,2020,POINT (99735.53916850651 162362.62201917265),,,Other bees,
4,4,2020-04-07,p1,Muziekbos,blok,V,Bijen,1,Bombus,50.7693629013847,3.65636142902417,10,GSM,2020,POINT (99747.59466844378 162337.21887234133),,,Bombus,
5,5,2020-04-07,p1,Muziekbos,blok,V,Bijen,1,Andrena,50.7695285697009,3.65669544786555,5,GSM,2020,POINT (99771.33239399514 162355.4209255129),,,Other bees,
6,6,2020-04-07,p1,Muziekbos,blok,V,Bijen,1,Bombus,50.7692333171617,3.65661137737674,10,GSM,2020,POINT (99765.08752324726 162322.6358176684),,,Bombus,
16,16,2020-04-07,p1,Muziekbos,sinus,V,Bijen,1,Andrena,50.7686420996215,3.65495360456747,5,GSM,2020,POINT (99647.51887898738 162257.9945246484),,,Other bees,
17,17,2020-04-07,p1,Muziekbos,sinus,V,Bijen,1,Andrena,50.7686420996215,3.65495360456747,5,GSM,2020,POINT (99647.51887898738 162257.9945246484),,,Other bees,
18,18,2020-04-07,p1,Muziekbos,sinus,V,Bijen,1,Nomada,50.7686420996215,3.65495360456747,5,GSM,2020,POINT (99647.51887898738 162257.9945246484),,,Other bees,
19,19,2020-04-07,p1,Muziekbos,sinus,V,Bijen,1,Andrena,50.7682872517507,3.6555065587197,10,GSM,2020,POINT (99686.14520414254 162218.14915391523),,,Other bees,
20,20,2020-04-07,p1,Muziekbos,sinus,V,Dagvlinders,1,Pieris,50.768591933931,3.65566053428096,5,GSM,2020,POINT (99697.33182235918 162251.9357352117),,,Butterflies,
21,21,2020-04-07,p1,Muziekbos,sinus,V,Bijen,1,Apis,50.7684495253961,3.6557140108232,10,GSM,2020,POINT (99700.9520613256 162236.05897093937),,,Apis,
22,22,2020-04-07,p1,Muziekbos,sinus,V,Bijen,1,Andrena,50.7686211867731,3.65557176992638,10,GSM,2020,POINT (99691.10164457987 162255.2497058846),,,Other bees,
23,23,2020-04-07,p1,Muziekbos,sinus,V,Bijen,1,Nomada,50.7686648564886,3.65561476908965,10,GSM,2020,POINT (99694.18139613527 162260.07812784053),,,Other bees,
26,26,2020-04-07,p1,Muziekbos,blok,V,Bijen,1,Andrena,50.7695799088578,3.65582347847862,10,GSM,2020,POINT (99709.8800214605 162361.72120066825),,,Other bees,
32,32,2020-04-07,p1,Muziekbos,blok,V,Bijen,1,Andrena,50.7692791242625,3.65615146234972,10,GSM,2020,POINT (99732.69459482424 162328.04204989783),,,Other bees,
36,36,2020-04-07,p1,Muziekbos,blok,V,Bijen,1,Andrena,50.7692142902415,3.65629102103753,30,GSM,2020,POINT (99742.46973247873 162320.73596656043),,,Other bees,
37,37,2020-04-07,p1,Muziekbos,blok,V,Bijen,1,Andrena,50.7692398131367,3.65660483949227,5,GSM,2020,POINT (99764.63327340157 162323.36280561704),,,Other bees,
54,54,2020-04-09,p1,Kemmelberg,blok,V,Bijen,1,Apis,50.7773928903516,2.79664940201007,100,GSM,2020,POINT (39128.46594577505 164162.59760744125),,,Apis,
55,55,2020-04-09,p1,Kemmelberg,blok,V,Dagvlinders,1,Anthocharis,50.7778896857526,2.79700135812424,50,GSM,2020,POINT (39154.452930894346 164217.32285189442),,,Butterflies,
56,56,2020-04-09,p1,Kemmelberg,blok,V,Bijen,1,Apis,50.7784962002661,2.79722146690152,100,GSM,2020,POINT (39171.40071063167 164284.44721474499),,,Apis,
57,57,2020-04-09,p1,Kemmelberg,blok,V,Bijen,1,Apis,50.778662581044,2.79742640443407,50,GSM,2020,POINT (39186.24277982321 164302.64531808347),,,Apis,
58,58,2020-04-09,p1,Kemmelberg,blok,V,Bijen,1,Apis,50.7782442402567,2.79686305672191,100,GSM,2020,POINT (39145.53537878745 164256.96057989914),,,Apis,
59,59,2020-04-09,p1,Kemmelberg,blok,V,Bijen,1,Apis,50.7781413943048,2.79701644554995,50,GSM,2020,POINT (39156.109178587954 164245.2937999945),,,Apis,
60,60,2020-04-09,p1,Kemmelberg,blok,V,Dagvlinders,1,Anthocharis,50.7775171939756,2.7967237494912,30,GSM,2020,POINT (39134.00107188395 164176.310917479),,,Butterflies,
61,61,2020-04-09,p1,Kemmelberg,blok,V,Dagvlinders,1,Anthocharis,50.7775171939756,2.7967237494912,30,GSM,2020,POINT (39134.00107188395 164176.310917479),,,Butterflies,
62,62,2020-04-09,p1,Kemmelberg,blok,V,Bijen,1,Apis,50.7775603188675,2.79657036066316,10,GSM,2020,POINT (39123.28658357535 164181.33593661897),,,Apis,
63,63,2020-04-09,p1,Kemmelberg,blok,V,Bijen,1,Apis,50.7781635225292,2.79638788663111,50,GSM,2020,POINT (39111.83986546332 164248.69286253303),,,Apis,
64,64,2020-04-09,p1,Kemmelberg,blok,V,Bijen,1,Apis,50.7836648170378,2.76731324382384,100,GSM,2020,POINT (37074.908663097376 164904.3106740443),,,Apis,
65,65,2020-04-09,p1,Kemmelberg,blok,V,Bijen,1,Andrena,50.7768951729413,2.79558515176437,50,GSM,2020,POINT (39052.249138769796 164108.8335722508),,,Other bees,
66,66,2020-04-09,p1,Kemmelberg,blok,V,Bijen,1,Apis,50.7768698595937,2.79559914954267,50,GSM,2020,POINT (39053.176558605526 164105.99747453164),,,Apis,
67,67,2020-04-09,p1,Kemmelberg,blok,V,Bijen,1,Apis,50.7771170000087,2.79532246291898,10,GSM,2020,POINT (39034.24836865418 164133.89615657832),,,Apis,
80,80,2020-04-09,p1,Kemmelberg,sinus,V,Bijen,1,Apis,50.7727151597392,2.79780719429515,10,GSM,2020,POINT (39199.103056105014 163640.64234244544),,,Apis,
81,81,2020-04-09,p1,Kemmelberg,sinus,V,Dagvlinders,1,Pieris,50.7729124697398,2.7979999780681,5,GSM,2020,POINT (39213.162409788245 163662.2983763665),,,Butterflies,
82,82,2020-04-09,p1,Kemmelberg,sinus,V,Bijen,1,Apis,50.7728164969485,2.79806728475056,50,GSM,2020,POINT (39217.683200506784 163651.52451109793),,,Apis,
83,83,2020-04-09,p1,Kemmelberg,sinus,V,Dagvlinders,1,Polyommatus,50.7728229929235,2.79797491617761,30,GSM,2020,POINT (39211.18457883422 163652.3847086383),,,Butterflies,
84,84,2020-04-09,p1,Kemmelberg,sinus,V,Bijen,1,Apis,50.7728380803492,2.79796142131351,50,GSM,2020,POINT (39210.2683974064 163654.0827632062),,,Apis,
85,85,2020-04-09,p1,Kemmelberg,sinus,V,Dagvlinders,1,Gonepteryx,50.7732298085939,2.79701175168417,50,GSM,2020,POINT (39144.2189495426 163699.0650855275),,,Butterflies,
86,86,2020-04-09,p1,Kemmelberg,sinus,V,Dagvlinders,1,Anthocharis,50.7733653020587,2.79790895059965,30,GSM,2020,POINT (39207.80821475563 163712.79528494272),,,Butterflies,
87,87,2020-04-09,p1,Kemmelberg,sinus,V,Bijen,1,Apis,50.7729131402921,2.79763796367012,100,GSM,2020,POINT (39187.63451664473 163662.91291912738),,,Apis,
88,88,2020-04-09,p1,Kemmelberg,sinus,V,Bijen,1,Apis,50.7732276292991,2.79648813419304,50,GSM,2020,POINT (39107.28826220166 163699.60425438266),,,Apis,
89,89,2020-04-09,p1,Kemmelberg,sinus,V,Bijen,1,Apis,50.7728369907018,2.79668360017501,30,GSM,2020,POINT (39120.1529961927 163655.86813901085),,,Apis,
90,90,2020-04-09,p1,Kemmelberg,sinus,V,Bijen,1,Apis,50.7728506112944,2.79720663093291,50,GSM,2020,POINT (39157.06953783703 163656.60236479715),,,Apis,
91,91,2020-04-09,p1,Kemmelberg,sinus,V,Bijen,1,Apis,50.7726834342357,2.79682701453827,30,GSM,2020,POINT (39129.905243323534 163638.57650969923),,,Apis,
92,92,2020-04-09,p1,Kemmelberg,sinus,V,Bijen,1,Apis,50.7727057300981,2.79654286802075,5,GSM,2020,POINT (39109.91945910867 163641.48024451546),,,Apis,
93,93,2020-04-09,p1,Kemmelberg,sinus,V,Bijen,1,Andrena,50.7727833465215,2.79698199592791,30,GSM,2020,POINT (39141.069817888565 163649.4568175841),,,Other bees,
94,94,2020-04-09,p1,Kemmelberg,sinus,V,Bijen,1,Apis,50.7728493120994,2.79704335145913,30,GSM,2020,POINT (39145.55190184504 163656.70152655896),,,Apis,
95,95,2020-04-09,p1,Kemmelberg,sinus,V,Bijen,1,Nomada,50.7730462449144,2.79762782156728,50,GSM,2020,POINT (39187.23242378609 163677.73110110126),,,Other bees,
96,96,2020-04-09,p1,Kemmelberg,sinus,V,Bijen,1,Apis,50.7730462449144,2.79762782156728,50,GSM,2020,POINT (39187.23242378609 163677.73110110126),,,Apis,
104,104,2020-04-09,p1,Palingbeek,blok,V,Bijen,1,Apis,50.8228818979588,2.91213048622283,30,GSM,2020,POINT (47370.82772249484 169055.76445299853),,,Apis,
105,105,2020-04-09,p1,Palingbeek,blok,V,Bijen,1,Apis,50.8230594266679,2.91323597543213,30,GSM,2020,POINT (47449.094102846066 169073.98227239773),,,Apis,
106,106,2020-04-09,p1,Palingbeek,blok,V,Bijen,1,Apis,50.8225040417638,2.91154702194306,5,GSM,2020,POINT (47328.899397276604 169014.54605173413),,,Apis,
107,107,2020-04-09,p1,Palingbeek,blok,V,Bijen,1,Bombus,50.8225040417638,2.91154702194306,5,GSM,2020,POINT (47328.899397276604 169014.54605173413),,,Bombus,
108,108,2020-04-09,p1,Palingbeek,blok,V,Dagvlinders,1,Pieris,50.8227546187591,2.91141282767329,10,GSM,2020,POINT (47319.99240437495 169042.60034893174),,,Butterflies,
109,109,2020-04-09,p1,Palingbeek,blok,V,Bijen,1,Bombus,50.8227117872339,2.91204163804922,10,GSM,2020,POINT (47364.197504593016 169036.9677242376),,,Bombus,
110,110,2020-04-09,p1,Palingbeek,blok,V,Bijen,1,Apis,50.8228847897154,2.9121496807811,50,GSM,2020,POINT (47372.18624702665 169056.0595525261),,,Apis,
117,117,2020-04-09,p1,Palingbeek,sinus,V,Dagvlinders,1,Aglais,50.820773597854,2.91432964615795,100,GSM,2020,POINT (47521.16270722226 168818.2462546723),,,Butterflies,
118,118,2020-04-09,p1,Palingbeek,sinus,V,Dagvlinders,1,Gonepteryx,50.821351069073,2.9140369500992,10,GSM,2020,POINT (47501.799783994255 168882.87562175188),,,Butterflies,
119,119,2020-04-09,p1,Palingbeek,sinus,V,Bijen,1,Apis,50.8218963956934,2.91430374607715,30,GSM,2020,POINT (47521.78325616477 168943.1580269225),,,Apis,
120,120,2020-04-09,p1,Palingbeek,sinus,V,Bijen,1,Apis,50.8215234429117,2.91362087242577,50,GSM,2020,POINT (47472.86256658811 168902.62097293045),,,Apis,
121,121,2020-04-09,p1,Palingbeek,sinus,V,Bijen,1,Apis,50.8214444853839,2.91364308446917,10,GSM,2020,POINT (47474.25537299512 168893.80876987334),,,Apis,
122,122,2020-04-09,p1,Palingbeek,sinus,V,Bijen,1,Apis,50.8213602891665,2.91378892958436,30,GSM,2020,POINT (47484.34675411726 168884.24330678303),,,Apis,
123,123,2020-04-09,p1,Palingbeek,sinus,V,Bijen,1,Andrena,50.8214328345385,2.91366789490256,10,GSM,2020,POINT (47475.977887154004 168892.47873748187),,,Other bees,
124,124,2020-04-09,p1,Palingbeek,sinus,V,Bijen,1,Apis,50.8211845625665,2.91351559572193,30,GSM,2020,POINT (47464.70740352073 168865.07647456508),,,Apis,
125,125,2020-04-09,p1,Palingbeek,sinus,V,Bijen,1,Andrena,50.821045842069,2.9145583882955,50,GSM,2020,POINT (47537.87064880841 168848.20935742185),,,Other bees,
126,126,2020-04-09,p1,Palingbeek,sinus,V,Dagvlinders,1,Aglais,50.8203244116631,2.91517931968245,30,GSM,2020,POINT (47580.04554699297 168767.11659400538),,,Butterflies,
127,127,2020-04-09,p1,Palingbeek,sinus,V,Bijen,1,Bombus,50.8214991353925,2.91517512873087,50,GSM,2020,POINT (47582.30707753153 168897.77355651092),,,Bombus,
128,128,2020-04-09,p1,Palingbeek,sinus,V,Bijen,1,Apis,50.8211638173562,2.91517554782602,50,GSM,2020,POINT (47581.60678192544 168860.47935600206),,,Apis,
129,129,2020-04-09,p1,Palingbeek,sinus,V,Dagvlinders,1,Celastrina,50.8203162393075,2.91485720314357,30,GSM,2020,POINT (47557.33405118089 168766.65183047391),,,Butterflies,
130,130,2020-04-09,p1,Palingbeek,sinus,V,Bijen,1,Apis,50.8210698981311,2.91411590762708,50,GSM,2020,POINT (47506.749948971774 168851.49523629528),,,Apis,
131,131,2020-04-09,p1,Palingbeek,sinus,V,Dagvlinders,1,Pieris,50.8212006977301,2.91299122385952,100,GSM,2020,POINT (47427.80030170307 168867.59490654524),,,Butterflies,
132,132,2020-04-09,p1,Palingbeek,sinus,V,Bijen,1,Lasioglossum,50.821928540292,2.91365833953294,30,GSM,2020,POINT (47476.38474178793 168947.62363784853),,,Other bees,
135,135,2020-04-09,p1,Kemmelberg,blok,V,Bijen,1,Andrena,50.7787835319068,2.79646248556934,100,GSM,2020,POINT (39118.55972043137 164317.5350948358),,,Other bees,
138,138,2020-04-09,p1,Kemmelberg,sinus,V,Bijen,1,Andrena,50.7727526268463,2.79793719761334,10,GSM,2020,POINT (39208.35913155263 163644.6152940588),,,Other bees,
139,139,2020-04-09,p1,Kemmelberg,sinus,V,Bijen,1,Andrena,50.7727535488557,2.79620935209356,10,GSM,2020,POINT (39086.5122212056 163647.29626128078),,,Other bees,
140,140,2020-04-09,p1,Kemmelberg,sinus,V,Bijen,1,Andrena,50.7726691212669,2.79674019795118,65,GSM,2020,POINT (39123.749167109985 163637.1142911669),,,Other bees,
142,142,2020-04-09,p1,Palingbeek,blok,V,Bijen,1,Andrena,50.8230659645524,2.91313765570793,30,GSM,2020,POINT (47442.18195261095 169074.84513948858),,,Other bees,
144,144,2020-04-09,p1,Palingbeek,sinus,V,Bijen,1,Andrena,50.8209507493776,2.91409277357432,50,GSM,2020,POINT (47504.860617572616 168838.27559475135),,,Other bees,
147,147,2020-04-09,p1,Kemmelberg,blok,V,Bijen,1,Andrena,50.7782504428651,2.79693153687082,100,GSM,2020,POINT (39150.378689853955 164257.54820449557),,,Other bees,
157,157,2020-04-09,p1,Palingbeek,blok,V,Bijen,1,Andrena,50.8228487894412,2.91270665824685,10,GSM,2020,POINT (47411.34568684324 169051.28632868547),,,Other bees,
158,158,2020-04-09,p1,Palingbeek,blok,V,Bijen,1,Andrena,50.8228487894412,2.91270665824685,10,GSM,2020,POINT (47411.34568684324 169051.28632868547),,,Other bees,
162,162,2020-04-09,p1,Palingbeek,sinus,V,Bijen,1,Lasioglossum,50.8213382028517,2.91378272697601,50,GSM,2020,POINT (47483.8616616551 168881.79545694683),,,Other bees,
164,164,2020-04-09,p1,Kemmelberg,blok,V,Bijen,1,Andrena,50.7784318272497,2.79685308225713,100,GSM,2020,POINT (39145.273577994216 164277.83772544563),,,Other bees,
167,167,2020-04-09,p1,Kemmelberg,sinus,V,Bijen,1,Nomada,50.7732601091739,2.79699498787783,30,GSM,2020,POINT (39143.10807630583 163702.45994076505),,,Other bees,
169,169,2020-04-09,p1,Palingbeek,blok,V,Bijen,1,Andrena,50.8229409065571,2.911232365298,50,GSM,2020,POINT (47307.6857227234 169063.56846793275),,,Other bees,
171,171,2020-04-09,p1,Palingbeek,sinus,V,Bijen,1,Nomada,50.8206873061609,2.91443224065277,50,GSM,2020,POINT (47528.202698297406 168808.50748718157),,,Other bees,
173,173,2020-04-09,p1,Kemmelberg,blok,V,Bijen,1,Andrena,50.7783576054971,2.79671276919804,10,GSM,2020,POINT (39135.205068742376 164269.79264282808),,,Other bees,
176,176,2020-04-09,p1,Kemmelberg,sinus,V,Bijen,1,Nomada,50.7731239870663,2.79727519490085,100,GSM,2020,POINT (39162.54798756575 163686.90317726415),,,Other bees,
177,177,2020-04-09,p1,Palingbeek,blok,V,Bijen,1,Andrena,50.8224453684416,2.91265041567656,50,GSM,2020,POINT (47406.50393565738 169006.49607109465),,,Other bees,
178,178,2020-04-09,p1,Palingbeek,blok,V,Bijen,1,Andrena,50.8224453684416,2.91265041567656,50,GSM,2020,POINT (47406.50393565738 169006.49607109465),,,Other bees,
180,180,2020-04-09,p1,Kemmelberg,blok,V,Bijen,1,Andrena,50.7776603987913,2.79664185829721,100,GSM,2020,POINT (39128.563730064314 164192.35948633682),,,Other bees,
184,184,2020-04-09,p1,Kemmelberg,sinus,V,Bijen,1,Andrena,50.7734460616957,2.7970895357456,30,GSM,2020,POINT (39150.2132085465 163722.99930755887),,,Other bees,
185,185,2020-04-09,p1,Palingbeek,blok,V,Bijen,1,Andrena,50.8224629704382,2.91235067881915,30,GSM,2020,POINT (47385.42627233172 169008.86773413047),,,Other bees,
186,186,2020-04-09,p1,Kemmelberg,blok,V,Bijen,1,Andrena,50.7779238000985,2.79646659270189,50,GSM,2020,POINT (39116.82526840961 164221.9149410855),,,Other bees,
189,189,2020-04-09,p1,Kemmelberg,sinus,V,Bijen,1,Andrena,50.7728871563922,2.79687177390121,50,GSM,2020,POINT (39133.54121030503 163661.16638782807),,,Other bees,
190,190,2020-04-09,p1,Kemmelberg,sinus,V,Bijen,1,Andrena,50.7728806604173,2.79668854549788,50,GSM,2020,POINT (39120.60454002292 163660.7174249636),,,Other bees,
191,191,2020-04-09,p1,Kemmelberg,sinus,V,Bijen,1,Andrena,50.7727566501599,2.79705550521873,100,GSM,2020,POINT (39146.19092263395 163646.37811798323),,,Other bees,
192,192,2020-04-09,p1,Kemmelberg,sinus,V,Bijen,1,Andrena,50.7729787705939,2.79644329101108,10,GSM,2020,POINT (39103.540024629634 163671.99471848272),,,Other bees,
193,193,2020-04-10,p1,Waarmaarde,blok,V,Dagvlinders,1,Pieris,50.79342127,3.49252255,3,GPS,2020,POINT (88222.34183244444 165136.78378457576),,,Butterflies,
194,194,2020-04-10,p1,Waarmaarde,blok,V,Bijen,1,Andrena,50.7935584,3.49250218,3,GPS,2020,POINT (88221.08560316236 165152.05388199538),,,Other bees,
195,195,2020-04-10,p1,Waarmaarde,blok,V,Bijen,1,Andrena,50.79348866,3.49235902,3,GPS,2020,POINT (88210.90125438714 165144.41563231498),,,Other bees,
196,196,2020-04-10,p1,Waarmaarde,blok,V,Bijen,1,Andrena,50.79344189,3.49223706,3,GPS,2020,POINT (88202.24163018403 165139.31475720834),,,Other bees,
197,197,2020-04-10,p1,Waarmaarde,blok,V,Bijen,1,Lasioglossum,50.79345002,3.4922068,3,GPS,2020,POINT (88200.11894623603 165140.2442337973),,,Other bees,
198,198,2020-04-10,p1,Waarmaarde,blok,V,Bijen,1,Andrena,50.79344608,3.49221309,3,GPS,2020,POINT (88200.55722589945 165139.800751023),,,Other bees,
204,204,2020-04-10,p1,Waarmaarde,blok,V,Bijen,1,Andrena,50.79352353,3.4925839,3,GPS,2020,POINT (88226.80117323197 165148.10730655026),,,Other bees,
205,205,2020-04-10,p1,Waarmaarde,sinus,V,Dagvlinders,1,Gonepteryx,50.79399434,3.49384781,3,GPS,2020,POINT (88316.52419023798 165199.4262603242),,,Butterflies,
206,206,2020-04-10,p1,Waarmaarde,sinus,V,Bijen,1,Andrena,50.79412946,3.49363902,3,GPS,2020,POINT (88301.98152034116 165214.6291864626),,,Other bees,
207,207,2020-04-10,p1,Waarmaarde,sinus,V,Bijen,1,Andrena,50.79411839,3.49373901,3,GPS,2020,POINT (88309.01628528567 165213.3148395326),,,Other bees,
208,208,2020-04-10,p1,Waarmaarde,sinus,V,Bijen,1,Andrena,50.79405662,3.49387044,3,GPS,2020,POINT (88318.2011669013 165206.33497018088),,,Other bees,
209,209,2020-04-10,p1,Waarmaarde,sinus,V,Bijen,1,Andrena,50.79406709,3.49396767,3,GPS,2020,POINT (88325.0695736703 165207.418861161),,,Other bees,
210,210,2020-04-10,p1,Waarmaarde,sinus,V,Bijen,1,Lasioglossum,50.79415737,3.49394437,3,GPS,2020,POINT (88323.54515206003 165217.48017486464),,,Other bees,
211,211,2020-04-10,p1,Waarmaarde,sinus,V,Bijen,1,Nomada,50.79414404,3.49393842,3,GPS,2020,POINT (88323.1082230534 165216.00239808578),,,Other bees,
219,219,2020-04-10,p1,Waarmaarde,sinus,V,Bijen,1,Andrena,50.79401672,3.49427571,3,GPS,2020,POINT (88346.72039516736 165201.56051465217),,,Other bees,
220,220,2020-04-10,p1,Waarmaarde,sinus,V,Dagvlinders,1,Gonepteryx,50.7940655,3.49360893,3,GPS,2020,POINT (88299.77639534046 165207.5398069229),,,Butterflies,
221,221,2020-04-10,p1,Waarmaarde,sinus,V,Bijen,1,Andrena,50.79405402,3.49392115,3,GPS,2020,POINT (88321.77280736546 165206.00367728062),,,Other bees,
227,227,2020-04-10,p1,Waarmaarde2,sinus,V,Dagvlinders,1,Anthocharis,50.78158393,3.4712414,3,GPS,2020,POINT (86706.103645058 163838.01349268015),,,Butterflies,
228,228,2020-04-10,p1,Waarmaarde2,sinus,V,Dagvlinders,1,Gonepteryx,50.78148376,3.47091844,3,GPS,2020,POINT (86683.19444639281 163827.14665381052),,,Butterflies,
229,229,2020-04-10,p1,Waarmaarde2,sinus,V,Bijen,1,Anthophora,50.78150203,3.47087176,3,GPS,2020,POINT (86679.9272046412 163829.21861432865),,,Other bees,
230,230,2020-04-10,p1,Waarmaarde2,sinus,V,Bijen,1,Osmia,50.78143481,3.47088391,3,GPS,2020,POINT (86680.69365477745 163821.7313353559),,,Other bees,
231,231,2020-04-10,p1,Waarmaarde2,sinus,V,Dagvlinders,1,Pieris,50.78133926,3.47087067,3,GPS,2020,POINT (86679.631563361 163811.11452702153),,,Butterflies,
232,232,2020-04-10,p1,Waarmaarde2,sinus,V,Bijen,1,Andrena,50.78142324,3.47101249,3,GPS,2020,POINT (86689.74536936115 163820.33483951166),,,Other bees,
233,233,2020-04-10,p1,Waarmaarde2,sinus,V,Bijen,1,Bombus,50.78142324,3.47101249,3,GPS,2020,POINT (86689.74536936115 163820.33483951166),,,Bombus,
234,234,2020-04-10,p1,Waarmaarde2,sinus,V,Bijen,1,Nomada,50.78142324,3.47101249,3,GPS,2020,POINT (86689.74536936115 163820.33483951166),,,Other bees,
235,235,2020-04-10,p1,Waarmaarde2,sinus,V,Bijen,1,Nomada,50.78142324,3.47101249,3,GPS,2020,POINT (86689.74536936115 163820.33483951166),,,Other bees,
236,236,2020-04-10,p1,Waarmaarde2,sinus,V,Bijen,1,Bombus,50.78149432,3.47146243,3,GPS,2020,POINT (86721.5699274033 163827.85786718596),,,Bombus,
237,237,2020-04-10,p1,Waarmaarde2,sinus,V,Dagvlinders,1,Pieris,50.78159608,3.47127635,3,GPS,2020,POINT (86708.5845806523 163839.33517662343),,,Butterflies,
248,248,2020-04-10,p1,Waarmaarde2,sinus,V,Bijen,1,Bombus,50.78134504,3.47076464,3,GPS,2020,POINT (86672.16224609684 163811.84779676702),,,Bombus,
250,250,2020-04-10,p1,Waarmaarde2,sinus,V,Dagvlinders,1,Pieris,50.78143992,3.471489,3,GPS,2020,POINT (86723.37053290129 163821.78429236077),,,Butterflies,
251,251,2020-04-10,p1,Waarmaarde2,sinus,V,Dagvlinders,1,Aglais,50.78158183,3.47130988,3,GPS,2020,POINT (86710.92991273903 163837.72158114612),,,Butterflies,
265,265,2020-04-10,p1,Waarmaarde2,blok,V,Bijen,1,Bombus,50.78065052,3.46916059,3,GPS,2020,POINT (86558.11164703444 163735.96414145362),,,Bombus,
266,266,2020-04-10,p1,Waarmaarde2,blok,V,Bijen,1,Apis,50.78069159,3.46927408,3,GPS,2020,POINT (86566.17021743851 163740.43549533281),,,Apis,
267,267,2020-04-10,p1,Waarmaarde2,blok,V,Bijen,1,Nomada,50.78066703,3.46919898,3,GPS,2020,POINT (86560.84112704845 163737.76778361946),,,Other bees,
268,268,2020-04-10,p1,Waarmaarde2,blok,V,Bijen,1,Andrena,50.78051976,3.46876245,3,GPS,2020,POINT (86529.85880489813 163721.75962042436),,,Other bees,
269,269,2020-04-10,p1,Waarmaarde2,blok,V,Bijen,1,Andrena,50.78050677,3.46869648,3,GPS,2020,POINT (86525.18911163238 163720.37108491268),,,Other bees,
270,270,2020-04-10,p1,Waarmaarde2,blok,V,Bijen,1,Andrena,50.78029454,3.46876857,3,GPS,2020,POINT (86529.98696273517 163696.70303674135),,,Other bees,
271,271,2020-04-10,p1,Waarmaarde2,blok,V,Bijen,1,Nomada,50.78022396,3.46886974,3,GPS,2020,POINT (86537.0264084732 163688.76597212348),,,Other bees,
272,272,2020-04-10,p1,Waarmaarde2,blok,V,Bijen,1,Andrena,50.78027316,3.46909555,3,GPS,2020,POINT (86553.01684532312 163694.0456892848),,,Other bees,
273,273,2020-04-10,p1,Waarmaarde2,blok,V,Bijen,1,Nomada,50.78027316,3.46909555,3,GPS,2020,POINT (86553.01684532312 163694.0456892848),,,Other bees,
274,274,2020-04-10,p1,Waarmaarde2,blok,V,Dagvlinders,1,Pieris,50.78018054,3.46889069,3,GPS,2020,POINT (86538.44531882153 163683.9184473995),,,Butterflies,
275,275,2020-04-10,p1,Waarmaarde2,blok,V,Dagvlinders,1,Gonepteryx,50.78049352,3.46875717,3,GPS,2020,POINT (86529.4511085533 163718.84543924127),,,Butterflies,
312,312,2020-04-23,p2,Kemmelberg,blok,V,Dagvlinders,1,Aglais,50.77806562,2.79731493,3,GPS,2020,POINT (39176.97783993243 164236.42130690068),,,Butterflies,
313,313,2020-04-23,p2,Kemmelberg,blok,V,Dagvlinders,1,Pieris,50.77797728,2.79718928,3,GPS,2020,POINT (39167.910016604365 164226.7841428183),,,Butterflies,
314,314,2020-04-23,p2,Kemmelberg,blok,V,Dagvlinders,1,Pieris,50.77816771,2.79731099,3,GPS,2020,POINT (39176.940239007745 164247.78100164142),,,Butterflies,
315,315,2020-04-23,p2,Kemmelberg,blok,V,Bijen,1,Sphecodes,50.77844272,2.79713832,3,GPS,2020,POINT (39165.41198418324 164278.62352574244),,,Other bees,
316,316,2020-04-23,p2,Kemmelberg,blok,V,Bijen,1,Nomada,50.7784216,2.79714762,3,GPS,2020,POINT (39166.018047608755 164276.26081433054),,,Other bees,
317,317,2020-04-23,p2,Kemmelberg,blok,V,Dagvlinders,1,Pieris,50.77846427,2.79712725,3,GPS,2020,POINT (39164.68212655414 164281.03670009226),,,Butterflies,
318,318,2020-04-23,p2,Kemmelberg,blok,V,Bijen,1,Halictus,50.77828422,2.79691058,3,GPS,2020,POINT (39148.98046531288 164261.3359605698),,,Other bees,
319,319,2020-04-23,p2,Kemmelberg,blok,V,Dagvlinders,1,Anthocharis,50.77766203,2.79684361,3,GPS,2020,POINT (39142.793780427426 164192.23979748413),,,Butterflies,
320,320,2020-04-23,p2,Kemmelberg,blok,V,Bijen,1,Apis,50.77765139,2.79684872,3,GPS,2020,POINT (39143.12906072225 164191.04885711148),,,Apis,
326,326,2020-04-23,p2,Kemmelberg,blok,V,Bijen,1,Apis,50.77759028,2.79634363,3,GPS,2020,POINT (39107.369529504256 164185.00647009257),,,Apis,
327,327,2020-04-23,p2,Kemmelberg,blok,V,Bijen,1,Apis,50.77764259,2.79602889,3,GPS,2020,POINT (39085.2992799451 164191.29395771306),,,Apis,
328,328,2020-04-23,p2,Kemmelberg,blok,V,Bijen,1,Apis,50.77769598,2.7961521,3,GPS,2020,POINT (39094.11296559844 164197.0477002291),,,Apis,
329,329,2020-04-23,p2,Kemmelberg,blok,V,Dagvlinders,1,Anthocharis,50.77733187,2.79623249,3,GPS,2020,POINT (39098.92419160476 164156.4336437015),,,Butterflies,
330,330,2020-04-23,p2,Kemmelberg,blok,V,Bijen,1,Apis,50.77706113,2.79600106,3,GPS,2020,POINT (39081.96756264451 164126.66917285975),,,Apis,
331,331,2020-04-23,p2,Kemmelberg,blok,V,Dagvlinders,1,Anthocharis,50.77692577,2.79589226,3,GPS,2020,POINT (39073.97680982741 164111.77774495352),,,Butterflies,
332,332,2020-04-23,p2,Kemmelberg,blok,V,Bijen,1,Halictus,50.77712601,2.79572756,3,GPS,2020,POINT (39062.83470797281 164134.2931338735),,,Other bees,
333,333,2020-04-23,p2,Kemmelberg,blok,V,Bijen,1,Lasioglossum,50.77720983,2.79543319,3,GPS,2020,POINT (39042.27489733933 164144.05472586583),,,Other bees,
334,334,2020-04-23,p2,Kemmelberg,blok,V,Bijen,1,Apis,50.77721159,2.79540536,3,GPS,2020,POINT (39040.31663599849 164144.29203190096),,,Apis,
335,335,2020-04-23,p2,Kemmelberg,blok,V,Bijen,1,Apis,50.77723305,2.7953948,3,GPS,2020,POINT (39039.62256441031 164146.69445192255),,,Apis,
336,336,2020-04-23,p2,Kemmelberg,blok,V,Bijen,1,Apis,50.77715015,2.79539941,3,GPS,2020,POINT (39039.75233166132 164137.46794912498),,,Apis,
337,337,2020-04-23,p2,Kemmelberg,blok,V,Dagvlinders,1,Gonepteryx,50.77701554,2.7952938,3,GPS,2020,POINT (39031.98818064586 164122.65523025952),,,Butterflies,
341,341,2020-04-23,p2,Kemmelberg,blok,V,Bijen,1,Andrena,50.77710464,2.79574575,3,GPS,2020,POINT (39064.067027915706 164131.88933154568),,,Other bees,
342,342,2020-04-23,p2,Kemmelberg,blok,V,Dagvlinders,1,Pieris,50.77689341,2.79579185,3,GPS,2020,POINT (39066.82022715837 164108.32881292887),,,Butterflies,
343,343,2020-04-23,p2,Kemmelberg,blok,V,Bijen,1,Apis,50.77709617,2.79551324,3,GPS,2020,POINT (39047.6518017339 164131.29460785445),,,Apis,
348,348,2020-04-23,p2,Kemmelberg,sinus,V,Bijen,1,Nomada,50.77328861,2.79766655,3,GPS,2020,POINT (39190.533728015376 163704.62763942406),,,Other bees,
349,349,2020-04-23,p2,Kemmelberg,sinus,V,Dagvlinders,1,Pieris,50.77336949,2.79775774,3,GPS,2020,POINT (39197.15470735212 163713.48657757696),,,Butterflies,
350,350,2020-04-23,p2,Kemmelberg,sinus,V,Dagvlinders,1,Pieris,50.77326732,2.79793384,3,GPS,2020,POINT (39209.3329512209 163701.86121803708),,,Butterflies,
351,351,2020-04-23,p2,Kemmelberg,sinus,V,Bijen,1,Andrena,50.77308032,2.7979838,3,GPS,2020,POINT (39212.41630804536 163680.9897485543),,,Other bees,
352,352,2020-04-23,p2,Kemmelberg,sinus,V,Bijen,1,Nomada,50.77277279,2.79799813,3,GPS,2020,POINT (39212.70355794675 163646.76683599688),,,Other bees,
353,353,2020-04-23,p2,Kemmelberg,sinus,V,Bijen,1,Andrena,50.77279299,2.79793502,3,GPS,2020,POINT (39208.300501876816 163649.1074762009),,,Other bees,
354,354,2020-04-23,p2,Kemmelberg,sinus,V,Bijen,1,Apis,50.77311577,2.79767007,3,GPS,2020,POINT (39190.37535606703 163685.4002178656),,,Apis,
355,355,2020-04-23,p2,Kemmelberg,sinus,V,Bijen,1,Nomada,50.77328861,2.7979346,3,GPS,2020,POINT (39209.43662231136 163704.22782380227),,,Other bees,
356,356,2020-04-23,p2,Kemmelberg,sinus,V,Bijen,1,Nomada,50.77327754,2.79746857,3,GPS,2020,POINT (39176.546127932364 163703.69184918888),,,Other bees,
357,357,2020-04-23,p2,Kemmelberg,sinus,V,Dagvlinders,1,Pieris,50.77322784,2.79731954,3,GPS,2020,POINT (39165.9195821716 163698.3868766781),,,Butterflies,
360,360,2020-04-23,p2,Kemmelberg,sinus,V,Bijen,1,Bombus,50.77328291,2.79760896,3,GPS,2020,POINT (39186.4590699698 163704.07962998282),,,Bombus,
368,368,2020-04-23,p2,Kemmelberg,sinus,V,Bijen,1,Colletes,50.77286038,2.79764442,3,GPS,2020,POINT (39187.96570134834 163657.0356227802),,,Other bees,
369,369,2020-04-23,p2,Kemmelberg,sinus,V,Dagvlinders,1,Anthocharis,50.77283121,2.79775741,3,GPS,2020,POINT (39195.86521390428 163653.62297538854),,,Butterflies,
370,370,2020-04-23,p2,Kemmelberg,sinus,V,Bijen,1,Apis,50.77277555,2.79769647,3,GPS,2020,POINT (39191.436744798775 163647.52372456342),,,Apis,
371,371,2020-04-23,p2,Kemmelberg,sinus,V,Bijen,1,Andrena,50.77283037,2.79754266,3,GPS,2020,POINT (39180.718914541736 163653.8499046173),,,Other bees,
378,378,2020-04-23,p2,Kemmelberg,sinus,V,Bijen,1,Apis,50.77287924,2.79664999,3,GPS,2020,POINT (39117.882238766106 163660.61700539198),,,Apis,
379,379,2020-04-23,p2,Kemmelberg,sinus,V,Bijen,1,Andrena,50.77289742,2.79664613,3,GPS,2020,POINT (39117.652825113546 163662.6446309071),,,Other bees,
380,380,2020-04-23,p2,Kemmelberg,sinus,V,Bijen,1,Apis,50.77290765,2.7965261,3,GPS,2020,POINT (39109.2123217863 163663.9615195049),,,Apis,
381,381,2020-04-23,p2,Kemmelberg,sinus,V,Bijen,1,Andrena,50.77297278,2.79652686,3,GPS,2020,POINT (39109.419245884594 163671.20372848865),,,Other bees,
382,382,2020-04-23,p2,Kemmelberg,sinus,V,Bijen,1,Bombus,50.77295828,2.79656701,3,GPS,2020,POINT (39112.216508210375 163669.53119608853),,,Bombus,
383,383,2020-04-23,p2,Kemmelberg,sinus,V,Bijen,1,Nomada,50.77297873,2.79618186,3,GPS,2020,POINT (39085.10369254742 163672.3805188462),,,Other bees,
384,384,2020-04-23,p2,Kemmelberg,sinus,V,Bijen,1,Nomada,50.77288083,2.79633944,3,GPS,2020,POINT (39095.98580450291 163661.25743162166),,,Other bees,
385,385,2020-04-23,p2,Kemmelberg,sinus,V,Bijen,1,Apis,50.77268075,2.79653004,3,GPS,2020,POINT (39108.95600801526 163638.72126692627),,,Apis,
386,386,2020-04-23,p2,Kemmelberg,sinus,V,Bijen,1,Apis,50.77275435,2.79646617,3,GPS,2020,POINT (39104.62511229966 163647.0019361265),,,Apis,
391,391,2020-04-23,p2,Kemmelberg,sinus,V,Dagvlinders,1,Pieris,50.773055,2.79697672,3,GPS,2020,POINT (39141.337096517804 163679.67626346648),,,Butterflies,
392,392,2020-04-23,p2,Kemmelberg,sinus,V,Bijen,1,Nomada,50.77299742,2.79680514,3,GPS,2020,POINT (39129.101682387365 163673.5286554573),,,Other bees,
393,393,2020-04-23,p2,Kemmelberg,sinus,V,Bijen,1,Bombus,50.77304805,2.79707696,3,GPS,2020,POINT (39148.38970203363 163678.75373913161),,,Bombus,
394,394,2020-04-23,p2,Kemmelberg,sinus,V,Bijen,1,Bombus,50.77296473,2.79730294,3,GPS,2020,POINT (39164.12984293053 163669.1502195457),,,Bombus,
400,400,2020-04-24,p2,Muziekbos,blok,V,Bijen,1,Lasioglossum,50.7694222,3.65602364,3,GPS,2020,POINT (99723.83080921351 162344.04329951387),,,Other bees,
405,405,2020-04-24,p2,Muziekbos,blok,V,Bijen,1,Apis,50.76925674,3.65610871,3,GPS,2020,POINT (99729.65503035177 162325.58108947892),,,Apis,
406,406,2020-04-24,p2,Muziekbos,blok,V,Bijen,1,Andrena,50.76930226,3.65608818,3,GPS,2020,POINT (99728.25542506899 162330.65831697173),,,Other bees,
407,407,2020-04-24,p2,Muziekbos,blok,V,Bijen,1,Sphecodes,50.76929379,3.65612254,3,GPS,2020,POINT (99730.67009546774 162329.69293032028),,,Other bees,
408,408,2020-04-24,p2,Muziekbos,blok,V,Bijen,1,Nomada,50.76949211,3.65605096,3,GPS,2020,POINT (99725.83248812624 162351.80114181712),,,Other bees,
409,409,2020-04-24,p2,Muziekbos,blok,V,Bijen,1,Nomada,50.76949387,3.65605658,3,GPS,2020,POINT (99726.23079043909 162351.99311099388),,,Other bees,
410,410,2020-04-24,p2,Muziekbos,blok,V,Bijen,1,Bombus,50.76931064,3.655784,3,GPS,2020,POINT (99706.80795486731 162331.79624149296),,,Bombus,
411,411,2020-04-24,p2,Muziekbos,blok,V,Bijen,1,Bombus,50.76946696,3.65589648,3,GPS,2020,POINT (99714.90890618484 162349.10812900774),,,Bombus,
412,412,2020-04-24,p2,Muziekbos,blok,V,Dagvlinders,1,Pieris,50.76948825,3.65584301,3,GPS,2020,POINT (99711.15993987903 162351.51246442366),,,Butterflies,
413,413,2020-04-24,p2,Muziekbos,blok,V,Bijen,1,Bombus,50.76963041,3.65577922,3,GPS,2020,POINT (99706.812000238 162367.3685592981),,,Bombus,
414,414,2020-04-24,p2,Muziekbos,blok,V,Bijen,1,Bombus,50.76966142,3.65581007,3,GPS,2020,POINT (99709.02118756137 162370.79702997208),,,Bombus,
415,415,2020-04-24,p2,Muziekbos,blok,V,Bijen,1,Bombus,50.76966327,3.65581065,3,GPS,2020,POINT (99709.06407360735 162371.00241919607),,,Bombus,
416,416,2020-04-24,p2,Muziekbos,blok,V,Dagvlinders,1,Pieris,50.76926068,3.65616228,3,GPS,2020,POINT (99733.43798556754 162325.98311680555),,,Butterflies,
417,417,2020-04-24,p2,Muziekbos,blok,V,Bijen,1,Nomada,50.7692383,3.65613126,3,GPS,2020,POINT (99731.22600875053 162323.51469482202),,,Other bees,
426,426,2020-04-24,p2,Muziekbos,blok,V,Bijen,1,Apis,50.76929614,3.65640711,3,GPS,2020,POINT (99750.74575689348 162329.76189518534),,,Apis,
427,427,2020-04-24,p2,Muziekbos,blok,V,Bijen,1,Nomada,50.76933126,3.65651029,3,GPS,2020,POINT (99758.06136191516 162333.5986561561),,,Other bees,
442,442,2020-04-24,p2,Muziekbos,sinus,V,Dagvlinders,1,Pieris,50.76852408,3.65501253,3,GPS,2020,POINT (99651.54937890732 162244.8268937338),,,Butterflies,
443,443,2020-04-24,p2,Muziekbos,sinus,V,Dagvlinders,1,Pieris,50.76876758,3.65510532,3,GPS,2020,POINT (99658.35483645543 162271.84934827313),,,Butterflies,
444,444,2020-04-24,p2,Muziekbos,sinus,V,Dagvlinders,1,Gonepteryx,50.7681966,3.65510892,3,GPS,2020,POINT (99657.99892467895 162208.3349221917),,,Butterflies,
445,445,2020-04-24,p2,Muziekbos,sinus,V,Bijen,1,Apis,50.76853917,3.65535233,3,GPS,2020,POINT (99675.53487949926 162246.27526966576),,,Apis,
446,446,2020-04-24,p2,Muziekbos,sinus,V,Bijen,1,Apis,50.76831361,3.65530179,3,GPS,2020,POINT (99671.72895296887 162221.2197090257),,,Apis,
450,450,2020-04-24,p2,Muziekbos,sinus,V,Bijen,1,Bombus,50.76832728,3.65511026,3,GPS,2020,POINT (99658.23302519287 162222.86998094618),,,Bombus,
451,451,2020-04-24,p2,Muziekbos,sinus,V,Bijen,1,Bombus,50.76835116,3.6551054,3,GPS,2020,POINT (99657.9157067597 162225.52952383645),,,Bombus,
452,452,2020-04-24,p2,Muziekbos,sinus,V,Bijen,1,Bombus,50.7683266,3.65517723,3,GPS,2020,POINT (99662.95636213597 162222.74898323137),,,Bombus,
453,453,2020-04-24,p2,Muziekbos,sinus,V,Bijen,1,Bombus,50.76852324,3.65509207,3,GPS,2020,POINT (99657.15920903174 162244.67957828566),,,Bombus,
454,454,2020-04-24,p2,Muziekbos,sinus,V,Bijen,1,Chelestoma,50.76854361,3.65503114,3,GPS,2020,POINT (99652.88298453874 162246.9866732834),,,Other bees,
455,455,2020-04-24,p2,Muziekbos,sinus,V,Bijen,1,Sphecodes,50.76872894,3.6553318,3,GPS,2020,POINT (99674.28932650777 162267.3979149107),,,Other bees,
456,456,2020-04-24,p2,Muziekbos,sinus,V,Bijen,1,Bombus,50.76840875,3.65529517,3,GPS,2020,POINT (99671.36356884401 162231.8069275776),,,Bombus,
457,457,2020-04-24,p2,Muziekbos,sinus,V,Bijen,1,Bombus,50.76841529,3.6554188,3,GPS,2020,POINT (99680.09139525026 162232.4506833991),,,Bombus,
458,458,2020-04-24,p2,Muziekbos,sinus,V,Bijen,1,Bombus,50.76827472,3.65507238,3,GPS,2020,POINT (99655.504829112 162217.04921735264),,,Bombus,
459,459,2020-04-24,p2,Muziekbos,sinus,V,Bijen,1,Bombus,50.76828562,3.65492636,3,GPS,2020,POINT (99645.21621345531 162218.36058031954),,,Bombus,
460,460,2020-04-24,p2,Muziekbos,sinus,V,Bijen,1,Bombus,50.76829618,3.6550153,3,GPS,2020,POINT (99651.50132605244 162219.4749497464),,,Bombus,
461,461,2020-04-24,p2,Muziekbos,sinus,V,Bijen,1,Nomada,50.76848955,3.65514119,3,GPS,2020,POINT (99660.58813688849 162240.89885816537),,,Other bees,
464,464,2020-04-24,p2,Muziekbos,sinus,V,Bijen,1,Bombus,50.76864579,3.65517179,3,GPS,2020,POINT (99662.91351555954 162258.25722386967),,,Bombus,
478,478,2020-04-27,p2,Waarmaarde2,blok,V,Dagvlinders,1,Pieris,50.78032664,3.46930191,3,GPS,2020,POINT (86567.64139617467 163699.81812541),,,Butterflies,
479,479,2020-04-27,p2,Waarmaarde2,blok,V,Bijen,1,Lasioglossum,50.78026344,3.46896253,3,GPS,2020,POINT (86543.62315941375 163693.07811316662),,,Other bees,
480,480,2020-04-27,p2,Waarmaarde2,blok,V,Bijen,1,Lasioglossum,50.78052127,3.46883135,3,GPS,2020,POINT (86534.71965348076 163721.86873027775),,,Other bees,
481,481,2020-04-27,p2,Waarmaarde2,blok,V,Bijen,1,Lasioglossum,50.78054197,3.46898834,3,GPS,2020,POINT (86545.81843802158 163724.03713360708),,,Other bees,
482,482,2020-04-27,p2,Waarmaarde2,blok,V,Bijen,1,Andrena,50.78034525,3.46939076,3,GPS,2020,POINT (86573.93216153196 163701.81228524167),,,Other bees,
483,483,2020-04-27,p2,Waarmaarde2,blok,V,Bijen,1,Lasioglossum,50.78025824,3.46919345,3,GPS,2020,POINT (86559.90067937557 163692.30254289228),,,Other bees,
484,484,2020-04-27,p2,Waarmaarde2,blok,V,Bijen,1,Lasioglossum,50.78027568,3.46928322,3,GPS,2020,POINT (86566.2547599495 163694.16576821078),,,Other bees,
485,485,2020-04-27,p2,Waarmaarde2,blok,V,Bijen,1,Lasioglossum,50.78030962,3.46928749,3,GPS,2020,POINT (86566.60157972583 163697.93728997372),,,Other bees,
486,486,2020-04-27,p2,Waarmaarde2,blok,V,Bijen,1,Lasioglossum,50.78030845,3.46928565,3,GPS,2020,POINT (86566.4702473454 163697.8087208802),,,Other bees,
487,487,2020-04-27,p2,Waarmaarde2,blok,V,Bijen,1,Apis,50.78021399,3.46903679,3,GPS,2020,POINT (86548.79338795069 163687.51434741262),,,Apis,
488,488,2020-04-27,p2,Waarmaarde2,blok,V,Bijen,1,Lasioglossum,50.78008683,3.46896135,3,GPS,2020,POINT (86543.3020621506 163673.43468465935),,,Other bees,
489,489,2020-04-27,p2,Waarmaarde2,blok,V,Bijen,1,Lasioglossum,50.78020024,3.46888105,3,GPS,2020,POINT (86537.79204014386 163686.11792308278),,,Other bees,
490,490,2020-04-27,p2,Waarmaarde2,blok,V,Bijen,1,Lasioglossum,50.78038699,3.46868911,3,GPS,2020,POINT (86524.50799496988 163707.05417889915),,,Other bees,
491,491,2020-04-27,p2,Waarmaarde2,blok,V,Dagvlinders,1,Lycaena,50.78047123,3.46860847,3,GPS,2020,POINT (86518.93477311824 163716.49313186016),,,Butterflies,
492,492,2020-04-27,p2,Waarmaarde2,blok,V,Dagvlinders,1,Pieris,50.78037618,3.46949696,3,GPS,2020,POINT (86581.46302923516 163705.16200630087),,,Butterflies,
493,493,2020-04-27,p2,Waarmaarde2,sinus,V,Bijen,1,Osmia,50.78143749,3.47098927,3,GPS,2020,POINT (86688.12708102171 163821.93966010213),,,Other bees,
494,494,2020-04-27,p2,Waarmaarde2,blok,V,Dagvlinders,1,Pieris,50.78145141,3.47094552,3,GPS,2020,POINT (86685.06060677342 163823.52526756935),,,Butterflies,
495,495,2020-04-27,p2,Waarmaarde2,sinus,V,Bijen,1,Halictus,50.7813375,3.4707249,3,GPS,2020,POINT (86669.34970135117 163811.04298588075),,,Other bees,
496,496,2020-04-27,p2,Waarmaarde2,blok,V,Dagvlinders,1,Pieris,50.78147664,3.47065659,3,GPS,2020,POINT (86664.71963605077 163826.57784123998),,,Butterflies,
504,504,2020-04-27,p2,Waarmaarde2,sinus,V,Bijen,1,Halictus,50.78124312,3.47131642,3,GPS,2020,POINT (86710.93607409523 163800.0410681842),,,Other bees,
514,514,2020-04-27,p2,Waarmaarde2,blok,V,Dagvlinders,1,Gonepteryx,50.78157261,3.47131734,3,GPS,2020,POINT (86711.44359254418 163836.68968054838),,,Butterflies,
515,515,2020-04-27,p2,Waarmaarde2,sinus,V,Bijen,1,Andrena,50.78143565,3.47098483,3,GPS,2020,POINT (86687.81150629326 163821.73877861723),,,Other bees,
516,516,2020-04-27,p2,Waarmaarde2,blok,V,Dagvlinders,1,Pieris,50.78133741,3.47081828,3,GPS,2020,POINT (86675.93460728269 163810.9533945946),,,Butterflies,
517,517,2020-04-27,p2,Waarmaarde2,sinus,V,Bijen,1,Andrena,50.78127949,3.47094376,3,GPS,2020,POINT (86684.70543853426 163804.40399048198),,,Other bees,
518,518,2020-04-27,p2,Waarmaarde2,blok,V,Bijen,1,Apis,50.78110708,3.4711725,3,GPS,2020,POINT (86700.60422856294 163785.0318355374),,,Apis,
519,519,2020-04-27,p2,Waarmaarde2,blok,V,Bijen,1,Apis,50.78112359,3.47099975,3,GPS,2020,POINT (86688.44426769423 163787.01542432792),,,Apis,
520,520,2020-04-27,p2,Waarmaarde2,blok,V,Bijen,1,Bombus,50.78143381,3.47145866,3,GPS,2020,POINT (86721.2227960144 163821.13050903752),,,Bombus,
521,521,2020-04-27,p2,Waarmaarde2,sinus,V,Bijen,1,Halictus,50.78144923,3.47138749,3,GPS,2020,POINT (86716.22471076983 163822.90629462712),,,Other bees,
522,522,2020-04-27,p2,Waarmaarde2,blok,V,Dagvlinders,1,Pieris,50.78160077,3.47123008,3,GPS,2020,POINT (86705.32800389982 163839.8962594699),,,Butterflies,
523,523,2020-04-27,p2,Waarmaarde,sinus,V,Dagvlinders,1,Papilio,50.79405251,3.49384781,3,GPS,2020,POINT (88316.60037350764 165205.8965934487),,,Butterflies,
524,524,2020-04-27,p2,Waarmaarde,sinus,V,Dagvlinders,1,Pieris,50.79414169,3.49384253,3,GPS,2020,POINT (88316.34493120605 165215.82059669588),,,Butterflies,
525,525,2020-04-27,p2,Waarmaarde,sinus,V,Dagvlinders,1,Gonepteryx,50.79405494,3.49372518,3,GPS,2020,POINT (88307.95816427021 165206.26868593786),,,Butterflies,
526,526,2020-04-27,p2,Waarmaarde,sinus,V,Dagvlinders,1,Pieris,50.79401311,3.49379811,3,GPS,2020,POINT (88313.04492896624 165201.55533080362),,,Butterflies,
527,527,2020-04-27,p2,Waarmaarde,sinus,V,Bijen,1,Lasioglossum,50.79397397,3.4938059,3,GPS,2020,POINT (88313.5428601941 165197.19526544865),,,Other bees,
528,528,2020-04-27,p2,Waarmaarde,sinus,V,Bijen,1,Lasioglossum,50.79391002,3.49388503,3,GPS,2020,POINT (88319.03777025462 165190.01633001678),,,Other bees,
529,529,2020-04-27,p2,Waarmaarde,sinus,V,Bijen,1,Apis,50.79402133,3.49363684,3,GPS,2020,POINT (88301.68618264492 165202.60354061797),,,Apis,
530,530,2020-04-27,p2,Waarmaarde,sinus,V,Bijen,1,Apis,50.79399442,3.4938111,3,GPS,2020,POINT (88313.93624363266 165199.46563182212),,,Apis,
532,532,2020-04-27,p2,Waarmaarde,sinus,V,Bijen,1,Apis,50.79398001,3.49365779,3,GPS,2020,POINT (88303.10902753123 165197.99006328452),,,Apis,
533,533,2020-04-27,p2,Waarmaarde,sinus,V,Dagvlinders,1,Pieris,50.79395972,3.49365905,3,GPS,2020,POINT (88303.17127857218 165195.73213124275),,,Butterflies,
541,541,2020-04-27,p2,Waarmaarde,sinus,V,Bijen,1,Lasioglossum,50.7938832,3.49400883,3,GPS,2020,POINT (88327.73055508599 165186.9303499004),,,Other bees,
542,542,2020-04-27,p2,Waarmaarde,sinus,V,Bijen,1,Lasioglossum,50.79391957,3.49385351,3,GPS,2020,POINT (88316.8281165929 165191.10475389846),,,Other bees,
543,543,2020-04-27,p2,Waarmaarde,sinus,V,Bijen,1,Andrena,50.79396919,3.49385091,3,GPS,2020,POINT (88316.7098019511 165196.62621627003),,,Other bees,
544,544,2020-04-27,p2,Waarmaarde,sinus,V,Dagvlinders,1,Anthocharis,50.79407975,3.49370406,3,GPS,2020,POINT (88306.50170645124 165209.04587204196),,,Butterflies,
546,546,2020-04-27,p2,Waarmaarde,blok,V,Dagvlinders,1,Pieris,50.79349386,3.49222734,3,GPS,2020,POINT (88201.62455276083 165145.1035364624),,,Butterflies,
547,547,2020-04-27,p2,Waarmaarde,blok,V,Bijen,1,Bombus,50.79352655,3.49231116,3,GPS,2020,POINT (88207.57680410668 165148.66998708528),,,Bombus,
548,548,2020-04-27,p2,Waarmaarde,blok,V,Bijen,1,Apis,50.79342999,3.49217218,3,GPS,2020,POINT (88197.6519291694 165138.0450612111),,,Apis,
549,549,2020-04-27,p2,Waarmaarde,blok,V,Bijen,1,Apis,50.79353451,3.49232297,3,GPS,2020,POINT (88208.41985914181 165149.54556851368),,,Apis,
550,550,2020-04-27,p2,Waarmaarde,blok,V,Bijen,1,Lasioglossum,50.79349017,3.49221661,3,GPS,2020,POINT (88200.8632392828 165144.70201604348),,,Other bees,
556,556,2020-04-27,p2,Waarmaarde,blok,V,Dagvlinders,1,Papilio,50.79330585,3.49257292,3,GPS,2020,POINT (88225.74157294592 165123.90358210355),,,Butterflies,
557,557,2020-04-27,p2,Waarmaarde,blok,V,Bijen,1,Lasioglossum,50.7934952,3.49255222,3,GPS,2020,POINT (88224.53055664085 165144.98245658353),,,Other bees,
558,558,2020-04-27,p2,Waarmaarde,blok,V,Dagvlinders,1,Pieris,50.79347575,3.49224913,3,GPS,2020,POINT (88203.13700014348 165143.07101479732),,,Butterflies,
559,559,2020-04-27,p2,Waarmaarde,blok,V,Bijen,1,Apis,50.79347575,3.49224913,3,GPS,2020,POINT (88203.13700014348 165143.07101479732),,,Apis,
564,564,2020-05-07,p2,Palingbeek,sinus,V,Bijen,1,Bombus,50.82149503,2.91367452,3,GPS,2020,POINT (47476.58013481619 168899.38688752986),,,Bombus,
565,565,2020-05-07,p2,Palingbeek,sinus,V,Dagvlinders,1,Carcharodus,50.82157868,2.91370545,3,GPS,2020,POINT (47478.94140414242 168908.64763920568),,,Butterflies,
566,566,2020-05-07,p2,Palingbeek,sinus,V,Dagvlinders,1,Aglais,50.82150517,2.91372757,3,GPS,2020,POINT (47480.339602662716 168900.44143120106),,,Butterflies,
567,567,2020-05-07,p2,Palingbeek,sinus,V,Bijen,1,Lasioglossum,50.82152219,2.91368776,3,GPS,2020,POINT (47477.572068076886 168902.3893128084),,,Other bees,
568,568,2020-05-07,p2,Palingbeek,sinus,V,Bijen,1,Lasioglossum,50.82123217,2.91352591,3,GPS,2020,POINT (47465.53778525333 168870.35707067978),,,Other bees,
572,572,2020-05-07,p2,Palingbeek,sinus,V,Bijen,1,Bombus,50.82101667,2.91292408,3,GPS,2020,POINT (47422.66882596364 168847.22031410225),,,Bombus,
573,573,2020-05-07,p2,Palingbeek,sinus,V,Bijen,1,Apis,50.82102539,2.91298259,3,GPS,2020,POINT (47426.80990830425 168848.10934945568),,,Apis,
574,574,2020-05-07,p2,Palingbeek,sinus,V,Bijen,1,Lasioglossum,50.82090947,2.9134394,3,GPS,2020,POINT (47458.73991932864 168834.5862372024),,,Other bees,
575,575,2020-05-07,p2,Palingbeek,sinus,V,Bijen,1,Lasioglossum,50.8209704,2.91345893,3,GPS,2020,POINT (47460.24859720905 168841.33582844492),,,Other bees,
576,576,2020-05-07,p2,Palingbeek,sinus,V,Bijen,1,Andrena,50.82120753,2.91371282,3,GPS,2020,POINT (47478.65199773872 168867.35867763963),,,Other bees,
577,577,2020-05-07,p2,Palingbeek,sinus,V,Bijen,1,Halictus,50.8213175,2.91385112,3,GPS,2020,POINT (47488.634870158116 168879.39853379317),,,Other bees,
578,578,2020-05-07,p2,Palingbeek,sinus,V,Bijen,1,Apis,50.8214097,2.91383922,3,GPS,2020,POINT (47487.997369332516 168889.66931209806),,,Apis,
579,579,2020-05-07,p2,Palingbeek,sinus,V,Bijen,1,Lasioglossum,50.82129914,2.91405606,3,GPS,2020,POINT (47503.03297116014 168877.07377456594),,,Other bees,
580,580,2020-05-07,p2,Palingbeek,sinus,V,Bijen,1,Bombus,50.821217,2.91407266,3,GPS,2020,POINT (47504.02353358033 168867.9153729882),,,Bombus,
581,581,2020-05-07,p2,Palingbeek,sinus,V,Bijen,1,Lasioglossum,50.82118599,2.91397836,3,GPS,2020,POINT (47497.3125033477 168864.59659668524),,,Other bees,
582,582,2020-05-07,p2,Palingbeek,sinus,V,Bijen,1,Andrena,50.82118741,2.91380251,3,GPS,2020,POINT (47484.92687042612 168864.9971839143),,,Other bees,
583,583,2020-05-07,p2,Palingbeek,sinus,V,Bijen,1,Halictus,50.82116269,2.91388968,3,GPS,2020,POINT (47491.01419247626 168862.12756945472),,,Other bees,
584,584,2020-05-07,p2,Palingbeek,sinus,V,Dagvlinders,1,Pieris,50.82122278,2.91414114,3,GPS,2020,POINT (47508.8605724175 168868.46373468544),,,Butterflies,
585,585,2020-05-07,p2,Palingbeek,sinus,V,Bijen,1,Lasioglossum,50.82112748,2.9140885,3,GPS,2020,POINT (47504.94448301518 168857.93722694833),,,Other bees,
586,586,2020-05-07,p2,Palingbeek,sinus,V,Bijen,1,Lasioglossum,50.82101961,2.91423728,3,GPS,2020,POINT (47515.1911962958 168845.73480940145),,,Other bees,
587,587,2020-05-07,p2,Palingbeek,sinus,V,Bijen,1,Lasioglossum,50.82072381,2.91412747,3,GPS,2020,POINT (47506.810721107235 168812.98784071207),,,Other bees,
588,588,2020-05-07,p2,Palingbeek,sinus,V,Bijen,1,Lasioglossum,50.82103763,2.91418598,3,GPS,2020,POINT (47511.61631809005 168847.80974285863),,,Other bees,
589,589,2020-05-07,p2,Palingbeek,sinus,V,Dagvlinders,1,Pieris,50.82097912,2.91466132,3,GPS,2020,POINT (47544.97699318253 168840.6466535246),,,Butterflies,
590,590,2020-05-07,p2,Palingbeek,sinus,V,Bijen,1,Bombus,50.82095875,2.91467071,3,GPS,2020,POINT (47545.59417596919 168838.368179461),,,Bombus,
591,591,2020-05-07,p2,Palingbeek,sinus,V,Bijen,1,Lasioglossum,50.82094425,2.91463433,3,GPS,2020,POINT (47542.99960157607 168836.80568426847),,,Other bees,
592,592,2020-05-07,p2,Palingbeek,sinus,V,Dagvlinders,1,Pieris,50.82077678,2.9138217,3,GPS,2020,POINT (47485.3842458342 168819.30100426916),,,Butterflies,
606,606,2020-05-07,p2,Palingbeek,sinus,V,Bijen,1,Lasioglossum,50.82057235,2.91446719,3,GPS,2020,POINT (47530.41460053879 168795.674012959),,,Other bees,
607,607,2020-05-07,p2,Palingbeek,sinus,V,Dagvlinders,1,Lycaena,50.82056849,2.91472754,3,GPS,2020,POINT (47548.74823600234 168794.88562000077),,,Butterflies,
608,608,2020-05-07,p2,Palingbeek,sinus,V,Bijen,1,Apis,50.82069347,2.91510606,3,GPS,2020,POINT (47575.68756198595 168808.26376430318),,,Apis,
609,609,2020-05-07,p2,Palingbeek,sinus,V,Dagvlinders,1,Aglais,50.82032785,2.91485611,3,GPS,2020,POINT (47557.28231345069 168767.94466313906),,,Butterflies,
610,610,2020-05-07,p2,Palingbeek,sinus,V,Bijen,1,Lasioglossum,50.82042575,2.91501964,3,GPS,2020,POINT (47569.016405231174 168778.60746878758),,,Other bees,
611,611,2020-05-07,p2,Palingbeek,blok,V,Bijen,1,Apis,50.82245534,2.91204683,3,GPS,2020,POINT (47364.00390794655 169008.43884712923),,,Apis,
612,612,2020-05-07,p2,Palingbeek,blok,V,Bijen,1,Bombus,50.82250966,2.91203124,3,GPS,2020,POINT (47363.02409783505 169014.50178117864),,,Bombus,
613,613,2020-05-07,p2,Palingbeek,blok,V,Bijen,1,Bombus,50.8225379,2.91204298,3,GPS,2020,POINT (47363.91276041359 169017.62637424842),,,Bombus,
614,614,2020-05-07,p2,Palingbeek,blok,V,Bijen,1,Bombus,50.82240673,2.91254288,3,GPS,2020,POINT (47398.84394611999 169002.34727445804),,,Bombus,
615,615,2020-05-07,p2,Palingbeek,blok,V,Bijen,1,Bombus,50.82245149,2.91249795,3,GPS,2020,POINT (47395.776286752734 169007.38747569453),,,Bombus,
616,616,2020-05-07,p2,Palingbeek,blok,V,Bijen,1,Bombus,50.82248216,2.91253986,3,GPS,2020,POINT (47398.79566260456 169010.74066575617),,,Bombus,
617,617,2020-05-07,p2,Palingbeek,blok,V,Dagvlinders,1,Lycaena,50.82250102,2.91254246,3,GPS,2020,POINT (47399.0199521342 169012.83465789445),,,Butterflies,
618,618,2020-05-07,p2,Palingbeek,blok,V,Bijen,1,Apis,50.82252148,2.91259308,3,GPS,2020,POINT (47402.63066765254 169015.04027835),,,Apis,
619,619,2020-05-07,p2,Palingbeek,blok,V,Bijen,1,Bombus,50.8225975,2.91275075,3,GPS,2020,POINT (47413.90401839935 169023.27737211064),,,Bombus,
620,620,2020-05-07,p2,Palingbeek,blok,V,Bijen,1,Bombus,50.82263891,2.91275594,3,GPS,2020,POINT (47414.35992471257 169027.87576838024),,,Bombus,
621,621,2020-05-07,p2,Palingbeek,blok,V,Bijen,1,Bombus,50.82269431,2.9129074,3,GPS,2020,POINT (47425.15079660776 169033.82813415583),,,Bombus,
622,622,2020-05-07,p2,Palingbeek,blok,V,Dagvlinders,1,Pieris,50.82287293,2.91287639,3,GPS,2020,POINT (47423.35557851856 169053.73682590947),,,Butterflies,
623,623,2020-05-07,p2,Palingbeek,blok,V,Dagvlinders,1,Pieris,50.82280328,2.91314034,3,GPS,2020,POINT (47441.79851994058 169045.62601273786),,,Butterflies,
624,624,2020-05-07,p2,Palingbeek,blok,V,Bijen,1,Bombus,50.8222297,2.91212386,3,GPS,2020,POINT (47368.938425774715 168983.23705867026),,,Bombus,
625,625,2020-05-07,p2,Palingbeek,blok,V,Bijen,1,Lasioglossum,50.82223096,2.91215018,3,GPS,2020,POINT (47370.79538994009 168983.3408319503),,,Other bees,
626,626,2020-05-07,p2,Palingbeek,blok,V,Bijen,1,Nomada,50.82225217,2.91223325,3,GPS,2020,POINT (47376.69384031325 168985.58501819614),,,Other bees,
627,627,2020-05-07,p2,Palingbeek,blok,V,Dagvlinders,1,Gonepteryx,50.82239533,2.91212697,3,GPS,2020,POINT (47369.51877267282 169001.65389877558),,,Butterflies,
628,628,2020-05-07,p2,Palingbeek,blok,V,Bijen,1,Bombus,50.82246817,2.91215689,3,GPS,2020,POINT (47371.78546340426 169009.7137265131),,,Bombus,
629,629,2020-05-07,p2,Palingbeek,blok,V,Bijen,1,Bombus,50.82246968,2.91215488,3,GPS,2020,POINT (47371.64715510867 169009.8844434535),,,Bombus,
630,630,2020-05-07,p2,Palingbeek,blok,V,Bijen,1,Bombus,50.82256448,2.91215991,3,GPS,2020,POINT (47372.20827227621 169020.4210183993),,,Bombus,
631,631,2020-05-07,p2,Palingbeek,blok,V,Bijen,1,Bombus,50.82245098,2.91210308,3,GPS,2020,POINT (47367.957132035444 169007.87621940766),,,Bombus,
632,632,2020-05-07,p2,Palingbeek,blok,V,Bijen,1,Bombus,50.82240455,2.91203175,3,GPS,2020,POINT (47362.830759262695 169002.81088932697),,,Bombus,
633,633,2020-05-07,p2,Palingbeek,blok,V,Bijen,1,Apis,50.82232123,2.91196989,3,GPS,2020,POINT (47358.29105789038 168993.62962562125),,,Apis,
634,634,2020-05-07,p2,Palingbeek,blok,V,Bijen,1,Bombus,50.82249264,2.91165314,3,GPS,2020,POINT (47336.35038092894 169013.13130398933),,,Bombus,
635,635,2020-05-07,p2,Palingbeek,blok,V,Bijen,1,Bombus,50.82329546,2.91220861,3,GPS,2020,POINT (47377.23334095521 169101.65232762322),,,Bombus,
636,636,2020-05-07,p2,Palingbeek,blok,V,Bijen,1,Apis,50.82325439,2.9121646,3,GPS,2020,POINT (47374.04337911714 169097.14537664596),,,Apis,
637,637,2020-05-07,p2,Palingbeek,blok,V,Bijen,1,Bombus,50.82312942,2.91182815,3,GPS,2020,POINT (47350.068726676094 169083.71124016587),,,Bombus,
638,638,2020-05-07,p2,Palingbeek,blok,V,Bijen,1,Bombus,50.82311701,2.91181541,3,GPS,2020,POINT (47349.14415156246 169082.34862145688),,,Bombus,
639,639,2020-05-07,p2,Palingbeek,blok,V,Bijen,1,Bombus,50.82312623,2.91187224,3,GPS,2020,POINT (47353.16780188611 169083.2955298107),,,Bombus,
640,640,2020-05-07,p2,Palingbeek,blok,V,Bijen,1,Bombus,50.82291777,2.91211523,3,GPS,2020,POINT (47369.83119279158 169059.77516882867),,,Bombus,
641,641,2020-05-07,p2,Palingbeek,blok,V,Bijen,1,Apis,50.82298893,2.91273985,3,GPS,2020,POINT (47413.989508032595 169066.82673382573),,,Apis,
655,655,2020-05-07,p2,Palingbeek,blok,V,Dagvlinders,1,Polyommatus,50.82242366,2.91164065,3,GPS,2020,POINT (47335.319978226864 169005.4767067954),,,Butterflies,
703,703,2020-05-18,p3,Muziekbos,sinus,V,Bijen,1,Bombus,50.7684898,3.65511387,3,GPS,2020,POINT (99658.66125800976 162240.94517080206),,,Bombus,
704,704,2020-05-18,p3,Muziekbos,sinus,V,Bijen,1,Bombus,50.76848955,3.65511479,3,GPS,2020,POINT (99658.72588755857 162240.91673933435),,,Bombus,
705,705,2020-05-18,p3,Muziekbos,sinus,V,Bijen,1,Bombus,50.76848393,3.65512778,3,GPS,2020,POINT (99659.63619641468 162240.28280977625),,,Bombus,
706,706,2020-05-18,p3,Muziekbos,sinus,V,Bijen,1,Bombus,50.7685162,3.65517422,3,GPS,2020,POINT (99662.94652652631 162243.84085471183),,,Bombus,
707,707,2020-05-18,p3,Muziekbos,sinus,V,Bijen,1,Lasioglossum,50.76858426,3.65499476,3,GPS,2020,POINT (99650.36017599415 162251.53295155708),,,Other bees,
708,708,2020-05-18,p3,Muziekbos,sinus,V,Bijen,1,Lasioglossum,50.76858032,3.6550562,3,GPS,2020,POINT (99654.68992074278 162251.0530721033),,,Other bees,
709,709,2020-05-18,p3,Muziekbos,sinus,V,Dagvlinders,1,Gonepteryx,50.76856197,3.65495168,3,GPS,2020,POINT (99647.29751705653 162249.08274646383),,,Butterflies,
710,710,2020-05-18,p3,Muziekbos,sinus,V,Bijen,1,Bombus,50.76855845,3.65498755,3,GPS,2020,POINT (99649.8240135623 162248.66690453794),,,Bombus,
711,711,2020-05-18,p3,Muziekbos,sinus,V,Bijen,1,Bombus,50.76860472,3.65499593,3,GPS,2020,POINT (99650.4645637493 162253.80799222924),,,Bombus,
712,712,2020-05-18,p3,Muziekbos,sinus,V,Bijen,1,Bombus,50.76854956,3.65529114,3,GPS,2020,POINT (99671.22965133374 162247.47241738718),,,Bombus,
713,713,2020-05-18,p3,Muziekbos,sinus,V,Dagvlinders,1,Polyommatus,50.76855669,3.65527296,3,GPS,2020,POINT (99669.95485400734 162248.277821769),,,Butterflies,
714,714,2020-05-18,p3,Muziekbos,sinus,V,Dagvlinders,1,Polyommatus,50.76862567,3.65526063,3,GPS,2020,POINT (99669.15876075688 162255.95904461108),,,Butterflies,
715,715,2020-05-18,p3,Muziekbos,sinus,V,Bijen,1,Lasioglossum,50.76847077,3.65486685,3,GPS,2020,POINT (99641.2161975253 162238.9957443867),,,Other bees,
716,716,2020-05-18,p3,Muziekbos,sinus,V,Bijen,1,Lasioglossum,50.76848477,3.65504589,3,GPS,2020,POINT (99653.86059311399 162240.4317144435),,,Other bees,
717,717,2020-05-18,p3,Muziekbos,sinus,V,Bijen,1,Bombus,50.76847061,3.65519324,3,GPS,2020,POINT (99664.23950367884 162238.75684709568),,,Bombus,
718,718,2020-05-18,p3,Muziekbos,sinus,V,Bijen,1,Bombus,50.76844638,3.65523146,3,GPS,2020,POINT (99666.90965876146 162236.03578028735),,,Bombus,
719,719,2020-05-18,p3,Muziekbos,sinus,V,Bijen,1,Bombus,50.76841696,3.6551997,3,GPS,2020,POINT (99664.63789534016 162232.78480567317),,,Bombus,
720,720,2020-05-18,p3,Muziekbos,sinus,V,Bijen,1,Bombus,50.76841579,3.65520506,3,GPS,2020,POINT (99665.0147394852 162232.65103266947),,,Bombus,
721,721,2020-05-18,p3,Muziekbos,sinus,V,Bijen,1,Bombus,50.76837329,3.65522987,3,GPS,2020,POINT (99666.719447602 162227.90681544133),,,Bombus,
722,722,2020-05-18,p3,Muziekbos,sinus,V,Dagvlinders,1,Polyommatus,50.76834857,3.65516215,3,GPS,2020,POINT (99661.91608306443 162225.20299206488),,,Butterflies,
723,723,2020-05-18,p3,Muziekbos,sinus,V,Bijen,1,Bombus,50.76834848,3.6551624,3,GPS,2020,POINT (99661.93362193386 162225.19281174522),,,Bombus,
724,724,2020-05-18,p3,Muziekbos,sinus,V,Bijen,1,Bombus,50.7683463,3.65516701,3,GPS,2020,POINT (99662.25648291626 162224.9472008841),,,Bombus,
725,725,2020-05-18,p3,Muziekbos,sinus,V,Dagvlinders,1,Polyommatus,50.7683054,3.65514781,3,GPS,2020,POINT (99660.85843347927 162220.41076320317),,,Butterflies,
726,726,2020-05-18,p3,Muziekbos,sinus,V,Bijen,1,Bombus,50.76841034,3.65534445,3,GPS,2020,POINT (99674.84147133355 162231.95041926112),,,Bombus,
727,727,2020-05-18,p3,Muziekbos,sinus,V,Bijen,1,Bombus,50.76815947,3.6551748,3,GPS,2020,POINT (99662.60645794295 162204.16020911653),,,Bombus,
728,728,2020-05-18,p3,Muziekbos,sinus,V,Bijen,1,Sphecodes,50.76819099,3.65522644,3,GPS,2020,POINT (99666.2828164527 162207.63130907062),,,Other bees,
738,738,2020-05-18,p3,Muziekbos,sinus,V,Dagvlinders,1,Polyommatus,50.76851293,3.65531101,3,GPS,2020,POINT (99672.59216160995 162243.38448656816),,,Butterflies,
743,743,2020-05-18,p3,Muziekbos,sinus,V,Dagvlinders,1,Polyommatus,50.76874536,3.65535124,3,GPS,2020,POINT (99675.6781442067 162269.21120278258),,,Butterflies,
744,744,2020-05-18,p3,Muziekbos,sinus,V,Dagvlinders,1,Polyommatus,50.76935993,3.6558446,3,GPS,2020,POINT (99711.13518083759 162337.237927204),,,Butterflies,
772,772,2020-05-18,p3,Muziekbos,blok,V,Bijen,1,Bombus,50.76941667,3.65660517,3,GPS,2020,POINT (99764.84508818784 162343.0349621838),,,Bombus,
773,773,2020-05-18,p3,Muziekbos,blok,V,Bijen,1,Lasioglossum,50.76918256,3.65637979,3,GPS,2020,POINT (99748.69754717324 162317.14648399595),,,Other bees,
774,774,2020-05-18,p3,Muziekbos,blok,V,Bijen,1,Lasioglossum,50.76918189,3.65637333,3,GPS,2020,POINT (99748.24115269254 162317.07632540166),,,Other bees,
775,775,2020-05-18,p3,Muziekbos,blok,V,Bijen,1,Lasioglossum,50.76925993,3.65626336,3,GPS,2020,POINT (99740.56722769742 162325.83133389056),,,Other bees,
776,776,2020-05-18,p3,Muziekbos,blok,V,Bijen,1,Lasioglossum,50.76925607,3.6563745,3,GPS,2020,POINT (99748.40277268231 162325.32682317123),,,Other bees,
777,777,2020-05-18,p3,Muziekbos,blok,V,Dagvlinders,1,Polyommatus,50.76935858,3.65645078,3,GPS,2020,POINT (99753.892740938 162336.67778096162),,,Butterflies,
778,778,2020-05-18,p3,Muziekbos,blok,V,Dagvlinders,1,Aricia,50.76943503,3.65614652,3,GPS,2020,POINT (99732.5122463067 162345.38730790187),,,Butterflies,
779,779,2020-05-18,p3,Muziekbos,blok,V,Dagvlinders,1,Pieris,50.76948599,3.6560565,3,GPS,2020,POINT (99726.2167420779 162351.1166463988),,,Butterflies,
780,780,2020-05-18,p3,Muziekbos,blok,V,Bijen,1,Bombus,50.76953821,3.65613453,3,GPS,2020,POINT (99731.77653778951 162356.8724732278),,,Bombus,
781,781,2020-05-18,p3,Muziekbos,blok,V,Bijen,1,Bombus,50.76957098,3.65616228,3,GPS,2020,POINT (99733.76892178247 162360.49882161617),,,Bombus,
782,782,2020-05-18,p3,Muziekbos,blok,V,Bijen,1,Bombus,50.76958389,3.65618164,3,GPS,2020,POINT (99735.14830830488 162361.92175071687),,,Bombus,
783,783,2020-05-18,p3,Muziekbos,blok,V,Bijen,1,Bombus,50.7695854,3.65613881,3,GPS,2020,POINT (99732.12877121207 162362.1186798783),,,Bombus,
784,784,2020-05-18,p3,Muziekbos,blok,V,Bijen,1,Bombus,50.76957291,3.65610276,3,GPS,2020,POINT (99729.5725504252 162360.75375815015),,,Bombus,
785,785,2020-05-18,p3,Muziekbos,blok,V,Dagvlinders,1,Polyommatus,50.76956646,3.65598701,3,GPS,2020,POINT (99721.40088091171 162360.11459992547),,,Butterflies,
786,786,2020-05-18,p3,Muziekbos,blok,V,Bijen,1,Bombus,50.76954919,3.65597209,3,GPS,2020,POINT (99720.33002838903 162358.20369342435),,,Bombus,
787,787,2020-05-18,p3,Muziekbos,blok,V,Bijen,1,Bombus,50.76951952,3.65592574,3,GPS,2020,POINT (99717.02893063823 162354.93475707527),,,Bombus,
788,788,2020-05-18,p3,Muziekbos,blok,V,Bijen,1,Bombus,50.76953963,3.65586908,3,GPS,2020,POINT (99713.05369181027 162357.20999401156),,,Bombus,
789,789,2020-05-18,p3,Muziekbos,blok,V,Bijen,1,Lasioglossum,50.76955338,3.65585055,3,GPS,2020,POINT (99711.76129017002 162358.75198992062),,,Other bees,
790,790,2020-05-18,p3,Muziekbos,blok,V,Bijen,1,Lasioglossum,50.76955162,3.65587394,3,GPS,2020,POINT (99713.40929993353 162358.54039347637),,,Other bees,
791,791,2020-05-18,p3,Muziekbos,blok,V,Bijen,1,Bombus,50.76955841,3.65590906,3,GPS,2020,POINT (99715.89384436613 162359.27190647926),,,Bombus,
792,792,2020-05-18,p3,Muziekbos,blok,V,Bijen,1,Bombus,50.76952664,3.6559456,3,GPS,2020,POINT (99718.43741534407 162355.71330245957),,,Bombus,
808,808,2020-05-19,p3,Kemmelberg,sinus,V,Bijen,1,Bombus,50.7726437,2.79724284,3,GPS,2020,POINT (39159.136138907794 163633.53697707783),,,Bombus,
809,809,2020-05-19,p3,Kemmelberg,sinus,V,Bijen,1,Bombus,50.77269215,2.79652191,3,GPS,2020,POINT (39108.40951083036 163640.00123865623),,,Bombus,
810,810,2020-05-19,p3,Kemmelberg,sinus,V,Dagvlinders,1,Polyommatus,50.77268871,2.79646944,3,GPS,2020,POINT (39104.70118059503 163639.69699256402),,,Butterflies,
811,811,2020-05-19,p3,Kemmelberg,sinus,V,Bijen,1,Lasioglossum,50.77276013,2.79641571,3,GPS,2020,POINT (39101.08024072432 163647.72008152865),,,Other bees,
812,812,2020-05-19,p3,Kemmelberg,sinus,V,Bijen,1,Lasioglossum,50.77285878,2.79647405,3,GPS,2020,POINT (39105.42667265785 163658.60421092063),,,Other bees,
813,813,2020-05-19,p3,Kemmelberg,sinus,V,Bijen,1,Bombus,50.77287949,2.79647137,3,GPS,2020,POINT (39105.286434337264 163660.91144587751),,,Bombus,
814,814,2020-05-19,p3,Kemmelberg,sinus,V,Bijen,1,Bombus,50.77291084,2.7964671,3,GPS,2020,POINT (39105.05911799632 163664.40436743852),,,Bombus,
815,815,2020-05-19,p3,Kemmelberg,sinus,V,Bijen,1,Lasioglossum,50.77301988,2.79643969,3,GPS,2020,POINT (39103.38286440719 163676.5720204292),,,Other bees,
816,816,2020-05-19,p3,Kemmelberg,sinus,V,Dagvlinders,1,Polyommatus,50.77301125,2.79649409,3,GPS,2020,POINT (39107.198857436015 163675.53103598673),,,Butterflies,
817,817,2020-05-19,p3,Kemmelberg,sinus,V,Dagvlinders,1,Polyommatus,50.77280296,2.79649274,3,GPS,2020,POINT (39106.61328978265 163652.3683654135),,,Butterflies,
818,818,2020-05-19,p3,Kemmelberg,sinus,V,Bijen,1,Bombus,50.77279399,2.7965054,3,GPS,2020,POINT (39107.48496487115 163651.3518800903),,,Bombus,
819,819,2020-05-19,p3,Kemmelberg,sinus,V,Dagvlinders,1,Pieris,50.77275988,2.79679609,3,GPS,2020,POINT (39127.90435360599 163647.1244763555),,,Butterflies,
820,820,2020-05-19,p3,Kemmelberg,sinus,V,Bijen,1,Lasioglossum,50.77293766,2.79674009,3,GPS,2020,POINT (39124.373659977166 163666.97961948067),,,Other bees,
821,821,2020-05-19,p3,Kemmelberg,sinus,V,Dagvlinders,1,Polyommatus,50.77295501,2.79671176,3,GPS,2020,POINT (39122.41665362984 163668.95146144647),,,Butterflies,
822,822,2020-05-19,p3,Kemmelberg,sinus,V,Bijen,1,Lasioglossum,50.77293866,2.79680304,3,GPS,2020,POINT (39128.81528149046 163666.99687650055),,,Other bees,
823,823,2020-05-19,p3,Kemmelberg,sinus,V,Dagvlinders,1,Polyommatus,50.7729934,2.79689566,3,GPS,2020,POINT (39135.475731712155 163672.94647708908),,,Butterflies,
824,824,2020-05-19,p3,Kemmelberg,sinus,V,Bijen,1,Lasioglossum,50.7729053,2.79707051,3,GPS,2020,POINT (39147.5989010723 163662.88761644997),,,Other bees,
825,825,2020-05-19,p3,Kemmelberg,sinus,V,Bijen,1,Lasioglossum,50.77289307,2.79717587,3,GPS,2020,POINT (39155.0001707207 163661.3702525664),,,Other bees,
826,826,2020-05-19,p3,Kemmelberg,sinus,V,Bijen,1,Lasioglossum,50.77290807,2.79735533,3,GPS,2020,POINT (39167.691094115915 163662.77068657335),,,Other bees,
827,827,2020-05-19,p3,Kemmelberg,sinus,V,Dagvlinders,1,Aglais,50.77278787,2.79723982,3,GPS,2020,POINT (39159.26241527592 163649.5751541881),,,Butterflies,
828,828,2020-05-19,p3,Kemmelberg,sinus,V,Bijen,1,Bombus,50.77294252,2.79738734,3,GPS,2020,POINT (39170.02951575532 163666.55423831288),,,Bombus,
829,829,2020-05-19,p3,Kemmelberg,sinus,V,Bijen,1,Lasioglossum,50.7729716,2.79782262,3,GPS,2020,POINT (39200.79410218999 163669.1389951054),,,Other bees,
830,830,2020-05-19,p3,Kemmelberg,sinus,V,Bijen,1,Bombus,50.77301846,2.79784047,3,GPS,2020,POINT (39202.163118423356 163674.3238434773),,,Bombus,
831,831,2020-05-19,p3,Kemmelberg,sinus,V,Bijen,1,Bombus,50.77323681,2.79781993,3,GPS,2020,POINT (39201.22824340539 163698.63798544556),,,Bombus,
832,832,2020-05-19,p3,Kemmelberg,sinus,V,Dagvlinders,1,Coenonympha,50.77319917,2.79724527,3,GPS,2020,POINT (39160.6145896752 163695.3091968),,,Butterflies,
847,847,2020-05-19,p3,Kemmelberg,blok,V,Bijen,1,Bombus,50.77804869,2.79639912,3,GPS,2020,POINT (39112.361600619945 164235.9051354453),,,Bombus,
848,848,2020-05-19,p3,Kemmelberg,blok,V,Bijen,1,Lasioglossum,50.77816101,2.79661059,3,GPS,2020,POINT (39127.5373673421 164248.0810159603),,,Other bees,
849,849,2020-05-19,p3,Kemmelberg,blok,V,Dagvlinders,1,Polyommatus,50.77830845,2.79680262,3,GPS,2020,POINT (39141.42496473649 164264.19178034645),,,Butterflies,
850,850,2020-05-19,p3,Kemmelberg,blok,V,Dagvlinders,1,Pieris,50.77836301,2.79687127,3,GPS,2020,POINT (39146.39406406172 164270.1571565373),,,Butterflies,
851,851,2020-05-19,p3,Kemmelberg,blok,V,Bijen,1,Bombus,50.77847759,2.79710932,3,GPS,2020,POINT (39163.44918788683 164282.5448204903),,,Bombus,
852,852,2020-05-19,p3,Kemmelberg,blok,V,Bijen,1,Bombus,50.77828431,2.79698476,3,GPS,2020,POINT (39154.211296708134 164261.23527672887),,,Bombus,
853,853,2020-05-19,p3,Kemmelberg,blok,V,Bijen,1,Lasioglossum,50.77829688,2.79720437,3,GPS,2020,POINT (39169.7261338134 164262.30555781163),,,Other bees,
854,854,2020-05-19,p3,Kemmelberg,blok,V,Bijen,1,Bombus,50.77834801,2.79718257,3,GPS,2020,POINT (39168.30928066591 164268.02444479614),,,Bombus,
855,855,2020-05-19,p3,Kemmelberg,blok,V,Bijen,1,Bombus,50.77823586,2.79724502,3,GPS,2020,POINT (39172.44888038165 164255.45864353515),,,Bombus,
856,856,2020-05-19,p3,Kemmelberg,blok,V,Bijen,1,Bombus,50.77820778,2.79711493,3,GPS,2020,POINT (39163.20981410376 164252.52985490393),,,Bombus,
857,857,2020-05-19,p3,Kemmelberg,blok,V,Bijen,1,Bombus,50.77823091,2.79714787,3,GPS,2020,POINT (39165.58693177634 164255.05308187008),,,Bombus,
858,858,2020-05-19,p3,Kemmelberg,blok,V,Bijen,1,Lasioglossum,50.77816704,2.79726522,3,GPS,2020,POINT (39173.71129557579 164247.7747728005),,,Other bees,
859,859,2020-05-19,p3,Kemmelberg,blok,V,Bijen,1,Bombus,50.778059,2.79714393,3,GPS,2020,POINT (39164.904561459465 164235.9401971083),,,Bombus,
860,860,2020-05-19,p3,Kemmelberg,blok,V,Bijen,1,Bombus,50.77799027,2.79718962,3,GPS,2020,POINT (39167.96455910761 164228.2283026846),,,Bombus,
861,861,2020-05-19,p3,Kemmelberg,blok,V,Bijen,1,Bombus,50.77797635,2.79722566,3,GPS,2020,POINT (39170.47309098496 164226.62643554993),,,Bombus,
862,862,2020-05-19,p3,Kemmelberg,blok,V,Bijen,1,Bombus,50.77785918,2.79698166,3,GPS,2020,POINT (39152.99215895658 164213.95958520658),,,Bombus,
863,863,2020-05-19,p3,Kemmelberg,blok,V,Bijen,1,Bombus,50.77778743,2.79690974,3,GPS,2020,POINT (39147.75197965186 164206.08731841017),,,Bombus,
864,864,2020-05-19,p3,Kemmelberg,blok,V,Bijen,1,Lasioglossum,50.77784803,2.79681134,3,GPS,2020,POINT (39140.95611184246 164212.97371754702),,,Other bees,
875,875,2020-05-19,p3,Kemmelberg,blok,V,Bijen,1,Bombus,50.77758827,2.79657388,3,GPS,2020,POINT (39123.600545126115 164184.43923419062),,,Bombus,
876,876,2020-05-19,p3,Kemmelberg,blok,V,Bijen,1,Bombus,50.77746464,2.79610181,3,GPS,2020,POINT (39090.0220804596 164171.39459643234),,,Bombus,
877,877,2020-05-19,p3,Kemmelberg,blok,V,Bijen,1,Bombus,50.77748157,2.79607063,3,GPS,2020,POINT (39087.86333006264 164173.3239988899),,,Bombus,
878,878,2020-05-19,p3,Kemmelberg,blok,V,Bijen,1,Bombus,50.7775534,2.7958988,3,GPS,2020,POINT (39075.916127847435 164181.56905175),,,Bombus,
879,879,2020-05-19,p3,Kemmelberg,blok,V,Bijen,1,Bombus,50.77738769,2.79578724,3,GPS,2020,POINT (39067.659333201926 164163.3064161865),,,Bombus,
880,880,2020-05-19,p3,Kemmelberg,blok,V,Bijen,1,Bombus,50.77740957,2.79573133,3,GPS,2020,POINT (39063.76843965765 164165.82326741703),,,Bombus,
881,881,2020-05-19,p3,Kemmelberg,blok,V,Bijen,1,Bombus,50.77728326,2.79542078,3,GPS,2020,POINT (39041.57280731472 164152.2396857161),,,Bombus,
882,882,2020-05-19,p3,Kemmelberg,blok,V,Bijen,1,Lasioglossum,50.77710615,2.79530318,3,GPS,2020,POINT (39032.863085241086 164132.71829195507),,,Other bees,
883,883,2020-05-19,p3,Kemmelberg,blok,V,Bijen,1,Bombus,50.77706885,2.79508668,3,GPS,2020,POINT (39017.50885593446 164128.89345565345),,,Bombus,
884,884,2020-05-19,p3,Kemmelberg,blok,V,Bijen,1,Apis,50.77700355,2.79563603,3,GPS,2020,POINT (39056.09208159849 164120.810598786),,,Apis,
885,885,2020-05-19,p3,Kemmelberg,blok,V,Bijen,1,Bombus,50.77703943,2.7956999,3,GPS,2020,POINT (39060.68035075031 164124.70555845648),,,Bombus,
886,886,2020-05-19,p3,Kemmelberg,blok,V,Bijen,1,Bombus,50.77715166,2.79564223,3,GPS,2020,POINT (39056.878146856485 164137.27320256643),,,Bombus,
947,947,2020-05-27,p3,Waarmaarde,blok,V,Bijen,1,Bombus,50.79344088,3.49254015,3,GPS,2020,POINT (88223.60836652413 165138.95040077623),,,Bombus,
948,948,2020-05-27,p3,Waarmaarde,blok,V,Bijen,1,Apis,50.7934496,3.49228945,3,GPS,2020,POINT (88205.94527798268 165140.1287839273),,,Apis,
949,949,2020-05-27,p3,Waarmaarde,blok,V,Bijen,1,Halictus,50.79334667,3.49201309,3,GPS,2020,POINT (88186.32661808703 165128.9095860971),,,Other bees,
959,959,2020-05-27,p3,Waarmaarde,blok,V,Bijen,1,Bombus,50.79318557,3.49268809,3,GPS,2020,POINT (88233.70342828134 165110.42893397994),,,Bombus,
960,960,2020-05-27,p3,Waarmaarde,blok,V,Bijen,1,Bombus,50.79307208,3.49252179,3,GPS,2020,POINT (88221.83023606573 165097.9435243681),,,Bombus,
961,961,2020-05-27,p3,Waarmaarde,blok,V,Bijen,1,Bombus,50.79307887,3.49238274,3,GPS,2020,POINT (88212.035942334 165098.81439505424),,,Bombus,
962,962,2020-05-27,p3,Waarmaarde,blok,V,Bijen,1,Halictus,50.79340434,3.49270544,3,GPS,2020,POINT (88235.21351232883 165134.7486068951),,,Other bees,
963,963,2020-05-27,p3,Waarmaarde,sinus,V,Bijen,1,Bombus,50.79402586,3.4937748,3,GPS,2020,POINT (88311.41827656515 165202.9928822834),,,Bombus,
964,964,2020-05-27,p3,Waarmaarde,sinus,V,Bijen,1,Lasioglossum,50.79410926,3.49399282,3,GPS,2020,POINT (88326.8978629482 165212.0886179721),,,Other bees,
978,978,2020-05-27,p3,Waarmaarde,sinus,V,Dagvlinders,1,Maniola,50.79389376,3.49429574,3,GPS,2020,POINT (88347.97155360715 165187.8668772895),,,Butterflies,
979,979,2020-05-27,p3,Waarmaarde,sinus,V,Bijen,1,Bombus,50.79393298,3.49385326,3,GPS,2020,POINT (88316.82805410028 165192.5965750534),,,Bombus,
980,980,2020-05-27,p3,Waarmaarde,sinus,V,Dagvlinders,1,Maniola,50.7939816,3.49372032,3,GPS,2020,POINT (88307.51947028682 165198.11500675045),,,Butterflies,
981,981,2020-05-27,p3,Waarmaarde,sinus,V,Bijen,1,Halictus,50.7942924,3.49414369,3,GPS,2020,POINT (88337.77392857532 165232.33434389066),,,Other bees,
982,982,2020-05-27,p3,Waarmaarde,sinus,V,Bijen,1,Bombus,50.79405745,3.49442423,3,GPS,2020,POINT (88357.24434394401 165205.9677587757),,,Bombus,
983,983,2020-05-27,p3,Waarmaarde,sinus,V,Bijen,1,Andrena,50.79387942,3.49422072,3,GPS,2020,POINT (88342.663866737 165186.33406205568),,,Other bees,
984,984,2020-05-27,p3,Waarmaarde,sinus,V,Bijen,1,Andrena,50.79406768,3.49400723,3,GPS,2020,POINT (88327.85931809308 165207.45165493246),,,Other bees,
999,999,2020-05-29,p3,Waarmaarde2,blok,V,Bijen,1,Lasioglossum,50.78049143,3.46867905,3,GPS,2020,POINT (86523.93928257373 163718.6796964435),,,Other bees,
1000,1000,2020-05-29,p3,Waarmaarde2,blok,V,Dagvlinders,1,Maniola,50.78027518,3.46889757,3,GPS,2020,POINT (86539.0579822102 163694.4394356683),,,Butterflies,
1001,1001,2020-05-29,p3,Waarmaarde2,blok,V,Bijen,1,Bombus,50.7802709,3.46903184,3,GPS,2020,POINT (86548.52096111194 163693.8487077793),,,Bombus,
1002,1002,2020-05-29,p3,Waarmaarde2,blok,V,Bijen,1,Andrena,50.78028951,3.46904886,3,GPS,2020,POINT (86549.74627869972 163695.9041761849),,,Other bees,
1003,1003,2020-05-29,p3,Waarmaarde2,blok,V,Bijen,1,Bombus,50.78028272,3.46907233,3,GPS,2020,POINT (86551.39224202732 163695.12888013385),,,Bombus,
1004,1004,2020-05-29,p3,Waarmaarde2,blok,V,Bijen,1,Lasioglossum,50.78037324,3.46901969,3,GPS,2020,POINT (86547.80197806103 163705.2424227558),,,Other bees,
1005,1005,2020-05-29,p3,Waarmaarde2,blok,V,Dagvlinders,1,Maniola,50.78045103,3.46913947,3,GPS,2020,POINT (86556.35362458212 163713.7927780943),,,Butterflies,
1006,1006,2020-05-29,p3,Waarmaarde2,blok,V,Bijen,1,Bombus,50.78048472,3.46910058,3,GPS,2020,POINT (86553.65647676181 163717.57334191538),,,Bombus,
1007,1007,2020-05-29,p3,Waarmaarde2,blok,V,Bijen,1,Andrena,50.78049805,3.46921675,3,GPS,2020,POINT (86561.86671846182 163718.9568635607),,,Other bees,
1008,1008,2020-05-29,p3,Waarmaarde2,blok,V,Bijen,1,Bombus,50.78057877,3.46939662,3,GPS,2020,POINT (86574.6597948189 163727.78185680043),,,Bombus,
1009,1009,2020-05-29,p3,Waarmaarde2,blok,V,Bijen,1,Halictus,50.78067675,3.46929001,3,GPS,2020,POINT (86567.27361256728 163738.77123430558),,,Other bees,
1010,1010,2020-05-29,p3,Waarmaarde2,blok,V,Dagvlinders,1,Pieris,50.78135585,3.47094677,3,GPS,2020,POINT (86685.02032520462 163812.89499961026),,,Butterflies,
1030,1030,2020-05-29,p3,Waarmaarde2,sinus,V,Bijen,1,Andrena,50.78147647,3.47117912,3,GPS,2020,POINT (86701.56738386974 163826.11369415466),,,Other bees,
1031,1031,2020-05-29,p3,Waarmaarde2,sinus,V,Dagvlinders,1,Maniola,50.78151251,3.47125028,3,GPS,2020,POINT (86706.63389325431 163830.06183379702),,,Butterflies,
1032,1032,2020-05-29,p3,Waarmaarde2,sinus,V,Dagvlinders,1,Pieris,50.78151595,3.47112975,3,GPS,2020,POINT (86698.13893967558 163830.5471374141),,,Butterflies,
1033,1033,2020-05-29,p3,Waarmaarde2,sinus,V,Dagvlinders,1,Polyommatus,50.78145459,3.4711865,3,GPS,2020,POINT (86702.0584114705 163823.67368044518),,,Butterflies,
1034,1034,2020-05-29,p3,Waarmaarde2,sinus,V,Dagvlinders,1,Maniola,50.78152576,3.4712036,3,GPS,2020,POINT (86703.35989946368 163831.57540169545),,,Butterflies,
1035,1035,2020-05-29,p3,Waarmaarde2,sinus,V,Bijen,1,Hylaeus,50.78128612,3.47112858,3,GPS,2020,POINT (86697.7476115875 163804.98398832977),,,Other bees,
1036,1036,2020-05-29,p3,Waarmaarde2,sinus,V,Bijen,1,Bombus,50.78119425,3.47110268,3,GPS,2020,POINT (86695.79772883738 163794.78729090746),,,Bombus,
1037,1037,2020-05-29,p3,Waarmaarde2,sinus,V,Bijen,1,Megachile,50.78122661,3.47101224,3,GPS,2020,POINT (86689.46349454968 163798.4637659425),,,Other bees,
1038,1038,2020-05-29,p3,Waarmaarde2,sinus,V,Dagvlinders,1,Maniola,50.7812199,3.47095549,3,GPS,2020,POINT (86685.45253647215 163797.76576047204),,,Butterflies,
1040,1040,2020-05-29,p3,Waarmaarde2,sinus,V,Bijen,1,Lasioglossum,50.78134127,3.47077109,3,GPS,2020,POINT (86672.61202324391 163811.4229603028),,,Other bees,
1041,1041,2020-05-29,p3,Waarmaarde2,sinus,V,Bijen,1,Andrena,50.78137999,3.47141599,3,GPS,2020,POINT (86718.14147862262 163815.1804111544),,,Other bees,
1042,1042,2020-06-02,p3,Palingbeek,blok,V,Bijen,1,Bombus,50.82238971,2.91252175,3,GPS,2020,POINT (47397.31825374205 169000.4835175667),,,Bombus,
1043,1043,2020-06-02,p3,Palingbeek,blok,V,Bijen,1,Bombus,50.82234613,2.91248705,3,GPS,2020,POINT (47394.77865610967 168995.6845376501),,,Bombus,
1044,1044,2020-06-02,p3,Palingbeek,blok,V,Dagvlinders,1,Polyommatus,50.82231578,2.91249594,3,GPS,2020,POINT (47395.338766965564 168992.29677391425),,,Butterflies,
1045,1045,2020-06-02,p3,Palingbeek,blok,V,Bijen,1,Lasioglossum,50.82227161,2.91240843,3,GPS,2020,POINT (47389.07747187019 168987.50512025692),,,Other bees,
1046,1046,2020-06-02,p3,Palingbeek,blok,V,Bijen,1,Andrena,50.82227161,2.91240843,3,GPS,2020,POINT (47389.07747187019 168987.50512025692),,,Other bees,
1047,1047,2020-06-02,p3,Palingbeek,blok,V,Bijen,1,Bombus,50.82236172,2.91250625,3,GPS,2020,POINT (47396.16526654028 168997.3919168515),,,Bombus,
1048,1048,2020-06-02,p3,Palingbeek,blok,V,Bijen,1,Bombus,50.82235476,2.91253148,3,GPS,2020,POINT (47397.92751241442 168996.58298826683),,,Bombus,
1049,1049,2020-06-02,p3,Palingbeek,blok,V,Bijen,1,Andrena,50.82214219,2.91194885,3,GPS,2020,POINT (47356.418268564885 168973.74611994345),,,Other bees,
1050,1050,2020-06-02,p3,Palingbeek,blok,V,Bijen,1,Andrena,50.82216164,2.91197584,3,GPS,2020,POINT (47358.36211508568 168975.87202920672),,,Other bees,
1051,1051,2020-06-02,p3,Palingbeek,blok,V,Dagvlinders,1,Maniola,50.82216483,2.91197131,3,GPS,2020,POINT (47358.04993930462 168976.23307560198),,,Butterflies,
1052,1052,2020-06-02,p3,Palingbeek,blok,V,Dagvlinders,1,Ochlodes,50.82215661,2.91194365,3,GPS,2020,POINT (47356.08338841601 168975.35707697645),,,Butterflies,
1053,1053,2020-06-02,p3,Palingbeek,blok,V,Bijen,1,Bombus,50.82217111,2.91204616,3,GPS,2020,POINT (47363.336747325084 168976.82811078615),,,Bombus,
1054,1054,2020-06-02,p3,Palingbeek,blok,V,Bijen,1,Bombus,50.82220246,2.9121211,3,GPS,2020,POINT (47368.68457410805 168980.21127718035),,,Bombus,
1055,1055,2020-06-02,p3,Palingbeek,blok,V,Bijen,1,Bombus,50.82234764,2.9121781,3,GPS,2020,POINT (47373.016802627 168996.2792464001),,,Bombus,
1056,1056,2020-06-02,p3,Palingbeek,blok,V,Bijen,1,Bombus,50.8224794,2.91209721,3,GPS,2020,POINT (47367.60558600802 169011.0451619383),,,Bombus,
1057,1057,2020-06-02,p3,Palingbeek,blok,V,Dagvlinders,1,Polyommatus,50.82251837,2.91214733,3,GPS,2020,POINT (47371.221463176 169015.3101078663),,,Butterflies,
1058,1058,2020-06-02,p3,Palingbeek,blok,V,Dagvlinders,1,Polyommatus,50.82249901,2.91216074,3,GPS,2020,POINT (47372.12395309984 169013.13838950358),,,Butterflies,
1059,1059,2020-06-02,p3,Palingbeek,blok,V,Bijen,1,Bombus,50.82254025,2.91212395,3,GPS,2020,POINT (47369.622099027794 169017.77587123401),,,Bombus,
1060,1060,2020-06-02,p3,Palingbeek,blok,V,Bijen,1,Bombus,50.82254419,2.91219553,3,GPS,2020,POINT (47374.67339379061 169018.1151840547),,,Bombus,
1061,1061,2020-06-02,p3,Palingbeek,blok,V,Bijen,1,Bombus,50.82254503,2.91218564,3,GPS,2020,POINT (47373.97849046375 169018.22227053344),,,Bombus,
1062,1062,2020-06-02,p3,Palingbeek,blok,V,Bijen,1,Andrena,50.82267386,2.91265729,3,GPS,2020,POINT (47407.4863970109 169031.8990938645),,,Other bees,
1063,1063,2020-06-02,p3,Palingbeek,blok,V,Bijen,1,Bombus,50.82251762,2.91257012,3,GPS,2020,POINT (47401.00475349967 169014.64268477447),,,Bombus,
1064,1064,2020-06-02,p3,Palingbeek,blok,V,Dagvlinders,1,Maniola,50.82259054,2.91273206,3,GPS,2020,POINT (47412.57216388255 169022.52910055034),,,Butterflies,
1065,1065,2020-06-02,p3,Palingbeek,blok,V,Bijen,1,Bombus,50.82263715,2.9128572,3,GPS,2020,POINT (47421.489686657544 169027.54019430839),,,Bombus,
1066,1066,2020-06-02,p3,Palingbeek,blok,V,Dagvlinders,1,Polyommatus,50.82266782,2.91291051,3,GPS,2020,POINT (47425.31214521424 169030.87765826285),,,Butterflies,
1067,1067,2020-06-02,p3,Palingbeek,blok,V,Bijen,1,Bombus,50.8227068,2.91296683,3,GPS,2020,POINT (47429.36476240728 169035.13519587647),,,Bombus,
1068,1068,2020-06-02,p3,Palingbeek,blok,V,Bijen,1,Bombus,50.822698,2.91296088,3,GPS,2020,POINT (47428.92641295382 169034.16468729172),,,Bombus,
1069,1069,2020-06-02,p3,Palingbeek,blok,V,Bijen,1,Bombus,50.82272382,2.91302006,3,GPS,2020,POINT (47433.151821265405 169036.9546416821),,,Bombus,
1070,1070,2020-06-02,p3,Palingbeek,blok,V,Dagvlinders,1,Maniola,50.82278794,2.91275754,3,GPS,2020,POINT (47414.79754625664 169044.44847139902),,,Butterflies,
1088,1088,2020-06-02,p3,Palingbeek,blok,V,Bijen,1,Apis,50.82297402,2.91259551,3,GPS,2020,POINT (47403.7885616734 169065.36779970583),,,Apis,
1089,1089,2020-06-02,p3,Palingbeek,blok,V,Bijen,1,Apis,50.8230119,2.9124702,3,GPS,2020,POINT (47395.04334346717 169069.75383251533),,,Apis,
1103,1103,2020-06-02,p3,Palingbeek,blok,V,Dagvlinders,1,Maniola,50.82288357,2.9120962,3,GPS,2020,POINT (47368.41597491919 169055.9977830341),,,Butterflies,
1104,1104,2020-06-02,p3,Palingbeek,blok,V,Dagvlinders,1,Maniola,50.82289129,2.91216921,3,GPS,2020,POINT (47373.5762177822 169056.7555255778),,,Butterflies,
1105,1105,2020-06-02,p3,Palingbeek,blok,V,Bijen,1,Apis,50.82297427,2.91220483,3,GPS,2020,POINT (47376.266549283726 169065.93523864727),,,Apis,
1106,1106,2020-06-02,p3,Palingbeek,blok,V,Bijen,1,Bombus,50.82297812,2.91236484,3,GPS,2020,POINT (47387.5473016655 169066.14239595365),,,Bombus,
1107,1107,2020-06-02,p3,Palingbeek,blok,V,Bijen,1,Bombus,50.82281585,2.91236979,3,GPS,2020,POINT (47387.54215504479 169048.08811227512),,,Bombus,
1108,1108,2020-06-02,p3,Palingbeek,blok,V,Bijen,1,Bombus,50.82265894,2.91221875,3,GPS,2020,POINT (47376.55946931304 169030.84544210136),,,Bombus,
1109,1109,2020-06-02,p3,Palingbeek,blok,V,Dagvlinders,1,Polyommatus,50.82265559,2.9120672,3,GPS,2020,POINT (47365.87572322317 169030.68222950585),,,Butterflies,
1110,1110,2020-06-02,p3,Palingbeek,blok,V,Bijen,1,Bombus,50.8227405,2.9116927,3,GPS,2020,POINT (47339.67808640622 169040.64327443484),,,Bombus,
1111,1111,2020-06-02,p3,Palingbeek,blok,V,Bijen,1,Andrena,50.8227363,2.91169588,3,GPS,2020,POINT (47339.89294836232 169040.17176172696),,,Other bees,
1112,1112,2020-06-02,p3,Palingbeek,blok,V,Dagvlinders,1,Maniola,50.82262298,2.91162481,3,GPS,2020,POINT (47334.63895270179 169027.66668757796),,,Butterflies,
1113,1113,2020-06-02,p3,Palingbeek,blok,V,Dagvlinders,1,Polyommatus,50.82252835,2.91161466,3,GPS,2020,POINT (47333.717434725375 169017.1560996333),,,Butterflies,
1114,1114,2020-06-02,p3,Palingbeek,blok,V,Dagvlinders,1,Ochlodes,50.82242508,2.9115808,3,GPS,2020,POINT (47331.10672551594 169005.71735195164),,,Butterflies,
1115,1115,2020-06-02,p3,Palingbeek,sinus,V,Bijen,1,Megachile,50.82100385,2.91433669,3,GPS,2020,POINT (47522.160387933705 168843.84486413468),,,Other bees,
1116,1116,2020-06-02,p3,Palingbeek,sinus,V,Bijen,1,Bombus,50.82100209,2.91433434,3,GPS,2020,POINT (47521.99099565373 168843.6523611592),,,Bombus,
1117,1117,2020-06-02,p3,Palingbeek,sinus,V,Bijen,1,Bombus,50.82096412,2.9144822,3,GPS,2020,POINT (47532.32517255895 168839.2254284788),,,Bombus,
1118,1118,2020-06-02,p3,Palingbeek,sinus,V,Bijen,1,Bombus,50.82094274,2.91450407,3,GPS,2020,POINT (47533.81937811473 168836.81740796845),,,Bombus,
1119,1119,2020-06-02,p3,Palingbeek,sinus,V,Bijen,1,Bombus,50.82092774,2.91447222,3,GPS,2020,POINT (47531.54285328284 168835.19306078367),,,Bombus,
1120,1120,2020-06-02,p3,Palingbeek,sinus,V,Dagvlinders,1,Polyommatus,50.82091374,2.91441766,3,GPS,2020,POINT (47527.668563518324 168833.71125950478),,,Butterflies,
1121,1121,2020-06-02,p3,Palingbeek,sinus,V,Dagvlinders,1,Polyommatus,50.82090729,2.91454112,3,GPS,2020,POINT (47536.35239361916 168832.8236039318),,,Butterflies,
1122,1122,2020-06-02,p3,Palingbeek,sinus,V,Bijen,1,Bombus,50.82090553,2.91460181,3,GPS,2020,POINT (47540.62423049798 168832.54415125493),,,Bombus,
1123,1123,2020-06-02,p3,Palingbeek,sinus,V,Bijen,1,Andrena,50.82096806,2.91456585,3,GPS,2020,POINT (47538.22696756867 168839.54825033713),,,Other bees,
1124,1124,2020-06-02,p3,Palingbeek,sinus,V,Dagvlinders,1,Ochlodes,50.82085541,2.91455152,3,GPS,2020,POINT (47536.972118161866 168827.03923684172),,,Butterflies,
1125,1125,2020-06-02,p3,Palingbeek,sinus,V,Bijen,1,Bombus,50.82084769,2.91461262,3,GPS,2020,POINT (47541.25986773982 168826.09635615628),,,Bombus,
1126,1126,2020-06-02,p3,Palingbeek,sinus,V,Dagvlinders,1,Ochlodes,50.8208352,2.91455319,3,GPS,2020,POINT (47537.04576543068 168824.78920496907),,,Butterflies,
1127,1127,2020-06-02,p3,Palingbeek,sinus,V,Bijen,1,Bombus,50.8207456,2.91491839,3,GPS,2020,POINT (47562.57944902238 168814.32036197092),,,Bombus,
1128,1128,2020-06-02,p3,Palingbeek,sinus,V,Bijen,1,Bombus,50.82077108,2.91492635,3,GPS,2020,POINT (47563.19570749275 168817.14323643222),,,Bombus,
1129,1129,2020-06-02,p3,Palingbeek,sinus,V,Bijen,1,Andrena,50.82073965,2.91490448,3,GPS,2020,POINT (47561.586520039185 168813.67779232003),,,Other bees,
1130,1130,2020-06-02,p3,Palingbeek,sinus,V,Bijen,1,Bombus,50.8207451,2.91490724,3,GPS,2020,POINT (47561.79282954433 168814.28012795467),,,Bombus,
1131,1131,2020-06-02,p3,Palingbeek,sinus,V,Bijen,1,Bombus,50.82070529,2.91495619,3,GPS,2020,POINT (47565.154756804404 168809.7850153139),,,Bombus,
1132,1132,2020-06-02,p3,Palingbeek,sinus,V,Bijen,1,Bombus,50.82062432,2.91492778,3,GPS,2020,POINT (47562.97697459912 168800.81881785113),,,Bombus,
1133,1133,2020-06-02,p3,Palingbeek,sinus,V,Bijen,1,Bombus,50.82065918,2.91488537,3,GPS,2020,POINT (47560.065019005764 168804.75438102428),,,Bombus,
1134,1134,2020-06-02,p3,Palingbeek,sinus,V,Dagvlinders,1,Ochlodes,50.82065818,2.91487204,3,GPS,2020,POINT (47559.1237256609 168804.6615442736),,,Butterflies,
1135,1135,2020-06-02,p3,Palingbeek,sinus,V,Dagvlinders,1,Maniola,50.82063857,2.91480641,3,GPS,2020,POINT (47554.45731197408 168802.57105224766),,,Butterflies,
1136,1136,2020-06-02,p3,Palingbeek,sinus,V,Bijen,1,Bombus,50.82062951,2.91496801,3,GPS,2020,POINT (47565.82253189961 168801.34056856204),,,Bombus,
1137,1137,2020-06-02,p3,Palingbeek,sinus,V,Bijen,1,Bombus,50.82057034,2.91500615,3,GPS,2020,POINT (47568.38074914631 168794.70717141218),,,Bombus,
1138,1138,2020-06-02,p3,Palingbeek,sinus,V,Dagvlinders,1,Maniola,50.82051937,2.91521226,3,GPS,2020,POINT (47582.79056996855 168788.75417927),,,Butterflies,
1139,1139,2020-06-02,p3,Palingbeek,sinus,V,Bijen,1,Bombus,50.82051284,2.91486215,3,GPS,2020,POINT (47558.110560686124 168788.51066707447),,,Bombus,
1140,1140,2020-06-02,p3,Palingbeek,sinus,V,Bijen,1,Andrena,50.82054502,2.91487765,3,GPS,2020,POINT (47559.272614108835 168792.06830803026),,,Other bees,
1141,1141,2020-06-02,p3,Palingbeek,sinus,V,Dagvlinders,1,Maniola,50.820512,2.91492317,3,GPS,2020,POINT (47562.407686378225 168788.33309827186),,,Butterflies,
1142,1142,2020-06-02,p3,Palingbeek,sinus,V,Bijen,1,Bombus,50.82028644,2.91479208,3,GPS,2020,POINT (47552.68112954541 168763.4274005508),,,Bombus,
1143,1143,2020-06-02,p3,Palingbeek,sinus,V,Bijen,1,Bombus,50.82034956,2.91472502,3,GPS,2020,POINT (47548.0940487318 168770.54000277817),,,Bombus,
1144,1144,2020-06-02,p3,Palingbeek,sinus,V,Bijen,1,Bombus,50.82051753,2.91436158,3,GPS,2020,POINT (47522.8548387621 168789.72269007936),,,Bombus,
1145,1145,2020-06-02,p3,Palingbeek,sinus,V,Bijen,1,Andrena,50.82054108,2.91432177,3,GPS,2020,POINT (47520.10144955755 168792.39680623636),,,Other bees,
1175,1175,2020-06-02,p3,Palingbeek,sinus,V,Dagvlinders,1,Maniola,50.82107183,2.91351509,3,GPS,2020,POINT (47464.4261319434 168852.5392137766),,,Butterflies,
1176,1176,2020-06-02,p3,Palingbeek,sinus,V,Dagvlinders,1,Maniola,50.82112086,2.91362263,3,GPS,2020,POINT (47472.10922816934 168857.84383364022),,,Butterflies,
1177,1177,2020-06-02,p3,Palingbeek,sinus,V,Dagvlinders,1,Maniola,50.82122748,2.91375507,3,GPS,2020,POINT (47481.67199502347 168869.51918165758),,,Butterflies,
1178,1178,2020-06-02,p3,Palingbeek,sinus,V,Dagvlinders,1,Maniola,50.82109664,2.9139134,3,GPS,2020,POINT (47492.54139706424 168854.74884861708),,,Butterflies,
1179,1179,2020-06-02,p3,Palingbeek,sinus,V,Bijen,1,Bombus,50.82127869,2.91383645,3,GPS,2020,POINT (47487.51681577416 168875.10238299705),,,Bombus,
1180,1180,2020-06-02,p3,Palingbeek,sinus,V,Bijen,1,Bombus,50.82129705,2.91388708,3,GPS,2020,POINT (47491.12371531314 168877.07449090574),,,Bombus,
1181,1181,2020-06-02,p3,Palingbeek,sinus,V,Bijen,1,Andrena,50.82129101,2.91385582,3,GPS,2020,POINT (47488.90827879758 168876.4458668204),,,Other bees,
1182,1182,2020-06-02,p3,Palingbeek,sinus,V,Bijen,1,Megachile,50.8213719,2.91371617,3,GPS,2020,POINT (47479.24611809876 168885.6350583108),,,Other bees,
1183,1183,2020-06-02,p3,Palingbeek,sinus,V,Dagvlinders,1,Ochlodes,50.82121599,2.91399487,3,GPS,2020,POINT (47498.540989859466 168867.91037455946),,,Butterflies,
1184,1184,2020-06-02,p3,Palingbeek,sinus,V,Bijen,1,Bombus,50.82117928,2.91409202,3,GPS,2020,POINT (47505.30529616667 168863.69349500444),,,Bombus,
1185,1185,2020-06-02,p3,Palingbeek,sinus,V,Dagvlinders,1,Maniola,50.82110183,2.91407827,3,GPS,2020,POINT (47504.16790364441 168855.09858391155),,,Butterflies,
1186,1186,2020-06-02,p3,Palingbeek,sinus,V,Bijen,1,Bombus,50.82105791,2.91435052,3,GPS,2020,POINT (47523.25245129314 168849.83826485276),,,Bombus,
1382,1382,2020-06-22,p4,Muziekbos,sinus,V,Dagvlinders,1,Maniola,50.76821202,3.65524261,3,GPS,2020,POINT (99667.44590896307 162209.95959452447),before,,Butterflies,
1383,1383,2020-06-22,p4,Muziekbos,sinus,V,Bijen,1,Bombus,50.7682448,3.65518796,3,GPS,2020,POINT (99663.6258968452 162213.64283284917),before,,Bombus,
1384,1384,2020-06-22,p4,Muziekbos,sinus,V,Dagvlinders,1,Maniola,50.76831311,3.65513398,3,GPS,2020,POINT (99659.89109957774 162221.27773904707),before,,Butterflies,
1385,1385,2020-06-22,p4,Muziekbos,sinus,V,Bijen,1,Bombus,50.7683722,3.65513038,3,GPS,2020,POINT (99659.70026658961 162227.852952661),before,,Bombus,
1386,1386,2020-06-22,p4,Muziekbos,sinus,V,Bijen,1,Apis,50.76836566,3.65512795,3,GPS,2020,POINT (99659.5218695077 162227.12713280506),before,,Apis,
1387,1387,2020-06-22,p4,Muziekbos,sinus,V,Bijen,1,Hylaeus,50.76826114,3.65513491,3,GPS,2020,POINT (99659.90119560152 162215.49631498568),before,,Other bees,
1388,1388,2020-06-22,p4,Muziekbos,sinus,V,Bijen,1,Nomada,50.76834798,3.65516617,3,GPS,2020,POINT (99662.19902358134 162225.13464173675),before,,Other bees,
1389,1389,2020-06-22,p4,Muziekbos,sinus,V,Dagvlinders,1,Maniola,50.76829224,3.65516743,3,GPS,2020,POINT (99662.22837393713 162218.9336446151),before,,Butterflies,
1390,1390,2020-06-22,p4,Muziekbos,sinus,V,Bijen,1,Bombus,50.76844973,3.6551505,3,GPS,2020,POINT (99661.20233339962 162236.46324262302),before,,Bombus,
1391,1391,2020-06-22,p4,Muziekbos,sinus,V,Dagvlinders,1,Ochlodes,50.76840204,3.65510917,3,GPS,2020,POINT (99658.23598637135 162231.18652024958),before,,Butterflies,
1392,1392,2020-06-22,p4,Muziekbos,sinus,V,Dagvlinders,1,Maniola,50.76770115,3.65422798,3,GPS,2020,POINT (99595.32742181994 162153.82146311458),before,,Butterflies,
1393,1393,2020-06-22,p4,Muziekbos,sinus,V,Dagvlinders,1,Maniola,50.76847027,3.65496919,3,GPS,2020,POINT (99648.434703806 162238.8707906725),before,,Butterflies,
1394,1394,2020-06-22,p4,Muziekbos,sinus,V,Dagvlinders,1,Maniola,50.76852165,3.6550184,3,GPS,2020,POINT (99651.96085114614 162244.5526203476),before,,Butterflies,
1395,1395,2020-06-22,p4,Muziekbos,sinus,V,Dagvlinders,1,Maniola,50.76857504,3.65504966,3,GPS,2020,POINT (99654.22295174797 162250.4701903984),before,,Butterflies,
1396,1396,2020-06-22,p4,Muziekbos,sinus,V,Dagvlinders,1,Maniola,50.76862995,3.65518218,3,GPS,2020,POINT (99663.62950442873 162256.48825154826),before,,Butterflies,
1397,1397,2020-06-22,p4,Muziekbos,sinus,V,Dagvlinders,1,Maniola,50.7686276,3.65532568,3,GPS,2020,POINT (99673.74941892632 162256.1296757497),before,,Butterflies,
1399,1399,2020-06-22,p4,Muziekbos,sinus,V,Dagvlinders,1,Maniola,50.76862332,3.65533557,3,GPS,2020,POINT (99674.44248506331 162255.64690046757),before,,Butterflies,
1400,1400,2020-06-22,p4,Muziekbos,sinus,V,Dagvlinders,1,Maniola,50.76852174,3.65557915,3,GPS,2020,POINT (99691.51608444253 162244.1829170566),before,,Butterflies,
1401,1401,2020-06-22,p4,Muziekbos,sinus,V,Bijen,1,Andrena,50.76835996,3.6555058,3,GPS,2020,POINT (99686.1692991429 162226.23724588752),before,,Other bees,
1402,1402,2020-06-22,p4,Muziekbos,sinus,V,Dagvlinders,1,Maniola,50.76835586,3.65552123,3,GPS,2020,POINT (99687.25335389114 162225.77074398007),before,,Butterflies,
1403,1403,2020-06-22,p4,Muziekbos,sinus,V,Dagvlinders,1,Maniola,50.76832778,3.65542341,3,GPS,2020,POINT (99680.3231573998 162222.7135363398),before,,Butterflies,
1404,1404,2020-06-22,p4,Muziekbos,sinus,V,Dagvlinders,1,Maniola,50.76819694,3.65539617,3,GPS,2020,POINT (99678.26195649317 162208.17821497284),before,,Butterflies,
1405,1405,2020-06-22,p4,Muziekbos,sinus,V,Bijen,1,Bombus,50.76823357,3.65541075,3,GPS,2020,POINT (99679.32953970987 162212.2428189814),before,,Bombus,
1406,1406,2020-06-22,p4,Muziekbos,sinus,V,Bijen,1,Andrena,50.76818998,3.65537765,3,GPS,2020,POINT (99676.94812116327 162207.41657069232),before,,Other bees,
1433,1433,2020-06-22,p4,Muziekbos,blok,V,Bijen,1,Bombus,50.76945699,3.65650526,3,GPS,2020,POINT (99757.84058022132 162347.58742454927),before,,Bombus,
1434,1434,2020-06-22,p4,Muziekbos,blok,V,Dagvlinders,1,Pieris,50.76945615,3.65660878,3,GPS,2020,POINT (99765.14181088419 162347.42401465494),before,,Butterflies,
1435,1435,2020-06-22,p4,Muziekbos,blok,V,Dagvlinders,1,Maniola,50.76946244,3.65659143,3,GPS,2020,POINT (99763.92467542502 162348.13539934345),before,,Butterflies,
1436,1436,2020-06-22,p4,Muziekbos,blok,V,Bijen,1,Bombus,50.76945313,3.65657718,3,GPS,2020,POINT (99762.9095812382 162347.1094487533),before,,Bombus,
1437,1437,2020-06-22,p4,Muziekbos,blok,V,Bijen,1,Bombus,50.76946939,3.65651415,3,GPS,2020,POINT (99758.48088391742 162348.96070846543),before,,Bombus,
1438,1438,2020-06-22,p4,Muziekbos,blok,V,Bijen,1,Bombus,50.76946939,3.65651415,3,GPS,2020,POINT (99758.48088391742 162348.96070846543),before,,Bombus,
1439,1439,2020-06-22,p4,Muziekbos,blok,V,Bijen,1,Bombus,50.76946939,3.65651415,3,GPS,2020,POINT (99758.48088391742 162348.96070846543),before,,Bombus,
1440,1440,2020-06-22,p4,Muziekbos,blok,V,Bijen,1,Bombus,50.76946939,3.65651415,3,GPS,2020,POINT (99758.48088391742 162348.96070846543),before,,Bombus,
1441,1441,2020-06-22,p4,Muziekbos,blok,V,Dagvlinders,1,Thymelicus,50.76946939,3.65651415,3,GPS,2020,POINT (99758.48088391742 162348.96070846543),before,,Butterflies,
1442,1442,2020-06-22,p4,Muziekbos,blok,V,Bijen,1,Bombus,50.76946939,3.65651415,3,GPS,2020,POINT (99758.48088391742 162348.96070846543),before,,Bombus,
1443,1443,2020-06-22,p4,Muziekbos,blok,V,Dagvlinders,1,Maniola,50.76949856,3.6564838,3,GPS,2020,POINT (99756.37114263012 162352.2259017434),before,,Butterflies,
1444,1444,2020-06-22,p4,Muziekbos,blok,V,Dagvlinders,1,Ochlodes,50.76949856,3.6564838,3,GPS,2020,POINT (99756.37114263012 162352.2259017434),before,,Butterflies,
1445,1445,2020-06-22,p4,Muziekbos,blok,V,Dagvlinders,1,Maniola,50.76949856,3.6564838,3,GPS,2020,POINT (99756.37114263012 162352.2259017434),before,,Butterflies,
1446,1446,2020-06-22,p4,Muziekbos,blok,V,Bijen,1,Lasioglossum,50.76952279,3.65640091,3,GPS,2020,POINT (99750.55006000453 162354.9771237783),before,,Other bees,
1447,1447,2020-06-22,p4,Muziekbos,blok,V,Bijen,1,Osmia,50.76949814,3.65645137,3,GPS,2020,POINT (99754.08313949741 162352.20110738743),before,,Other bees,
1448,1448,2020-06-22,p4,Muziekbos,blok,V,Bijen,1,Lasioglossum,50.76949814,3.65645137,3,GPS,2020,POINT (99754.08313949741 162352.20110738743),before,,Other bees,
1449,1449,2020-06-22,p4,Muziekbos,blok,V,Bijen,1,Osmia,50.76949814,3.65645137,3,GPS,2020,POINT (99754.08313949741 162352.20110738743),before,,Other bees,
1450,1450,2020-06-22,p4,Muziekbos,blok,V,Dagvlinders,1,Maniola,50.76928549,3.65647651,3,GPS,2020,POINT (99755.62977907856 162328.53034174535),before,,Butterflies,
1451,1451,2020-06-22,p4,Muziekbos,blok,V,Dagvlinders,1,Maniola,50.76926169,3.65641692,3,GPS,2020,POINT (99751.40101215335 162325.92327429354),before,,Butterflies,
1452,1452,2020-06-22,p4,Muziekbos,blok,V,Dagvlinders,1,Maniola,50.76931642,3.65647911,3,GPS,2020,POINT (99755.84615164335 162331.96903127432),before,,Butterflies,
1453,1453,2020-06-22,p4,Muziekbos,blok,V,Bijen,1,Ceratina,50.76917678,3.6563533,3,GPS,2020,POINT (99746.82281372874 162316.5214660177),before,,Other bees,
1454,1454,2020-06-22,p4,Muziekbos,blok,V,Dagvlinders,1,Maniola,50.76923504,3.65638079,3,GPS,2020,POINT (99748.82403884616 162322.98333331943),before,,Butterflies,
1455,1455,2020-06-22,p4,Muziekbos,blok,V,Bijen,1,Bombus,50.76917452,3.6563968,3,GPS,2020,POINT (99749.88883894414 162316.24066735432),before,,Bombus,
1456,1456,2020-06-22,p4,Muziekbos,blok,V,Dagvlinders,1,Maniola,50.76916756,3.65625842,3,GPS,2020,POINT (99740.12026732217 162315.56005142443),before,,Butterflies,
1457,1457,2020-06-22,p4,Muziekbos,blok,V,Dagvlinders,1,Maniola,50.76924652,3.65610017,3,GPS,2020,POINT (99729.04173002619 162324.4500610903),before,,Butterflies,
1458,1458,2020-06-22,p4,Muziekbos,blok,V,Dagvlinders,1,Maniola,50.7693704,3.65612749,3,GPS,2020,POINT (99731.10097016674 162338.21116816066),before,,Butterflies,
1459,1459,2020-06-22,p4,Muziekbos,blok,V,Dagvlinders,1,Maniola,50.76962454,3.65590914,3,GPS,2020,POINT (99715.97004041358 162366.6277130926),before,,Butterflies,
1473,1473,2020-06-23,p4,Kemmelberg,sinus,V,Dagvlinders,1,Maniola,50.77268586,2.79714536,3,GPS,2020,POINT (39152.36096694879 163638.3712005634),before,,Butterflies,
1474,1474,2020-06-23,p4,Kemmelberg,sinus,V,Dagvlinders,1,Maniola,50.77273834,2.79699792,3,GPS,2020,POINT (39142.086873547494 163644.42771426123),before,,Butterflies,
1475,1475,2020-06-23,p4,Kemmelberg,sinus,V,Dagvlinders,1,Maniola,50.77265846,2.79684956,3,GPS,2020,POINT (39131.43638793596 163635.76538511086),before,,Butterflies,
1476,1476,2020-06-23,p4,Kemmelberg,sinus,V,Dagvlinders,1,Maniola,50.77265368,2.79660305,3,GPS,2020,POINT (39114.041015278315 163635.6017276179),before,,Butterflies,
1477,1477,2020-06-23,p4,Kemmelberg,sinus,V,Dagvlinders,1,Maniola,50.77262409,2.79661093,3,GPS,2020,POINT (39114.527063646194 163632.29915390722),before,,Butterflies,
1478,1478,2020-06-23,p4,Kemmelberg,sinus,V,Dagvlinders,1,Maniola,50.77256382,2.79635863,3,GPS,2020,POINT (39096.59271312713 163625.97295352444),before,,Butterflies,
1479,1479,2020-06-23,p4,Kemmelberg,sinus,V,Dagvlinders,1,Maniola,50.7726608,2.7962428,3,GPS,2020,POINT (39088.6526063786 163636.93138559908),before,,Butterflies,
1480,1480,2020-06-23,p4,Kemmelberg,sinus,V,Bijen,1,Bombus,50.77263415,2.79618748,3,GPS,2020,POINT (39084.68863527807 163634.05014106818),before,,Bombus,
1481,1481,2020-06-23,p4,Kemmelberg,sinus,V,Bijen,1,Heriades,50.77261303,2.79618102,3,GPS,2020,POINT (39084.18333830545 163631.71095529292),before,,Other bees,
1482,1482,2020-06-23,p4,Kemmelberg,sinus,V,Dagvlinders,1,Maniola,50.77268972,2.79623701,3,GPS,2020,POINT (39088.31238589142 163640.15632809605),before,,Butterflies,
1483,1483,2020-06-23,p4,Kemmelberg,sinus,V,Dagvlinders,1,Maniola,50.77277379,2.79617867,3,GPS,2020,POINT (39084.39615749419 163649.59316387866),before,,Butterflies,
1484,1484,2020-06-23,p4,Kemmelberg,sinus,V,Dagvlinders,1,Maniola,50.77289541,2.79616954,3,GPS,2020,POINT (39084.038684663334 163663.13259570953),before,,Butterflies,
1485,1485,2020-06-23,p4,Kemmelberg,sinus,V,Bijen,1,Bombus,50.77293741,2.79613811,3,GPS,2020,POINT (39081.92112309822 163667.85049711168),before,,Bombus,
1486,1486,2020-06-23,p4,Kemmelberg,sinus,V,Dagvlinders,1,Maniola,50.77297957,2.79625604,3,GPS,2020,POINT (39090.33687837524 163672.36318138707),before,,Butterflies,
1487,1487,2020-06-23,p4,Kemmelberg,sinus,V,Dagvlinders,1,Maniola,50.77295115,2.79643793,3,GPS,2020,POINT (39103.09693578775 163668.93093542848),before,,Butterflies,
1488,1488,2020-06-23,p4,Kemmelberg,sinus,V,Dagvlinders,1,Maniola,50.77284873,2.79651236,3,GPS,2020,POINT (39108.1046588631 163657.42932382412),before,,Butterflies,
1489,1489,2020-06-23,p4,Kemmelberg,sinus,V,Dagvlinders,1,Maniola,50.77303967,2.79664706,3,GPS,2020,POINT (39118.053267329335 163678.4633817682),before,,Butterflies,
1490,1490,2020-06-23,p4,Kemmelberg,sinus,V,Dagvlinders,1,Maniola,50.77292173,2.79680313,3,GPS,2020,POINT (39128.781778890465 163665.11389532872),before,,Butterflies,
1491,1491,2020-06-23,p4,Kemmelberg,sinus,V,Dagvlinders,1,Maniola,50.7728784,2.79692282,3,GPS,2020,POINT (39137.12040351212 163660.11637427658),before,,Butterflies,
1492,1492,2020-06-23,p4,Kemmelberg,sinus,V,Dagvlinders,1,Maniola,50.77281268,2.79709356,3,GPS,2020,POINT (39149.00643413501 163652.5526121715),before,,Butterflies,
1493,1493,2020-06-23,p4,Kemmelberg,sinus,V,Dagvlinders,1,Pieris,50.77281268,2.79709356,3,GPS,2020,POINT (39149.00643413501 163652.5526121715),before,,Butterflies,
1494,1494,2020-06-23,p4,Kemmelberg,sinus,V,Dagvlinders,1,Maniola,50.77293238,2.79733127,3,GPS,2020,POINT (39166.0515697723 163665.5101883812),before,,Butterflies,
1495,1495,2020-06-23,p4,Kemmelberg,sinus,V,Dagvlinders,1,Maniola,50.77302039,2.79747577,3,GPS,2020,POINT (39176.448857457464 163675.08251426555),before,,Butterflies,
1496,1496,2020-06-23,p4,Kemmelberg,sinus,V,Bijen,1,Bombus,50.77316179,2.7979952,3,GPS,2020,POINT (39213.411856773615 163690.03332499135),before,,Bombus,
1497,1497,2020-06-23,p4,Kemmelberg,sinus,V,Dagvlinders,1,Maniola,50.77300102,2.79803233,3,GPS,2020,POINT (39215.652151950344 163672.0981272459),before,,Butterflies,
1498,1498,2020-06-23,p4,Kemmelberg,sinus,V,Bijen,1,Bombus,50.77294344,2.7979833,3,GPS,2020,POINT (39212.05910479739 163665.76756643783),before,,Bombus,
1499,1499,2020-06-23,p4,Kemmelberg,sinus,V,Bijen,1,Bombus,50.77291997,2.79787324,3,GPS,2020,POINT (39204.24240747494 163663.32153178751),before,,Bombus,
1500,1500,2020-06-23,p4,Kemmelberg,sinus,V,Dagvlinders,1,Maniola,50.77286214,2.79799604,3,GPS,2020,POINT (39212.76631980229 163656.70689442102),before,,Butterflies,
1501,1501,2020-06-23,p4,Kemmelberg,sinus,V,Dagvlinders,1,Maniola,50.77281143,2.79808329,3,GPS,2020,POINT (39218.799985846636 163650.9371281173),before,,Butterflies,
1502,1502,2020-06-23,p4,Kemmelberg,sinus,V,Dagvlinders,1,Maniola,50.77275946,2.79800358,3,GPS,2020,POINT (39213.05654446677 163645.27622968052),before,,Butterflies,
1503,1503,2020-06-23,p4,Kemmelberg,sinus,V,Dagvlinders,1,Maniola,50.77278745,2.79778959,3,GPS,2020,POINT (39198.03163389739 163648.7082654452),before,,Butterflies,
1513,1513,2020-06-23,p4,Kemmelberg,sinus,V,Dagvlinders,1,Maniola,50.77301871,2.7970343,3,GPS,2020,POINT (39145.312253115044 163675.5543917045),before,,Butterflies,
1514,1514,2020-06-23,p4,Kemmelberg,sinus,V,Dagvlinders,1,Pieris,50.77299859,2.79683783,3,GPS,2020,POINT (39131.40974967183 163673.6099852575),before,,Butterflies,
1523,1523,2020-06-23,p4,Kemmelberg,blok,V,Dagvlinders,1,Maniola,50.77815983,2.79663783,3,GPS,2020,POINT (39129.45535579455 164247.90912708268),before,,Butterflies,
1524,1524,2020-06-23,p4,Kemmelberg,blok,V,Dagvlinders,1,Maniola,50.77821448,2.79686465,3,GPS,2020,POINT (39145.57767858762 164253.64845136926),before,,Butterflies,
1525,1525,2020-06-23,p4,Kemmelberg,blok,V,Bijen,1,Bombus,50.77829193,2.79680179,3,GPS,2020,POINT (39141.32755488345 164262.35576722957),before,,Bombus,
1526,1526,2020-06-23,p4,Kemmelberg,blok,V,Dagvlinders,1,Maniola,50.77842152,2.7971529,3,GPS,2020,POINT (39166.39016444911 164276.2440393297),before,,Butterflies,
1527,1527,2020-06-23,p4,Kemmelberg,blok,V,Dagvlinders,1,Maniola,50.77820862,2.79728768,3,GPS,2020,POINT (39175.39285112872 164252.36553421523),before,,Butterflies,
1528,1528,2020-06-23,p4,Kemmelberg,blok,V,Dagvlinders,1,Maniola,50.77810812,2.79730772,3,GPS,2020,POINT (39176.56944570676 164241.1586497957),before,,Butterflies,
1529,1529,2020-06-23,p4,Kemmelberg,blok,V,Dagvlinders,1,Maniola,50.77803771,2.79727134,3,GPS,2020,POINT (39173.83850968098 164233.3823618507),before,,Butterflies,
1530,1530,2020-06-23,p4,Kemmelberg,blok,V,Dagvlinders,1,Pieris,50.77798658,2.79714762,3,GPS,2020,POINT (39164.99433056559 164227.8805887308),before,,Butterflies,
1531,1531,2020-06-23,p4,Kemmelberg,blok,V,Dagvlinders,1,Maniola,50.77798826,2.79699801,3,GPS,2020,POINT (39154.4488375293 164228.29066295736),before,,Butterflies,
1532,1532,2020-06-23,p4,Kemmelberg,blok,V,Dagvlinders,1,Maniola,50.77777024,2.7970058,3,GPS,2020,POINT (39154.485028654584 164204.0322100371),before,,Butterflies,
1533,1533,2020-06-23,p4,Kemmelberg,blok,V,Dagvlinders,1,Maniola,50.77788725,2.79666432,3,GPS,2020,POINT (39130.681587453524 164217.55493956432),before,,Butterflies,
1534,1534,2020-06-23,p4,Kemmelberg,blok,V,Dagvlinders,1,Maniola,50.7779979,2.79658503,3,GPS,2020,POINT (39125.351084127586 164229.9790869644),before,,Butterflies,
1535,1535,2020-06-23,p4,Kemmelberg,blok,V,Dagvlinders,1,Maniola,50.77783604,2.7962759,3,GPS,2020,POINT (39103.17230527036 164212.4394731624),before,,Butterflies,
1536,1536,2020-06-23,p4,Kemmelberg,blok,V,Dagvlinders,1,Maniola,50.77776153,2.796365,3,GPS,2020,POINT (39109.27960145833 164204.019924541),before,,Butterflies,
1537,1537,2020-06-23,p4,Kemmelberg,blok,V,Dagvlinders,1,Maniola,50.77758425,2.7965204,3,GPS,2020,POINT (39119.82001573259 164184.07198047172),before,,Butterflies,
1538,1538,2020-06-23,p4,Kemmelberg,blok,V,Dagvlinders,1,Maniola,50.77739893,2.79646961,3,GPS,2020,POINT (39115.80233641376 164163.53766047116),before,,Butterflies,
1539,1539,2020-06-23,p4,Kemmelberg,blok,V,Dagvlinders,1,Maniola,50.77746439,2.79608639,3,GPS,2020,POINT (39088.93416984762 164171.3898159694),before,,Butterflies,
1540,1540,2020-06-23,p4,Kemmelberg,blok,V,Dagvlinders,1,Maniola,50.77761644,2.79595714,3,GPS,2020,POINT (39080.17835375937 164188.49285184685),before,,Butterflies,
1541,1541,2020-06-23,p4,Kemmelberg,blok,V,Dagvlinders,1,Maniola,50.7775622,2.79597131,3,GPS,2020,POINT (39081.049793620885 164182.43946018722),before,,Butterflies,
1542,1542,2020-06-23,p4,Kemmelberg,blok,V,Bijen,1,Bombus,50.7774172,2.79560694,3,GPS,2020,POINT (39055.015199128466 164166.8576002),before,,Bombus,
1543,1543,2020-06-23,p4,Kemmelberg,blok,V,Dagvlinders,1,Maniola,50.77739339,2.79564098,3,GPS,2020,POINT (39057.35940405338 164164.15876240656),before,,Butterflies,
1544,1544,2020-06-23,p4,Kemmelberg,blok,V,Dagvlinders,1,Maniola,50.77735576,2.79554207,3,GPS,2020,POINT (39050.29623648626 164160.12151598837),before,,Butterflies,
1545,1545,2020-06-23,p4,Kemmelberg,blok,V,Bijen,1,Bombus,50.77731737,2.79547334,3,GPS,2020,POINT (39045.35937854511 164155.95467781834),before,,Bombus,
1546,1546,2020-06-23,p4,Kemmelberg,blok,V,Bijen,1,Bombus,50.77730002,2.79546613,3,GPS,2020,POINT (39044.8101001436 164154.0358890891),before,,Bombus,
1547,1547,2020-06-23,p4,Kemmelberg,blok,V,Dagvlinders,1,Maniola,50.77729817,2.79545221,3,GPS,2020,POINT (39043.82418736754 164153.85093556717),before,,Butterflies,
1548,1548,2020-06-23,p4,Kemmelberg,blok,V,Dagvlinders,1,Maniola,50.77728334,2.79535666,3,GPS,2020,POINT (39037.05163815651 164152.34436109476),before,,Butterflies,
1549,1549,2020-06-23,p4,Kemmelberg,blok,V,Bijen,1,Bombus,50.77709416,2.79533001,3,GPS,2020,POINT (39034.72673464712 164131.34476071317),before,,Bombus,
1550,1550,2020-06-23,p4,Kemmelberg,blok,V,Dagvlinders,1,Maniola,50.77712936,2.79543637,3,GPS,2020,POINT (39042.309558826164 164135.10060848854),before,,Butterflies,
1551,1551,2020-06-23,p4,Kemmelberg,blok,V,Dagvlinders,1,Maniola,50.77717312,2.79567358,3,GPS,2020,POINT (39059.13931550193 164139.61302828323),before,,Butterflies,
1552,1552,2020-06-23,p4,Kemmelberg,blok,V,Dagvlinders,1,Maniola,50.77731821,2.79578548,3,GPS,2020,POINT (39067.371582300664 164155.5819146214),before,,Butterflies,
1553,1553,2020-06-23,p4,Kemmelberg,blok,V,Bijen,1,Bombus,50.7773923,2.79554634,3,GPS,2020,POINT (39050.68340671036 164164.1788877705),before,,Bombus,
1563,1563,2020-06-23,p4,Kemmelberg,blok,V,Bijen,1,Bombus,50.77725048,2.79601037,3,GPS,2020,POINT (39083.06996420582 164147.7135913875),before,,Bombus,
1564,1564,2020-06-23,p4,Kemmelberg,blok,V,Dagvlinders,1,Pieris,50.77727261,2.79611003,3,GPS,2020,POINT (39090.14950773293 164150.02594919782),before,,Butterflies,
1565,1565,2020-06-23,p4,Kemmelberg,blok,V,Bijen,1,Bombus,50.77718577,2.79607231,3,GPS,2020,POINT (39087.28522125754 164140.4244670486),before,,Bombus,
1566,1566,2020-06-23,p4,Kemmelberg,blok,V,Bijen,1,Bombus,50.77718577,2.79607231,3,GPS,2020,POINT (39087.28522125754 164140.4244670486),before,,Bombus,
1567,1567,2020-06-23,p4,Kemmelberg,blok,V,Dagvlinders,1,Maniola,50.77719776,2.79605144,3,GPS,2020,POINT (39085.84182608024 164141.7890806701),before,,Butterflies,
1568,1568,2020-06-23,p4,Kemmelberg,blok,V,Dagvlinders,1,Pieris,50.77742382,2.79595739,3,GPS,2020,POINT (39079.74235305391 164167.07048816513),before,,Butterflies,
1583,1583,2020-06-23,p4,Palingbeek,sinus,V,Dagvlinders,1,Maniola,50.82117526,2.91305275,3,GPS,2020,POINT (47432.07940264017 168864.6808069069),before,,Butterflies,
1584,1584,2020-06-23,p4,Palingbeek,sinus,V,Dagvlinders,1,Maniola,50.82096856,2.91309348,3,GPS,2020,POINT (47434.49832506411 168841.63568885438),before,,Butterflies,
1585,1585,2020-06-23,p4,Palingbeek,sinus,V,Bijen,1,Bombus,50.82109337,2.91296599,3,GPS,2020,POINT (47425.78860941084 168855.69290998578),before,,Bombus,
1586,1586,2020-06-23,p4,Palingbeek,sinus,V,Dagvlinders,1,Ochlodes,50.82116109,2.9129261,3,GPS,2020,POINT (47423.125953745286 168863.279713138),before,,Butterflies,
1587,1587,2020-06-23,p4,Palingbeek,sinus,V,Dagvlinders,1,Maniola,50.82104031,2.91313196,3,GPS,2020,POINT (47437.36565734811 168849.5624952186),before,,Butterflies,
1588,1588,2020-06-23,p4,Palingbeek,sinus,V,Dagvlinders,1,Maniola,50.82103352,2.91320991,3,GPS,2020,POINT (47442.84249402264 168848.69970360305),before,,Butterflies,
1589,1589,2020-06-23,p4,Palingbeek,sinus,V,Dagvlinders,1,Maniola,50.82087795,2.91339129,3,GPS,2020,POINT (47455.2818369928 168831.14703654405),before,,Butterflies,
1590,1590,2020-06-23,p4,Palingbeek,sinus,V,Bijen,1,Hylaeus,50.82090075,2.91338995,3,GPS,2020,POINT (47455.237117926474 168833.684670222),before,,Other bees,
1591,1591,2020-06-23,p4,Palingbeek,sinus,V,Dagvlinders,1,Maniola,50.82082984,2.91345743,3,GPS,2020,POINT (47459.8366298989 168825.70501296967),before,,Butterflies,
1592,1592,2020-06-23,p4,Palingbeek,sinus,V,Dagvlinders,1,Maniola,50.82085549,2.9135674,3,GPS,2020,POINT (47467.64002215472 168828.40598095674),before,,Butterflies,
1593,1593,2020-06-23,p4,Palingbeek,sinus,V,Bijen,1,Lasioglossum,50.82083361,2.91368164,3,GPS,2020,POINT (47475.64067634345 168825.8148473492),before,,Other bees,
1594,1594,2020-06-23,p4,Palingbeek,sinus,V,Bijen,1,Bombus,50.82089162,2.91363889,3,GPS,2020,POINT (47472.75528609316 168832.32563922927),before,,Bombus,
1595,1595,2020-06-23,p4,Palingbeek,sinus,V,Dagvlinders,1,Maniola,50.82093906,2.91357226,3,GPS,2020,POINT (47468.16450520365 168837.69381148554),before,,Butterflies,
1596,1596,2020-06-23,p4,Palingbeek,sinus,V,Dagvlinders,1,Maniola,50.82103444,2.91348064,3,GPS,2020,POINT (47461.917631008284 168848.42830101866),before,,Butterflies,
1597,1597,2020-06-23,p4,Palingbeek,sinus,V,Dagvlinders,1,Maniola,50.82100846,2.91366597,3,GPS,2020,POINT (47474.917665226574 168845.2830467131),before,,Butterflies,
1598,1598,2020-06-23,p4,Palingbeek,sinus,V,Bijen,1,Lasioglossum,50.82101659,2.91373998,3,GPS,2020,POINT (47480.14944115521 168846.08511346858),before,,Other bees,
1599,1599,2020-06-23,p4,Palingbeek,sinus,V,Dagvlinders,1,Maniola,50.82085423,2.91380066,3,GPS,2020,POINT (47484.070683402024 168827.9439202668),before,,Butterflies,
1600,1600,2020-06-23,p4,Palingbeek,sinus,V,Bijen,1,Bombus,50.82089203,2.91388784,3,GPS,2020,POINT (47490.2949489732 168832.0276786359),before,,Bombus,
1601,1601,2020-06-23,p4,Palingbeek,sinus,V,Dagvlinders,1,Maniola,50.82109354,2.91370796,3,GPS,2020,POINT (47478.06125810857 168854.68757527787),before,,Butterflies,
1602,1602,2020-06-23,p4,Palingbeek,sinus,V,Bijen,1,Bombus,50.8212393,2.91348064,3,GPS,2020,POINT (47462.36402958876 168871.21254434623),before,,Bombus,
1603,1603,2020-06-23,p4,Palingbeek,sinus,V,Bijen,1,Bombus,50.82137827,2.91357771,3,GPS,2020,POINT (47469.50545586058 168886.53461415973),before,,Bombus,
1604,1604,2020-06-23,p4,Palingbeek,sinus,V,Dagvlinders,1,Maniola,50.82144918,2.91365331,3,GPS,2020,POINT (47474.985991654496 168894.31678602938),before,,Butterflies,
1605,1605,2020-06-23,p4,Palingbeek,sinus,V,Bijen,1,Andrena,50.82144063,2.9137383,3,GPS,2020,POINT (47480.954921249606 168893.24857341126),before,,Other bees,
1606,1606,2020-06-23,p4,Palingbeek,sinus,V,Bijen,1,Bombus,50.8215444,2.91365054,3,GPS,2020,POINT (47474.99830896201 168904.910846008),before,,Bombus,
1607,1607,2020-06-23,p4,Palingbeek,sinus,V,Bijen,1,Lasioglossum,50.82130979,2.91381542,3,GPS,2020,POINT (47486.10299659999 168878.5903027421),before,,Other bees,
1608,1608,2020-06-23,p4,Palingbeek,sinus,V,Bijen,1,Bombus,50.82123594,2.91387962,3,GPS,2020,POINT (47490.46503081669 168870.2882151669),before,,Bombus,
1609,1609,2020-06-23,p4,Palingbeek,sinus,V,Dagvlinders,1,Maniola,50.82126562,2.91398951,3,GPS,2020,POINT (47498.27148326313 168873.43755058385),before,,Butterflies,
1610,1610,2020-06-23,p4,Palingbeek,sinus,V,Bijen,1,Andrena,50.82122957,2.91411364,3,GPS,2020,POINT (47506.93797337421 168869.25685040932),before,,Other bees,
1611,1611,2020-06-23,p4,Palingbeek,sinus,V,Dagvlinders,1,Maniola,50.82110267,2.91427064,3,GPS,2020,POINT (47517.722327617026 168854.9266060507),before,,Butterflies,
1612,1612,2020-06-23,p4,Palingbeek,sinus,V,Dagvlinders,1,Lycaena,50.82104794,2.91438513,3,GPS,2020,POINT (47525.669039693545 168848.68167206366),before,,Butterflies,
1613,1613,2020-06-23,p4,Palingbeek,sinus,V,Bijen,1,Bombus,50.82102346,2.91438614,3,GPS,2020,POINT (47525.68688520277 168845.95764680952),before,,Bombus,
1614,1614,2020-06-23,p4,Palingbeek,sinus,V,Dagvlinders,1,Maniola,50.82099547,2.91444892,3,GPS,2020,POINT (47530.048834858855 168842.7580378633),before,,Butterflies,
1615,1615,2020-06-23,p4,Palingbeek,sinus,V,Dagvlinders,1,Maniola,50.82080084,2.91485108,3,GPS,2020,POINT (47557.957634792256 168820.55689827073),before,,Butterflies,
1616,1616,2020-06-23,p4,Palingbeek,sinus,V,Bijen,1,Bombus,50.82068425,2.9149427,3,GPS,2020,POINT (47564.15856815131 168807.46357684396),before,,Bombus,
1617,1617,2020-06-23,p4,Palingbeek,sinus,V,Bijen,1,Bombus,50.82066463,2.915024,3,GPS,2020,POINT (47569.84355190433 168805.16936380696),before,,Bombus,
1618,1618,2020-06-23,p4,Palingbeek,sinus,V,Dagvlinders,1,Maniola,50.82019365,2.91482074,3,GPS,2020,POINT (47554.49827394578 168753.06790107395),before,,Butterflies,
1619,1619,2020-06-23,p4,Palingbeek,sinus,V,Bijen,1,Bombus,50.82021302,2.91467624,3,GPS,2020,POINT (47544.360127983266 168755.42148882803),before,,Bombus,
1620,1620,2020-06-23,p4,Palingbeek,sinus,V,Bijen,1,Bombus,50.82049423,2.91434482,3,GPS,2020,POINT (47521.62332936573 168787.15441666637),before,,Bombus,
1656,1656,2020-06-23,p4,Palingbeek,blok,V,Bijen,1,Lasioglossum,50.82299522,2.91205404,3,GPS,2020,POINT (47365.68941776721 169068.47358902637),before,,Other bees,
1657,1657,2020-06-23,p4,Palingbeek,blok,V,Bijen,1,Bombus,50.8229974,2.91196536,3,GPS,2020,POINT (47359.446863060686 169068.8385693645),before,,Bombus,
1658,1658,2020-06-23,p4,Palingbeek,blok,V,Bijen,1,Bombus,50.82294786,2.91189814,3,GPS,2020,POINT (47354.60329574149 169063.4216780169),before,,Bombus,
1659,1659,2020-06-23,p4,Palingbeek,blok,V,Bijen,1,Bombus,50.82296756,2.91191465,3,GPS,2020,POINT (47355.80936324524 169065.58987219539),before,,Bombus,
1660,1660,2020-06-23,p4,Palingbeek,blok,V,Bijen,1,Bombus,50.82296588,2.91195581,3,GPS,2020,POINT (47358.705331277466 169065.3461537147),before,,Bombus,
1661,1661,2020-06-23,p4,Palingbeek,blok,V,Bijen,1,Bombus,50.82294543,2.91179831,3,GPS,2020,POINT (47347.565184940366 169063.28936126363),before,,Bombus,
1662,1662,2020-06-23,p4,Palingbeek,blok,V,Dagvlinders,1,Pieris,50.82298525,2.91170293,3,GPS,2020,POINT (47340.93274366154 169067.8498905301),before,,Butterflies,
1663,1663,2020-06-23,p4,Palingbeek,blok,V,Dagvlinders,1,Lycaena,50.82304107,2.9118704,3,GPS,2020,POINT (47352.85240559402 169073.8266949486),before,,Butterflies,
1664,1664,2020-06-23,p4,Palingbeek,blok,V,Dagvlinders,1,Ochlodes,50.82309664,2.91180175,3,GPS,2020,POINT (47348.137398964114 169080.10197402816),before,,Butterflies,
1665,1665,2020-06-23,p4,Palingbeek,blok,V,Bijen,1,Nomada,50.82317049,2.91204197,3,GPS,2020,POINT (47365.22141155139 169087.98355262633),before,,Other bees,
1666,1666,2020-06-23,p4,Palingbeek,blok,V,Dagvlinders,1,Maniola,50.8231549,2.91207173,3,GPS,2020,POINT (47367.28392579277 169086.20853818022),before,,Butterflies,
1667,1667,2020-06-23,p4,Palingbeek,blok,V,Dagvlinders,1,Maniola,50.8231404,2.91219503,3,GPS,2020,POINT (47375.938484974875 169084.4255270278),before,,Butterflies,
1668,1668,2020-06-23,p4,Palingbeek,blok,V,Dagvlinders,1,Maniola,50.8231404,2.91219503,3,GPS,2020,POINT (47375.938484974875 169084.4255270278),before,,Butterflies,
1669,1669,2020-06-23,p4,Palingbeek,blok,V,Bijen,1,Megachile,50.82331457,2.91222227,3,GPS,2020,POINT (47378.23732920774 169103.75884529017),before,,Other bees,
1670,1670,2020-06-23,p4,Palingbeek,blok,V,Bijen,1,Bombus,50.82322237,2.91223794,3,GPS,2020,POINT (47379.14015921562 169093.482840552),before,,Bombus,
1671,1671,2020-06-23,p4,Palingbeek,blok,V,Dagvlinders,1,Maniola,50.82315473,2.91251396,3,GPS,2020,POINT (47398.43757759729 169085.5787496157),before,,Butterflies,
1672,1672,2020-06-23,p4,Palingbeek,blok,V,Dagvlinders,1,Maniola,50.82314677,2.91242855,3,GPS,2020,POINT (47392.40329384395 169084.81141728256),before,,Butterflies,
1673,1673,2020-06-23,p4,Palingbeek,blok,V,Dagvlinders,1,Maniola,50.82274561,2.91299575,3,GPS,2020,POINT (47431.486722344765 169039.41166063026),before,,Butterflies,
1674,1674,2020-06-23,p4,Palingbeek,blok,V,Dagvlinders,1,Maniola,50.82264092,2.91288159,3,GPS,2020,POINT (47423.21614008883 169027.92581000924),before,,Butterflies,
1675,1675,2020-06-23,p4,Palingbeek,blok,V,Bijen,1,Bombus,50.82263455,2.91286357,3,GPS,2020,POINT (47421.93277467863 169027.2422298994),before,,Bombus,
1676,1676,2020-06-23,p4,Palingbeek,blok,V,Dagvlinders,1,Maniola,50.82249817,2.91262208,3,GPS,2020,POINT (47404.62285097939 169012.40772081632),before,,Butterflies,
1677,1677,2020-06-23,p4,Palingbeek,blok,V,Bijen,1,Bombus,50.82227471,2.91219092,3,GPS,2020,POINT (47373.760897282016 168988.15036303177),before,,Bombus,
1678,1678,2020-06-23,p4,Palingbeek,blok,V,Dagvlinders,1,Maniola,50.82215804,2.91197676,3,GPS,2020,POINT (47358.419075536716 168975.47037111688),before,,Butterflies,
1679,1679,2020-06-23,p4,Palingbeek,blok,V,Bijen,1,Bombus,50.82231453,2.91188959,3,GPS,2020,POINT (47352.61940389617 168992.99541435018),before,,Bombus,
1680,1680,2020-06-23,p4,Palingbeek,blok,V,Dagvlinders,1,Maniola,50.82238519,2.91199294,3,GPS,2020,POINT (47360.05441680369 169000.711319251),before,,Butterflies,
1681,1681,2020-06-23,p4,Palingbeek,blok,V,Dagvlinders,1,Pieris,50.82259012,2.9120268,3,GPS,2020,POINT (47362.88680743135 169023.45656453725),before,,Butterflies,
1682,1682,2020-06-23,p4,Palingbeek,blok,V,Dagvlinders,1,Maniola,50.82274586,2.91224046,3,GPS,2020,POINT (47378.27846573418 169040.48257306032),before,,Butterflies,
1683,1683,2020-06-23,p4,Palingbeek,blok,V,Bijen,1,Bombus,50.82268677,2.91186059,3,GPS,2020,POINT (47351.38841873848 169034.4354970511),before,,Bombus,
1684,1684,2020-06-23,p4,Palingbeek,blok,V,Bijen,1,Bombus,50.82268677,2.91186059,3,GPS,2020,POINT (47351.38841873848 169034.4354970511),before,,Bombus,
1685,1685,2020-06-23,p4,Palingbeek,blok,V,Dagvlinders,1,Maniola,50.82264134,2.91164543,3,GPS,2020,POINT (47336.131655173085 169029.6801640382),before,,Butterflies,
1686,1686,2020-06-23,p4,Palingbeek,blok,V,Dagvlinders,1,Maniola,50.82265483,2.91135072,3,GPS,2020,POINT (47315.3992720642 169031.5878317738),before,,Butterflies,
1687,1687,2020-06-23,p4,Palingbeek,blok,V,Dagvlinders,1,Maniola,50.82268559,2.91123798,3,GPS,2020,POINT (47307.524062994766 169035.164759079),before,,Butterflies,
1688,1688,2020-06-23,p4,Palingbeek,blok,V,Bijen,1,Bombus,50.82270403,2.91130194,3,GPS,2020,POINT (47312.070174121836 169037.12721471954),before,,Bombus,
1689,1689,2020-06-23,p4,Palingbeek,blok,V,Dagvlinders,1,Maniola,50.82282063,2.91142414,3,GPS,2020,POINT (47320.933381415685 169049.9263903331),before,,Butterflies,
1690,1690,2020-06-23,p4,Palingbeek,blok,V,Bijen,1,Bombus,50.82282063,2.91142414,3,GPS,2020,POINT (47320.933381415685 169049.9263903331),before,,Bombus,
1691,1691,2020-06-23,p4,Palingbeek,blok,V,Bijen,1,Bombus,50.82290503,2.91157007,3,GPS,2020,POINT (47331.39801687644 169059.11154587567),before,,Bombus,
1828,1828,2020-07-07,p4,Waarmaarde,sinus,V,Bijen,1,Lasioglossum,50.79402586,3.49369425,3,GPS,2020,POINT (88305.73951339078 165203.059754082),before,,Other bees,
1829,1829,2020-07-07,p4,Waarmaarde,sinus,V,Bijen,1,Lasioglossum,50.7941018,3.49371294,3,GPS,2020,POINT (88307.15662701838 165211.49115308747),before,,Other bees,
1830,1830,2020-07-07,p4,Waarmaarde,sinus,V,Dagvlinders,1,Polyommatus,50.79409417,3.49363851,3,GPS,2020,POINT (88301.89933631779 165210.7042522682),before,,Butterflies,
1831,1831,2020-07-07,p4,Waarmaarde,sinus,V,Dagvlinders,1,Maniola,50.79404849,3.49373784,3,GPS,2020,POINT (88308.84224345148 165205.5407328941),before,,Butterflies,
1832,1832,2020-07-07,p4,Waarmaarde,sinus,V,Dagvlinders,1,Aricia,50.79404849,3.49373784,3,GPS,2020,POINT (88308.84224345148 165205.5407328941),before,,Butterflies,
1833,1833,2020-07-07,p4,Waarmaarde,sinus,V,Dagvlinders,1,Maniola,50.79411127,3.49380322,3,GPS,2020,POINT (88313.53374668742 165212.4695674749),before,,Butterflies,
1834,1834,2020-07-07,p4,Waarmaarde,sinus,V,Dagvlinders,1,Maniola,50.79411923,3.49381579,3,GPS,2020,POINT (88314.43035356747 165213.34453521855),before,,Butterflies,
1835,1835,2020-07-07,p4,Waarmaarde,sinus,V,Dagvlinders,1,Maniola,50.79413666,3.49383507,3,GPS,2020,POINT (88315.81241587093 165215.26729497872),before,,Butterflies,
1836,1836,2020-07-07,p4,Waarmaarde,sinus,V,Dagvlinders,1,Aricia,50.79413666,3.49383507,3,GPS,2020,POINT (88315.81241587093 165215.26729497872),before,,Butterflies,
1837,1837,2020-07-07,p4,Waarmaarde,sinus,V,Dagvlinders,1,Pyronia,50.79413666,3.49383507,3,GPS,2020,POINT (88315.81241587093 165215.26729497872),before,,Butterflies,
1838,1838,2020-07-07,p4,Waarmaarde,sinus,V,Dagvlinders,1,Polyommatus,50.79413666,3.49383507,3,GPS,2020,POINT (88315.81241587093 165215.26729497872),before,,Butterflies,
1839,1839,2020-07-07,p4,Waarmaarde,sinus,V,Bijen,1,Lasioglossum,50.79418033,3.49400103,3,GPS,2020,POINT (88327.56972739226 165219.98702337313),before,,Other bees,
1840,1840,2020-07-07,p4,Waarmaarde,sinus,V,Bijen,1,Bombus,50.79419299,3.49409424,3,GPS,2020,POINT (88334.1575731638 165221.31785953604),before,,Bombus,
1841,1841,2020-07-07,p4,Waarmaarde,sinus,V,Dagvlinders,1,Maniola,50.79423976,3.49410304,3,GPS,2020,POINT (88334.83920490296 165226.5128520662),before,,Butterflies,
1842,1842,2020-07-07,p4,Waarmaarde,sinus,V,Dagvlinders,1,Polyommatus,50.79423976,3.49410304,3,GPS,2020,POINT (88334.83920490296 165226.5128520662),before,,Butterflies,
1843,1843,2020-07-07,p4,Waarmaarde,sinus,V,Dagvlinders,1,Maniola,50.79431939,3.4941245,3,GPS,2020,POINT (88336.45638066909 165235.35240490548),before,,Butterflies,
1844,1844,2020-07-07,p4,Waarmaarde,sinus,V,Dagvlinders,1,Maniola,50.79429592,3.4942022,3,GPS,2020,POINT (88341.90346006595 165232.6773288427),before,,Butterflies,
1845,1845,2020-07-07,p4,Waarmaarde,sinus,V,Dagvlinders,1,Pieris,50.79417254,3.49442189,3,GPS,2020,POINT (88357.23000486419 165218.7713283049),before,,Butterflies,
1846,1846,2020-07-07,p4,Waarmaarde,sinus,V,Bijen,1,Bombus,50.79413055,3.49436489,3,GPS,2020,POINT (88353.15656498671 165214.14800443314),before,,Bombus,
1847,1847,2020-07-07,p4,Waarmaarde,sinus,V,Dagvlinders,1,Maniola,50.79408394,3.4943871,3,GPS,2020,POINT (88354.66135752496 165208.9450812973),before,,Butterflies,
1848,1848,2020-07-07,p4,Waarmaarde,sinus,V,Bijen,1,Panurgus,50.7939899,3.49458366,3,GPS,2020,POINT (88368.39573589104 165198.32183320262),before,,Other bees,
1849,1849,2020-07-07,p4,Waarmaarde,sinus,V,Bijen,1,Bombus,50.79402259,3.49463856,3,GPS,2020,POINT (88372.30895558355 165201.91245779395),before,,Bombus,
1850,1850,2020-07-07,p4,Waarmaarde,sinus,V,Bijen,1,Dasypoda,50.79399711,3.49458575,3,GPS,2020,POINT (88368.55251543788 165199.12207859475),before,,Other bees,
1851,1851,2020-07-07,p4,Waarmaarde,sinus,V,Bijen,1,Bombus,50.79391748,3.49448911,3,GPS,2020,POINT (88361.63519239574 165190.34487385303),before,,Bombus,
1852,1852,2020-07-07,p4,Waarmaarde,sinus,V,Bijen,1,Panurgus,50.7938635,3.49427998,3,GPS,2020,POINT (88346.82086180407 165184.514089223),before,,Other bees,
1853,1853,2020-07-07,p4,Waarmaarde,sinus,V,Bijen,1,Bombus,50.79380667,3.49424209,3,GPS,2020,POINT (88344.07521818054 165178.2242432125),before,,Bombus,
1854,1854,2020-07-07,p4,Waarmaarde,sinus,V,Bijen,1,Bombus,50.79382922,3.49413648,3,GPS,2020,POINT (88336.6592166851 165180.8201434305),before,,Bombus,
1855,1855,2020-07-07,p4,Waarmaarde,sinus,V,Bijen,1,Lasioglossum,50.79403306,3.49413707,3,GPS,2020,POINT (88336.96768575268 165203.4930719789),before,,Other bees,
1856,1856,2020-07-07,p4,Waarmaarde,sinus,V,Dagvlinders,1,Maniola,50.79399828,3.49395644,3,GPS,2020,POINT (88324.18775406579 165199.7743459139),before,,Butterflies,
1857,1857,2020-07-07,p4,Waarmaarde,sinus,V,Bijen,1,Lasioglossum,50.7940443,3.49390858,3,GPS,2020,POINT (88320.87389564727 165204.93294095155),before,,Other bees,
1858,1858,2020-07-07,p4,Waarmaarde,sinus,V,Dagvlinders,1,Maniola,50.79405033,3.49392593,3,GPS,2020,POINT (88322.10496423648 165205.5892657945),before,,Butterflies,
1859,1859,2020-07-07,p4,Waarmaarde,sinus,V,Bijen,1,Bombus,50.79393969,3.49381411,3,GPS,2020,POINT (88314.07676755446 165193.37543633766),before,,Bombus,
1860,1860,2020-07-07,p4,Waarmaarde,sinus,V,Bijen,1,Bombus,50.79389485,3.49385007,3,GPS,2020,POINT (88316.55322168753 165188.35796815064),before,,Bombus,
1880,1880,2020-07-07,p4,Waarmaarde,blok,V,Dagvlinders,1,Maniola,50.7930849,3.49233421,3,GPS,2020,POINT (88208.62242731726 165099.52547367476),before,,Butterflies,
1881,1881,2020-07-07,p4,Waarmaarde,blok,V,Dagvlinders,1,Maniola,50.79298885,3.49233228,3,GPS,2020,POINT (88208.36034846054 165088.84330362268),before,,Butterflies,
1882,1882,2020-07-07,p4,Waarmaarde,blok,V,Dagvlinders,1,Maniola,50.79306554,3.4923353,3,GPS,2020,POINT (88208.67387468358 165097.37112758495),before,,Butterflies,
1883,1883,2020-07-07,p4,Waarmaarde,blok,V,Dagvlinders,1,Maniola,50.79309211,3.49222885,3,GPS,2020,POINT (88201.20387616048 165100.41506790183),before,,Butterflies,
1884,1884,2020-07-07,p4,Waarmaarde,blok,V,Bijen,1,Bombus,50.79316344,3.4922783,3,GPS,2020,POINT (88204.7837484135 165108.30807975866),before,,Bombus,
1885,1885,2020-07-07,p4,Waarmaarde,blok,V,Bijen,1,Panurgus,50.79313679,3.4923503,3,GPS,2020,POINT (88209.82486734244 165105.28389128484),before,,Other bees,
1886,1886,2020-07-07,p4,Waarmaarde,blok,V,Dagvlinders,1,Maniola,50.79314869,3.49248483,3,GPS,2020,POINT (88219.32499910209 165106.49568910152),before,,Butterflies,
1887,1887,2020-07-07,p4,Waarmaarde,blok,V,Dagvlinders,1,Maniola,50.79315556,3.4925979,3,GPS,2020,POINT (88227.30557483603 165107.16584937833),before,,Butterflies,
1888,1888,2020-07-07,p4,Waarmaarde,blok,V,Dagvlinders,1,Lycaena,50.79315556,3.4925979,3,GPS,2020,POINT (88227.30557483603 165107.16584937833),before,,Butterflies,
1889,1889,2020-07-07,p4,Waarmaarde,blok,V,Dagvlinders,1,Maniola,50.79301064,3.49259547,3,GPS,2020,POINT (88226.94418843013 165091.04821563512),before,,Butterflies,
1890,1890,2020-07-07,p4,Waarmaarde,blok,V,Bijen,1,Apis,50.79316872,3.49254954,3,GPS,2020,POINT (88223.91340031027 165108.6698565837),before,,Apis,
1891,1891,2020-07-07,p4,Waarmaarde,blok,V,Bijen,1,Andrena,50.7931341,3.49268197,3,GPS,2020,POINT (88233.20446316403 165104.7089408394),before,,Other bees,
1892,1892,2020-07-07,p4,Waarmaarde,blok,V,Dagvlinders,1,Polyommatus,50.79317132,3.49259731,3,GPS,2020,POINT (88227.28464901538 165108.91934665944),before,,Butterflies,
1893,1893,2020-07-07,p4,Waarmaarde,blok,V,Bijen,1,Nomada,50.79317132,3.49259731,3,GPS,2020,POINT (88227.28464901538 165108.91934665944),before,,Other bees,
1894,1894,2020-07-07,p4,Waarmaarde,blok,V,Dagvlinders,1,Maniola,50.79310284,3.49277149,3,GPS,2020,POINT (88239.47473804856 165101.15744162817),before,,Butterflies,
1895,1895,2020-07-07,p4,Waarmaarde,blok,V,Dagvlinders,1,Maniola,50.79315464,3.49284668,3,GPS,2020,POINT (88244.84364356557 165106.8567389138),before,,Butterflies,
1896,1896,2020-07-07,p4,Waarmaarde,blok,V,Dagvlinders,1,Maniola,50.79332538,3.49274023,3,GPS,2020,POINT (88237.56269200052 165125.93685898837),before,,Butterflies,
1897,1897,2020-07-07,p4,Waarmaarde,blok,V,Dagvlinders,1,Maniola,50.79341624,3.49231945,3,GPS,2020,POINT (88208.01653216637 165136.39315767493),before,,Butterflies,
1898,1898,2020-07-07,p4,Waarmaarde,blok,V,Dagvlinders,1,Polyommatus,50.79333745,3.49200941,3,GPS,2020,POINT (88186.0550744441 165127.88709382527),before,,Butterflies,
1933,1933,2020-07-07,p4,Waarmaarde2,sinus,V,Bijen,1,Bombus,50.78123155,3.47116328,3,GPS,2020,POINT (86700.1212871944 163798.8845708305),before,,Bombus,
1934,1934,2020-07-07,p4,Waarmaarde2,sinus,V,Bijen,1,Bombus,50.78123951,3.47119655,3,GPS,2020,POINT (86702.47814147492 163799.74162636325),before,,Bombus,
1935,1935,2020-07-07,p4,Waarmaarde2,sinus,V,Dagvlinders,1,Maniola,50.78117782,3.47120234,3,GPS,2020,POINT (86702.80355926856 163792.87487432454),before,,Butterflies,
1936,1936,2020-07-07,p4,Waarmaarde2,sinus,V,Bijen,1,Sphecodes,50.78108353,3.47111751,3,GPS,2020,POINT (86696.69474708247 163782.4591978155),before,,Other bees,
1937,1937,2020-07-07,p4,Waarmaarde2,sinus,V,Bijen,1,Heriades,50.78098269,3.47095524,3,GPS,2020,POINT (86685.11610709569 163771.38094810862),before,,Other bees,
1938,1938,2020-07-07,p4,Waarmaarde2,sinus,V,Bijen,1,Heriades,50.78098043,3.47103219,3,GPS,2020,POINT (86690.53951741439 163771.06400404032),before,,Other bees,
1939,1939,2020-07-07,p4,Waarmaarde2,sinus,V,Dagvlinders,1,Pieris,50.78107414,3.47097728,3,GPS,2020,POINT (86686.79325052054 163781.53421296272),before,,Butterflies,
1940,1940,2020-07-07,p4,Waarmaarde2,sinus,V,Dagvlinders,1,Maniola,50.78108906,3.47094719,3,GPS,2020,POINT (86684.69138589306 163783.2194124991),before,,Butterflies,
1941,1941,2020-07-07,p4,Waarmaarde2,sinus,V,Dagvlinders,1,Maniola,50.78111177,3.47081761,3,GPS,2020,POINT (86675.58406317321 163785.85587870423),before,,Butterflies,
1942,1942,2020-07-07,p4,Waarmaarde2,sinus,V,Dagvlinders,1,Maniola,50.78123038,3.47078006,3,GPS,2020,POINT (86673.09551470814 163799.0809475379),before,,Butterflies,
1943,1943,2020-07-07,p4,Waarmaarde2,sinus,V,Bijen,1,Bombus,50.7813126,3.47073111,3,GPS,2020,POINT (86669.75414900281 163808.26804977655),before,,Bombus,
1944,1944,2020-07-07,p4,Waarmaarde2,sinus,V,Bijen,1,Halictus,50.78138058,3.47067897,3,GPS,2020,POINT (86666.16869750642 163815.8739485219),before,,Other bees,
1945,1945,2020-07-07,p4,Waarmaarde2,sinus,V,Dagvlinders,1,Maniola,50.78143825,3.47079565,3,GPS,2020,POINT (86674.47431993205 163822.18918013573),before,,Butterflies,
1946,1946,2020-07-07,p4,Waarmaarde2,sinus,V,Dagvlinders,1,Maniola,50.78144328,3.47085591,3,GPS,2020,POINT (86678.73052258044 163822.6973186955),before,,Butterflies,
1947,1947,2020-07-07,p4,Waarmaarde2,sinus,V,Bijen,1,Nomada,50.78143883,3.4709016,3,GPS,2020,POINT (86681.94652928913 163822.16340890527),before,,Other bees,
1948,1948,2020-07-07,p4,Waarmaarde2,sinus,V,Dagvlinders,1,Polyommatus,50.78151771,3.47134139,3,GPS,2020,POINT (86713.06580516069 163830.5626330059),before,,Butterflies,
1949,1949,2020-07-07,p4,Waarmaarde2,sinus,V,Dagvlinders,1,Maniola,50.78154713,3.47118163,3,GPS,2020,POINT (86701.83932498698 163833.97111576702),before,,Butterflies,
1950,1950,2020-07-07,p4,Waarmaarde2,sinus,V,Dagvlinders,1,Polyommatus,50.78151461,3.47112003,3,GPS,2020,POINT (86697.45170086881 163830.4063686151),before,,Butterflies,
1951,1951,2020-07-07,p4,Waarmaarde2,sinus,V,Dagvlinders,1,Maniola,50.78159105,3.47119178,3,GPS,2020,POINT (86702.61409661124 163838.84772120975),before,,Butterflies,
1952,1952,2020-07-07,p4,Waarmaarde2,sinus,V,Bijen,1,Nomada,50.78159105,3.47119178,3,GPS,2020,POINT (86702.61409661124 163838.84772120975),before,,Other bees,
1953,1953,2020-07-07,p4,Waarmaarde2,sinus,V,Dagvlinders,1,Maniola,50.78147538,3.47105205,3,GPS,2020,POINT (86692.60514651416 163826.10070278682),before,,Butterflies,
1954,1954,2020-07-07,p4,Waarmaarde2,sinus,V,Dagvlinders,1,Aricia,50.78147538,3.47105205,3,GPS,2020,POINT (86692.60514651416 163826.10070278682),before,,Butterflies,
1955,1955,2020-07-07,p4,Waarmaarde2,sinus,V,Dagvlinders,1,Thymelicus,50.78144537,3.47096907,3,GPS,2020,POINT (86686.71319847798 163822.83336867392),before,,Butterflies,
1979,1979,2020-07-07,p4,Waarmaarde2,blok,V,Dagvlinders,1,Maniola,50.78066343,3.46911097,3,GPS,2020,POINT (86554.62985008155 163737.44249369018),before,,Butterflies,
1980,1980,2020-07-07,p4,Waarmaarde2,blok,V,Dagvlinders,1,Maniola,50.78062931,3.46929948,3,GPS,2020,POINT (86567.87755801594 163733.48636978492),before,,Butterflies,
1981,1981,2020-07-07,p4,Waarmaarde2,blok,V,Bijen,1,Heriades,50.78055924,3.46938984,3,GPS,2020,POINT (86574.15537786418 163725.6153098587),before,,Other bees,
1982,1982,2020-07-07,p4,Waarmaarde2,blok,V,Dagvlinders,1,Maniola,50.78049537,3.46926168,3,GPS,2020,POINT (86565.03156628754 163718.62040909007),before,,Butterflies,
1983,1983,2020-07-07,p4,Waarmaarde2,blok,V,Dagvlinders,1,Lycaena,50.78048741,3.46927878,3,GPS,2020,POINT (86566.2267377569 163717.7204157533),before,,Butterflies,
1984,1984,2020-07-07,p4,Waarmaarde2,blok,V,Dagvlinders,1,Maniola,50.78049746,3.46953853,3,GPS,2020,POINT (86584.55779900274 163718.61657847557),before,,Butterflies,
1985,1985,2020-07-07,p4,Waarmaarde2,blok,V,Dagvlinders,1,Maniola,50.78041398,3.46961271,3,GPS,2020,POINT (86589.67659983275 163709.2677431265),before,,Butterflies,
1986,1986,2020-07-07,p4,Waarmaarde2,blok,V,Bijen,1,Heriades,50.78032136,3.4695325,3,GPS,2020,POINT (86583.89551849662 163699.03401296865),before,,Other bees,
1987,1987,2020-07-07,p4,Waarmaarde2,blok,V,Bijen,1,Heriades,50.78033569,3.4695081,3,GPS,2020,POINT (86582.1941177996 163700.6487713363),before,,Other bees,
1988,1988,2020-07-07,p4,Waarmaarde2,blok,V,Bijen,1,Heriades,50.78042571,3.46941104,3,GPS,2020,POINT (86575.4706293369 163710.7445905814),before,,Other bees,
1989,1989,2020-07-07,p4,Waarmaarde2,blok,V,Bijen,1,Bombus,50.78031885,3.46943988,3,GPS,2020,POINT (86577.36056708341 163698.8338717455),before,,Bombus,
1990,1990,2020-07-07,p4,Waarmaarde2,blok,V,Dagvlinders,1,Aricia,50.78032874,3.46945815,3,GPS,2020,POINT (86578.66228341176 163699.91834911704),before,,Butterflies,
1991,1991,2020-07-07,p4,Waarmaarde2,blok,V,Dagvlinders,1,Maniola,50.78032874,3.46945815,3,GPS,2020,POINT (86578.66228341176 163699.91834911704),before,,Butterflies,
1992,1992,2020-07-07,p4,Waarmaarde2,blok,V,Dagvlinders,1,Maniola,50.78044449,3.46915305,3,GPS,2020,POINT (86557.3024778319 163713.05373553932),before,,Butterflies,
1993,1993,2020-07-07,p4,Waarmaarde2,blok,V,Dagvlinders,1,Maniola,50.7804455,3.4691538,3,GPS,2020,POINT (86557.35672789198 163713.1654381249),before,,Butterflies,
1994,1994,2020-07-07,p4,Waarmaarde2,blok,V,Dagvlinders,1,Pieris,50.78046754,3.4690414,3,GPS,2020,POINT (86549.4599731387 163715.71293106116),before,,Butterflies,
1995,1995,2020-07-07,p4,Waarmaarde2,blok,V,Dagvlinders,1,Pyronia,50.78040292,3.46859649,3,GPS,2020,POINT (86517.99789808241 163708.90520404093),before,,Butterflies,
1996,1996,2020-07-07,p4,Waarmaarde2,blok,V,Bijen,1,Nomada,50.7803491,3.46863228,3,GPS,2020,POINT (86520.4492890529 163702.8881982155),before,,Other bees,
1997,1997,2020-07-07,p4,Waarmaarde2,blok,V,Dagvlinders,1,Maniola,50.78016328,3.46887527,3,GPS,2020,POINT (86537.3346451669 163682.01177653298),before,,Butterflies,
1998,1998,2020-07-07,p4,Waarmaarde2,blok,V,Bijen,1,Bombus,50.78039059,3.46895155,3,GPS,2020,POINT (86543.02011330219 163707.23046096135),before,,Bombus,
2043,2043,2020-07-18,p5,Palingbeek,blok,V,Dagvlinders,1,Maniola,50.82292817,2.91186721,3,GPS,2020,POINT (47352.38139054728 169061.27452143095),after,,Butterflies,
2044,2044,2020-07-18,p5,Palingbeek,blok,V,Bijen,1,Apis,50.8228591,2.9119227,3,GPS,2020,POINT (47356.13987614565 169053.5159786269),after,,Apis,
2045,2045,2020-07-18,p5,Palingbeek,blok,V,Bijen,1,Bombus,50.8228591,2.9119227,3,GPS,2020,POINT (47356.13987614565 169053.5159786269),after,,Bombus,
2046,2046,2020-07-18,p5,Palingbeek,blok,V,Bijen,1,Bombus,50.82284175,2.91170225,3,GPS,2020,POINT (47340.57176420765 169051.89096033014),after,,Bombus,
2047,2047,2020-07-18,p5,Palingbeek,blok,V,Bijen,1,Apis,50.82283538,2.91171525,3,GPS,2020,POINT (47341.473691037 169051.1645327462),after,,Apis,
2048,2048,2020-07-18,p5,Palingbeek,blok,V,Dagvlinders,1,Maniola,50.8228337,2.91169404,3,GPS,2020,POINT (47339.97582317676 169051.00699629635),after,,Butterflies,
2049,2049,2020-07-18,p5,Palingbeek,blok,V,Bijen,1,Bombus,50.8228337,2.91169404,3,GPS,2020,POINT (47339.97582317676 169051.00699629635),after,,Bombus,
2050,2050,2020-07-18,p5,Palingbeek,blok,V,Dagvlinders,1,Maniola,50.82299606,2.91173989,3,GPS,2020,POINT (47343.56007795672 169069.00108819176),after,,Butterflies,
2051,2051,2020-07-18,p5,Palingbeek,blok,V,Bijen,1,Bombus,50.82298215,2.91162296,3,GPS,2020,POINT (47335.29226960118 169067.6156288674),after,,Bombus,
2052,2052,2020-07-18,p5,Palingbeek,blok,V,Bijen,1,Apis,50.82298215,2.91162296,3,GPS,2020,POINT (47335.29226960118 169067.6156288674),after,,Apis,
2053,2053,2020-07-18,p5,Palingbeek,blok,V,Dagvlinders,1,Maniola,50.823015,2.91149028,3,GPS,2020,POINT (47326.016934924 169071.45253290795),after,,Butterflies,
2054,2054,2020-07-18,p5,Palingbeek,blok,V,Dagvlinders,1,Aricia,50.82300159,2.91143051,3,GPS,2020,POINT (47321.777010781036 169070.04370316025),after,,Butterflies,
2055,2055,2020-07-18,p5,Palingbeek,blok,V,Dagvlinders,1,Pyronia,50.82298097,2.91146002,3,GPS,2020,POINT (47323.81093017582 169067.70958764013),after,,Butterflies,
2056,2056,2020-07-18,p5,Palingbeek,blok,V,Dagvlinders,1,Maniola,50.82288349,2.9116668,3,GPS,2020,POINT (47338.16544880127 169056.58221502695),after,,Butterflies,
2057,2057,2020-07-18,p5,Palingbeek,blok,V,Bijen,1,Bombus,50.82285373,2.91171349,3,GPS,2020,POINT (47341.389736529134 169053.20782631356),after,,Bombus,
2058,2058,2020-07-18,p5,Palingbeek,blok,V,Bijen,1,Bombus,50.82283144,2.91169421,3,GPS,2020,POINT (47339.982868656254 169050.75540732406),after,,Bombus,
2059,2059,2020-07-18,p5,Palingbeek,blok,V,Dagvlinders,1,Maniola,50.82283144,2.91169421,3,GPS,2020,POINT (47339.982868656254 169050.75540732406),after,,Butterflies,
2060,2060,2020-07-18,p5,Palingbeek,blok,V,Bijen,1,Bombus,50.82273186,2.9115746,3,GPS,2020,POINT (47331.339306640046 169039.84556036256),after,,Bombus,
2061,2061,2020-07-18,p5,Palingbeek,blok,V,Bijen,1,Apis,50.82270772,2.91164274,3,GPS,2020,POINT (47336.08697682875 169037.06657205895),after,,Apis,
2062,2062,2020-07-18,p5,Palingbeek,blok,V,Dagvlinders,1,Pieris,50.82264125,2.91150721,3,GPS,2020,POINT (47326.39409318508 169029.8611827977),after,,Butterflies,
2063,2063,2020-07-18,p5,Palingbeek,blok,V,Bijen,1,Apis,50.82264737,2.91130562,3,GPS,2020,POINT (47312.205774372735 169030.82048266102),after,,Apis,
2064,2064,2020-07-18,p5,Palingbeek,blok,V,Bijen,1,Colletes,50.82264737,2.91130562,3,GPS,2020,POINT (47312.205774372735 169030.82048266102),after,,Other bees,
2065,2065,2020-07-18,p5,Palingbeek,blok,V,Bijen,1,Colletes,50.82262851,2.91129255,3,GPS,2020,POINT (47311.243856563204 169028.74096710887),after,,Other bees,
2066,2066,2020-07-18,p5,Palingbeek,blok,V,Dagvlinders,1,Pyronia,50.82272834,2.91125843,3,GPS,2020,POINT (47309.05802587097 169039.89108416717),after,,Butterflies,
2067,2067,2020-07-18,p5,Palingbeek,blok,V,Dagvlinders,1,Pieris,50.82272599,2.91112206,3,GPS,2020,POINT (47299.445879337 169039.81824172288),after,,Butterflies,
2068,2068,2020-07-18,p5,Palingbeek,blok,V,Dagvlinders,1,Polyommatus,50.82256355,2.91141576,3,GPS,2020,POINT (47319.78204332567 169021.34589793626),after,,Butterflies,
2069,2069,2020-07-18,p5,Palingbeek,blok,V,Bijen,1,Apis,50.82256515,2.91161542,3,GPS,2020,POINT (47333.851267166334 169021.24789348245),after,,Apis,
2070,2070,2020-07-18,p5,Palingbeek,blok,V,Bijen,1,Bombus,50.82256137,2.91172371,3,GPS,2020,POINT (47341.47188062905 169020.67783317156),after,,Bombus,
2071,2071,2020-07-18,p5,Palingbeek,blok,V,Bijen,1,Apis,50.82270085,2.91182522,3,GPS,2020,POINT (47348.92738003291 169036.05032947194),after,,Apis,
2072,2072,2020-07-18,p5,Palingbeek,blok,V,Bijen,1,Apis,50.82269582,2.91197861,3,GPS,2020,POINT (47359.7224618794 169035.27895323746),after,,Apis,
2073,2073,2020-07-18,p5,Palingbeek,blok,V,Dagvlinders,1,Maniola,50.82279364,2.91190753,3,GPS,2020,POINT (47354.9283857058 169046.2565693641),after,,Butterflies,
2074,2074,2020-07-18,p5,Palingbeek,blok,V,Bijen,1,Apis,50.8227933,2.91205329,3,GPS,2020,POINT (47365.19615782586 169046.01736240275),after,,Apis,
2075,2075,2020-07-18,p5,Palingbeek,blok,V,Bijen,1,Apis,50.82290612,2.91216703,3,GPS,2020,POINT (47373.454985645425 169058.40790934954),after,,Apis,
2076,2076,2020-07-18,p5,Palingbeek,blok,V,Bijen,1,Apis,50.82283488,2.91216066,3,GPS,2020,POINT (47372.85085647099 169050.49349514116),after,,Apis,
2077,2077,2020-07-18,p5,Palingbeek,blok,V,Bijen,1,Bombus,50.82283488,2.91216066,3,GPS,2020,POINT (47372.85085647099 169050.49349514116),after,,Bombus,
2078,2078,2020-07-18,p5,Palingbeek,blok,V,Bijen,1,Bombus,50.82293102,2.91231061,3,GPS,2020,POINT (47383.62420084316 169060.97890816815),after,,Bombus,
2079,2079,2020-07-18,p5,Palingbeek,blok,V,Dagvlinders,1,Maniola,50.82296354,2.91239988,3,GPS,2020,POINT (47389.983999295684 169064.47242809553),after,,Butterflies,
2080,2080,2020-07-18,p5,Palingbeek,blok,V,Dagvlinders,1,Polyommatus,50.82304384,2.91258403,3,GPS,2020,POINT (47403.132055129725 169073.14893967006),after,,Butterflies,
2081,2081,2020-07-18,p5,Palingbeek,blok,V,Bijen,1,Bombus,50.82313696,2.91248823,3,GPS,2020,POINT (47396.58621387191 169083.63793191593),after,,Bombus,
2082,2082,2020-07-18,p5,Palingbeek,blok,V,Dagvlinders,1,Aricia,50.82319337,2.91250784,3,GPS,2020,POINT (47398.09069306869 169089.88469044864),after,,Butterflies,
2083,2083,2020-07-18,p5,Palingbeek,blok,V,Bijen,1,Bombus,50.82309907,2.91260264,3,GPS,2020,POINT (47404.5635085329 169079.26584300958),after,,Bombus,
2084,2084,2020-07-18,p5,Palingbeek,blok,V,Bijen,1,Bombus,50.82305716,2.91271982,3,GPS,2020,POINT (47412.72719222911 169074.4428421054),after,,Bombus,
2085,2085,2020-07-18,p5,Palingbeek,blok,V,Bijen,1,Apis,50.82298575,2.91272929,3,GPS,2020,POINT (47413.2386461977 169066.48764140438),after,,Apis,
2086,2086,2020-07-18,p5,Palingbeek,blok,V,Dagvlinders,1,Maniola,50.82289724,2.91257096,3,GPS,2020,POINT (47401.891655845 169056.86233905144),after,,Butterflies,
2087,2087,2020-07-18,p5,Palingbeek,blok,V,Dagvlinders,1,Pieris,50.82281476,2.91240265,3,GPS,2020,POINT (47389.854701548014 169047.9214948807),after,,Butterflies,
2088,2088,2020-07-18,p5,Palingbeek,blok,V,Bijen,1,Andrena,50.82269624,2.9123609,3,GPS,2020,POINT (47386.655035792064 169034.7975329226),after,,Other bees,
2089,2089,2020-07-18,p5,Palingbeek,blok,V,Bijen,1,Bombus,50.8226239,2.91230718,3,GPS,2020,POINT (47382.71279703631 169026.82618385088),after,,Bombus,
2090,2090,2020-07-18,p5,Palingbeek,blok,V,Bijen,1,Apis,50.8226208,2.91222143,3,GPS,2020,POINT (47376.66509011116 169026.5998619292),after,,Apis,
2091,2091,2020-07-18,p5,Palingbeek,blok,V,Dagvlinders,1,Maniola,50.82264964,2.912119,3,GPS,2020,POINT (47369.511967707454 169029.94891345222),after,,Butterflies,
2092,2092,2020-07-18,p5,Palingbeek,blok,V,Bijen,1,Bombus,50.82258509,2.91204214,3,GPS,2020,POINT (47363.95651441226 169022.87594078202),after,,Bombus,
2093,2093,2020-07-18,p5,Palingbeek,blok,V,Bijen,1,Bombus,50.82244252,2.91197299,3,GPS,2020,POINT (47358.77401918026 169007.11504607275),after,,Bombus,
2094,2094,2020-07-18,p5,Palingbeek,blok,V,Dagvlinders,1,Pieris,50.82234722,2.91182958,3,GPS,2020,POINT (47348.46308478931 168996.71407203097),after,,Butterflies,
2095,2095,2020-07-18,p5,Palingbeek,blok,V,Bijen,1,Apis,50.82232023,2.91189889,3,GPS,2020,POINT (47353.28701184914 168993.61650988553),after,,Apis,
2096,2096,2020-07-18,p5,Palingbeek,blok,V,Dagvlinders,1,Polyommatus,50.8222691,2.91189923,3,GPS,2020,POINT (47353.19942886698 168987.9294334324),after,,Butterflies,
2097,2097,2020-07-18,p5,Palingbeek,blok,V,Bijen,1,Bombus,50.8221463,2.91196587,3,GPS,2020,POINT (47357.62627686253 168974.1797115812),after,,Bombus,
2098,2098,2020-07-18,p5,Palingbeek,blok,V,Dagvlinders,1,Pyronia,50.8221463,2.91196587,3,GPS,2020,POINT (47357.62627686253 168974.1797115812),after,,Butterflies,
2099,2099,2020-07-18,p5,Palingbeek,blok,V,Bijen,1,Bombus,50.82220523,2.91205983,3,GPS,2020,POINT (47364.37420704505 168980.60400244687),after,,Bombus,
2100,2100,2020-07-18,p5,Palingbeek,blok,V,Bijen,1,Bombus,50.82228812,2.91209,3,GPS,2020,POINT (47366.68044610678 168989.78122906946),after,,Bombus,
2101,2101,2020-07-18,p5,Palingbeek,blok,V,Bijen,1,Bombus,50.82240296,2.9122516,3,GPS,2020,POINT (47378.31543321893 169002.3303220952),after,,Bombus,
2102,2102,2020-07-18,p5,Palingbeek,blok,V,Bijen,1,Bombus,50.82242467,2.91245872,3,GPS,2020,POINT (47392.95410469585 169004.45877736527),after,,Bombus,
2103,2103,2020-07-18,p5,Palingbeek,blok,V,Bijen,1,Bombus,50.82251569,2.91242561,3,GPS,2020,POINT (47390.82003015086 169014.62762861606),after,,Bombus,
2104,2104,2020-07-18,p5,Palingbeek,blok,V,Dagvlinders,1,Polyommatus,50.82263245,2.9128463,3,GPS,2020,POINT (47420.7115537676 169027.03251801617),after,,Butterflies,
2105,2105,2020-07-18,p5,Palingbeek,blok,V,Dagvlinders,1,Maniola,50.82258032,2.91271714,3,GPS,2020,POINT (47411.498792114304 169021.4130503107),after,,Butterflies,
2106,2106,2020-07-18,p5,Palingbeek,blok,V,Dagvlinders,1,Polyommatus,50.82264435,2.91284119,3,GPS,2020,POINT (47420.37750471762 169028.36307591014),after,,Butterflies,
2107,2107,2020-07-18,p5,Palingbeek,blok,V,Bijen,1,Bombus,50.82268191,2.91291654,3,GPS,2020,POINT (47425.76766306508 169032.43640264682),after,,Bombus,
2108,2108,2020-07-18,p5,Palingbeek,blok,V,Bijen,1,Bombus,50.82268191,2.91291654,3,GPS,2020,POINT (47425.76766306508 169032.43640264682),after,,Bombus,
2109,2109,2020-07-18,p5,Palingbeek,blok,V,Dagvlinders,1,Pieris,50.82273538,2.91304638,3,GPS,2020,POINT (47435.03121554207 169038.20398976374),after,,Butterflies,
2110,2110,2020-07-18,p5,Palingbeek,blok,V,Dagvlinders,1,Maniola,50.82280554,2.91291646,3,GPS,2020,POINT (47426.03152677606 169046.18647310603),after,,Butterflies,
2198,2198,2020-07-18,p5,Palingbeek,sinus,V,Bijen,1,Bombus,50.82060831,2.91405967,3,GPS,2020,POINT (47501.782548514544 168800.2356371591),after,,Bombus,
2199,2199,2020-07-18,p5,Palingbeek,sinus,V,Dagvlinders,1,Maniola,50.8205705,2.91418338,3,GPS,2020,POINT (47510.41574192894 168795.8597781891),after,,Butterflies,
2200,2200,2020-07-18,p5,Palingbeek,sinus,V,Bijen,1,Bombus,50.8205705,2.91418338,3,GPS,2020,POINT (47510.41574192894 168795.8597781891),after,,Bombus,
2201,2201,2020-07-18,p5,Palingbeek,sinus,V,Dagvlinders,1,Aricia,50.82054025,2.91416645,3,GPS,2020,POINT (47509.15711374211 168792.51877289638),after,,Butterflies,
2202,2202,2020-07-18,p5,Palingbeek,sinus,V,Bijen,1,Bombus,50.82044888,2.91423149,3,GPS,2020,POINT (47513.54028349274 168782.26699734852),after,,Bombus,
2203,2203,2020-07-18,p5,Palingbeek,sinus,V,Dagvlinders,1,Maniola,50.82049767,2.91414198,3,GPS,2020,POINT (47507.34042395542 168787.81684536114),after,,Butterflies,
2204,2204,2020-07-18,p5,Palingbeek,sinus,V,Dagvlinders,1,Maniola,50.82049767,2.91414198,3,GPS,2020,POINT (47507.34042395542 168787.81684536114),after,,Butterflies,
2205,2205,2020-07-18,p5,Palingbeek,sinus,V,Bijen,1,Bombus,50.82049767,2.91414198,3,GPS,2020,POINT (47507.34042395542 168787.81684536114),after,,Bombus,
2206,2206,2020-07-18,p5,Palingbeek,sinus,V,Bijen,1,Apis,50.82049767,2.91414198,3,GPS,2020,POINT (47507.34042395542 168787.81684536114),after,,Apis,
2207,2207,2020-07-18,p5,Palingbeek,sinus,V,Dagvlinders,1,Pyronia,50.82045852,2.91423216,3,GPS,2020,POINT (47513.60848120609 168783.33822037373),after,,Butterflies,
2208,2208,2020-07-18,p5,Palingbeek,sinus,V,Bijen,1,Bombus,50.82049356,2.91431313,3,GPS,2020,POINT (47519.38925971332 168787.12361693848),after,,Bombus,
2209,2209,2020-07-18,p5,Palingbeek,sinus,V,Bijen,1,Apis,50.82049356,2.91431313,3,GPS,2020,POINT (47519.38925971332 168787.12361693848),after,,Apis,
2210,2210,2020-07-18,p5,Palingbeek,sinus,V,Bijen,1,Bombus,50.82049356,2.91431313,3,GPS,2020,POINT (47519.38925971332 168787.12361693848),after,,Bombus,
2211,2211,2020-07-18,p5,Palingbeek,sinus,V,Dagvlinders,1,Polyommatus,50.82055282,2.91438555,3,GPS,2020,POINT (47524.62041284084 168793.61452906113),after,,Butterflies,
2212,2212,2020-07-18,p5,Palingbeek,sinus,V,Bijen,1,Bombus,50.82058006,2.91447256,3,GPS,2020,POINT (47530.80971385968 168796.5241012415),after,,Bombus,
2213,2213,2020-07-18,p5,Palingbeek,sinus,V,Dagvlinders,1,Maniola,50.82058006,2.91447256,3,GPS,2020,POINT (47530.80971385968 168796.5241012415),after,,Butterflies,
2214,2214,2020-07-18,p5,Palingbeek,sinus,V,Dagvlinders,1,Maniola,50.82045366,2.91463022,3,GPS,2020,POINT (47541.641876907495 168782.2486075135),after,,Butterflies,
2215,2215,2020-07-18,p5,Palingbeek,sinus,V,Bijen,1,Apis,50.82045366,2.91463022,3,GPS,2020,POINT (47541.641876907495 168782.2486075135),after,,Apis,
2216,2216,2020-07-18,p5,Palingbeek,sinus,V,Bijen,1,Bombus,50.82049842,2.91462528,3,GPS,2020,POINT (47541.391302950506 168787.2335662637),after,,Bombus,
2217,2217,2020-07-18,p5,Palingbeek,sinus,V,Bijen,1,Apis,50.82043849,2.91466543,3,GPS,2020,POINT (47544.08945020047 168780.51285906136),after,,Apis,
2218,2218,2020-07-18,p5,Palingbeek,sinus,V,Bijen,1,Bombus,50.82039574,2.91482368,3,GPS,2020,POINT (47555.14535893258 168775.54001731332),after,,Bombus,
2219,2219,2020-07-18,p5,Palingbeek,sinus,V,Bijen,1,Apis,50.82039574,2.91482368,3,GPS,2020,POINT (47555.14535893258 168775.54001731332),after,,Apis,
2220,2220,2020-07-18,p5,Palingbeek,sinus,V,Bijen,1,Bombus,50.8203483,2.91487749,3,GPS,2020,POINT (47558.833092361674 168770.189600789),after,,Bombus,
2221,2221,2020-07-18,p5,Palingbeek,sinus,V,Bijen,1,Bombus,50.8203483,2.91487749,3,GPS,2020,POINT (47558.833092361674 168770.189600789),after,,Bombus,
2222,2222,2020-07-18,p5,Palingbeek,sinus,V,Bijen,1,Apis,50.8203483,2.91487749,3,GPS,2020,POINT (47558.833092361674 168770.189600789),after,,Apis,
2223,2223,2020-07-18,p5,Palingbeek,sinus,V,Dagvlinders,1,Maniola,50.82028569,2.91483147,3,GPS,2020,POINT (47555.454597080825 168763.28966541216),after,,Butterflies,
2224,2224,2020-07-18,p5,Palingbeek,sinus,V,Dagvlinders,1,Pieris,50.82028569,2.91483147,3,GPS,2020,POINT (47555.454597080825 168763.28966541216),after,,Butterflies,
2225,2225,2020-07-18,p5,Palingbeek,sinus,V,Dagvlinders,1,Polyommatus,50.82019617,2.9148914,3,GPS,2020,POINT (47559.481900863655 168753.25073038694),after,,Butterflies,
2226,2226,2020-07-18,p5,Palingbeek,sinus,V,Dagvlinders,1,Pieris,50.82017035,2.91492828,3,GPS,2020,POINT (47562.02396508244 168750.32820925582),after,,Butterflies,
2227,2227,2020-07-18,p5,Palingbeek,sinus,V,Dagvlinders,1,Maniola,50.82016733,2.91480825,3,GPS,2020,POINT (47553.561027954944 168750.15785159264),after,,Butterflies,
2228,2228,2020-07-18,p5,Palingbeek,sinus,V,Bijen,1,Bombus,50.82016733,2.91480825,3,GPS,2020,POINT (47553.561027954944 168750.15785159264),after,,Bombus,
2229,2229,2020-07-18,p5,Palingbeek,sinus,V,Dagvlinders,1,Pyronia,50.82020254,2.91469493,3,GPS,2020,POINT (47545.65405869103 168754.23014086112),after,,Butterflies,
2230,2230,2020-07-18,p5,Palingbeek,sinus,V,Dagvlinders,1,Pyronia,50.82020254,2.91469493,3,GPS,2020,POINT (47545.65405869103 168754.23014086112),after,,Butterflies,
2231,2231,2020-07-18,p5,Palingbeek,sinus,V,Dagvlinders,1,Pyronia,50.82020069,2.9145521,3,GPS,2020,POINT (47535.58736825752 168754.22138344683),after,,Butterflies,
2232,2232,2020-07-18,p5,Palingbeek,sinus,V,Bijen,1,Nomada,50.82020069,2.9145521,3,GPS,2020,POINT (47535.58736825752 168754.22138344683),after,,Other bees,
2233,2233,2020-07-18,p5,Palingbeek,sinus,V,Bijen,1,Nomada,50.82020069,2.9145521,3,GPS,2020,POINT (47535.58736825752 168754.22138344683),after,,Other bees,
2234,2234,2020-07-18,p5,Palingbeek,sinus,V,Bijen,1,Heriades,50.82020069,2.9145521,3,GPS,2020,POINT (47535.58736825752 168754.22138344683),after,,Other bees,
2235,2235,2020-07-18,p5,Palingbeek,sinus,V,Dagvlinders,1,Maniola,50.82030673,2.91457138,3,GPS,2020,POINT (47537.176575589474 168765.98841196205),after,,Butterflies,
2236,2236,2020-07-18,p5,Palingbeek,sinus,V,Bijen,1,Bombus,50.82030673,2.91457138,3,GPS,2020,POINT (47537.176575589474 168765.98841196205),after,,Bombus,
2237,2237,2020-07-18,p5,Palingbeek,sinus,V,Bijen,1,Bombus,50.82030673,2.91457138,3,GPS,2020,POINT (47537.176575589474 168765.98841196205),after,,Bombus,
2238,2238,2020-07-18,p5,Palingbeek,sinus,V,Dagvlinders,1,Pieris,50.82031821,2.91452595,3,GPS,2020,POINT (47534.00094484759 168767.3278636234),after,,Butterflies,
2239,2239,2020-07-18,p5,Palingbeek,sinus,V,Dagvlinders,1,Pyronia,50.82031821,2.91452595,3,GPS,2020,POINT (47534.00094484759 168767.3278636234),after,,Butterflies,
2240,2240,2020-07-18,p5,Palingbeek,sinus,V,Bijen,1,Apis,50.82031821,2.91452595,3,GPS,2020,POINT (47534.00094484759 168767.3278636234),after,,Apis,
2241,2241,2020-07-18,p5,Palingbeek,sinus,V,Bijen,1,Bombus,50.82034688,2.91450441,3,GPS,2020,POINT (47532.54584124983 168770.54621218145),after,,Bombus,
2242,2242,2020-07-18,p5,Palingbeek,sinus,V,Bijen,1,Bombus,50.82056439,2.91475377,3,GPS,2020,POINT (47550.58725194243 168794.39344934095),after,,Bombus,
2243,2243,2020-07-18,p5,Palingbeek,sinus,V,Bijen,1,Apis,50.82056439,2.91475377,3,GPS,2020,POINT (47550.58725194243 168794.39344934095),after,,Apis,
2244,2244,2020-07-18,p5,Palingbeek,sinus,V,Bijen,1,Bombus,50.82057578,2.91493499,3,GPS,2020,POINT (47563.379264205214 168795.41032336093),after,,Bombus,
2245,2245,2020-07-18,p5,Palingbeek,sinus,V,Bijen,1,Bombus,50.82062214,2.91495804,3,GPS,2020,POINT (47565.104088333086 168800.53463493846),after,,Bombus,
2246,2246,2020-07-18,p5,Palingbeek,sinus,V,Bijen,1,Bombus,50.82062574,2.91497396,3,GPS,2020,POINT (47566.23351110316 168800.9130698666),after,,Bombus,
2247,2247,2020-07-18,p5,Palingbeek,sinus,V,Bijen,1,Bombus,50.82060914,2.91504387,3,GPS,2020,POINT (47571.122634857806 168798.97044421453),after,,Bombus,
2248,2248,2020-07-18,p5,Palingbeek,sinus,V,Bijen,1,Bombus,50.82062448,2.91505015,3,GPS,2020,POINT (47571.59846021462 168800.6678790385),after,,Bombus,
2249,2249,2020-07-18,p5,Palingbeek,sinus,V,Bijen,1,Bombus,50.82062448,2.91505015,3,GPS,2020,POINT (47571.59846021462 168800.6678790385),after,,Bombus,
2250,2250,2020-07-18,p5,Palingbeek,sinus,V,Dagvlinders,1,Polyommatus,50.8206322,2.91509449,3,GPS,2020,POINT (47574.73907871889 168801.4653507918),after,,Butterflies,
2251,2251,2020-07-18,p5,Palingbeek,sinus,V,Dagvlinders,1,Pyronia,50.8206322,2.91509449,3,GPS,2020,POINT (47574.73907871889 168801.4653507918),after,,Butterflies,
2252,2252,2020-07-18,p5,Palingbeek,sinus,V,Bijen,1,Bombus,50.82066488,2.91504177,3,GPS,2020,POINT (47571.096016331154 168805.17266649287),after,,Bombus,
2253,2253,2020-07-18,p5,Palingbeek,sinus,V,Bijen,1,Bombus,50.82068031,2.91498494,3,GPS,2020,POINT (47567.12585476502 168806.9671305092),after,,Bombus,
2254,2254,2020-07-18,p5,Palingbeek,sinus,V,Dagvlinders,1,Pyronia,50.82063027,2.91492359,3,GPS,2020,POINT (47562.69473569344 168801.48634647392),after,,Butterflies,
2255,2255,2020-07-18,p5,Palingbeek,sinus,V,Dagvlinders,1,Maniola,50.82068995,2.91491445,3,GPS,2020,POINT (47562.180727075436 168808.13647803944),after,,Butterflies,
2256,2256,2020-07-18,p5,Palingbeek,sinus,V,Bijen,1,Bombus,50.82073018,2.91486097,3,GPS,2020,POINT (47558.500571447905 168812.6845512595),after,,Bombus,
2257,2257,2020-07-18,p5,Palingbeek,sinus,V,Dagvlinders,1,Carcharodus,50.82081953,2.91466668,3,GPS,2020,POINT (47545.007139980764 168822.88987960294),after,,Butterflies,
2258,2258,2020-07-18,p5,Palingbeek,sinus,V,Bijen,1,Bombus,50.82085926,2.91474053,3,GPS,2020,POINT (47550.29645196309 168827.2067458667),after,,Bombus,
2259,2259,2020-07-18,p5,Palingbeek,sinus,V,Bijen,1,Bombus,50.8208057,2.91468789,3,GPS,2020,POINT (47546.47129662614 168821.32247370947),after,,Bombus,
2260,2260,2020-07-18,p5,Palingbeek,sinus,V,Bijen,1,Apis,50.82065541,2.91467481,3,GPS,2020,POINT (47545.222576602755 168804.62546571996),after,,Apis,
2261,2261,2020-07-18,p5,Palingbeek,sinus,V,Dagvlinders,1,Maniola,50.82061602,2.91476307,3,GPS,2020,POINT (47551.35485547691 168800.12284133956),after,,Butterflies,
2262,2262,2020-07-18,p5,Palingbeek,sinus,V,Bijen,1,Apis,50.82065231,2.9145868,3,GPS,2020,POINT (47539.01540401962 168804.40207322687),after,,Apis,
2263,2263,2020-07-18,p5,Palingbeek,sinus,V,Bijen,1,Apis,50.82083881,2.91446879,3,GPS,2020,POINT (47531.10755600434 168825.3071196014),after,,Apis,
2264,2264,2020-07-18,p5,Palingbeek,sinus,V,Bijen,1,Bombus,50.82083881,2.91446879,3,GPS,2020,POINT (47531.10755600434 168825.3071196014),after,,Bombus,
2265,2265,2020-07-18,p5,Palingbeek,sinus,V,Dagvlinders,1,Pyronia,50.82083881,2.91446879,3,GPS,2020,POINT (47531.10755600434 168825.3071196014),after,,Butterflies,
2266,2266,2020-07-18,p5,Palingbeek,sinus,V,Dagvlinders,1,Pyronia,50.82083881,2.91446879,3,GPS,2020,POINT (47531.10755600434 168825.3071196014),after,,Butterflies,
2267,2267,2020-07-18,p5,Palingbeek,sinus,V,Dagvlinders,1,Maniola,50.82083881,2.91446879,3,GPS,2020,POINT (47531.10755600434 168825.3071196014),after,,Butterflies,
2268,2268,2020-07-18,p5,Palingbeek,sinus,V,Bijen,1,Nomada,50.82083881,2.91446879,3,GPS,2020,POINT (47531.10755600434 168825.3071196014),after,,Other bees,
2269,2269,2020-07-18,p5,Palingbeek,sinus,V,Bijen,1,Bombus,50.82083881,2.91446879,3,GPS,2020,POINT (47531.10755600434 168825.3071196014),after,,Bombus,
2270,2270,2020-07-18,p5,Palingbeek,sinus,V,Bijen,1,Bombus,50.82083881,2.91446879,3,GPS,2020,POINT (47531.10755600434 168825.3071196014),after,,Bombus,
2271,2271,2020-07-18,p5,Palingbeek,sinus,V,Bijen,1,Nomada,50.82083881,2.91446879,3,GPS,2020,POINT (47531.10755600434 168825.3071196014),after,,Other bees,
2355,2355,2020-07-21,p5,Muziekbos,sinus,V,Dagvlinders,1,Maniola,50.76875643,3.65543012,3,GPS,2020,POINT (99681.25410777814 162270.3891487196),after,,Butterflies,
2356,2356,2020-07-21,p5,Muziekbos,sinus,V,Bijen,1,Andrena,50.76869885,3.65550312,3,GPS,2020,POINT (99686.34201422166 162263.934914398),after,,Other bees,
2357,2357,2020-07-21,p5,Muziekbos,sinus,V,Dagvlinders,1,Maniola,50.76866155,3.65548678,3,GPS,2020,POINT (99685.1495814781 162259.79697363824),after,,Butterflies,
2358,2358,2020-07-21,p5,Muziekbos,sinus,V,Dagvlinders,1,Pyronia,50.76860338,3.65555576,3,GPS,2020,POINT (99689.95330433967 162253.27983676922),after,,Butterflies,
2359,2359,2020-07-21,p5,Muziekbos,sinus,V,Dagvlinders,1,Pyronia,50.7686193,3.65548636,3,GPS,2020,POINT (99685.0748523212 162255.09765076824),after,,Butterflies,
2360,2360,2020-07-21,p5,Muziekbos,sinus,V,Dagvlinders,1,Maniola,50.76858058,3.65553355,3,GPS,2020,POINT (99688.36228249107 162250.7587517798),after,,Butterflies,
2361,2361,2020-07-21,p5,Muziekbos,sinus,V,Dagvlinders,1,Maniola,50.76852744,3.65554134,3,GPS,2020,POINT (99688.85506264363 162244.84254070185),after,,Butterflies,
2362,2362,2020-07-21,p5,Muziekbos,sinus,V,Bijen,1,Andrena,50.76849139,3.65557185,3,GPS,2020,POINT (99690.9687493727 162240.81192758866),after,,Other bees,
2363,2363,2020-07-21,p5,Muziekbos,sinus,V,Bijen,1,Andrena,50.76853439,3.65551662,3,GPS,2020,POINT (99687.118740326 162245.63234600984),after,,Other bees,
2364,2364,2020-07-21,p5,Muziekbos,sinus,V,Bijen,1,Bombus,50.7684012,3.65552668,3,GPS,2020,POINT (99687.68619507959 162230.8103724504),after,,Bombus,
2365,2365,2020-07-21,p5,Muziekbos,sinus,V,Bijen,1,Bombus,50.76839718,3.65556289,3,GPS,2020,POINT (99690.23615330613 162230.33870322257),after,,Bombus,
2366,2366,2020-07-21,p5,Muziekbos,sinus,V,Bijen,1,Bombus,50.76839718,3.65556289,3,GPS,2020,POINT (99690.23615330613 162230.33870322257),after,,Bombus,
2367,2367,2020-07-21,p5,Muziekbos,sinus,V,Bijen,1,Bombus,50.76839718,3.65556289,3,GPS,2020,POINT (99690.23615330613 162230.33870322257),after,,Bombus,
2368,2368,2020-07-21,p5,Muziekbos,sinus,V,Bijen,1,Bombus,50.76838251,3.65545635,3,GPS,2020,POINT (99682.70517238558 162228.7790335985),after,,Bombus,
2369,2369,2020-07-21,p5,Muziekbos,sinus,V,Dagvlinders,1,Aricia,50.76838251,3.6554825,3,GPS,2020,POINT (99684.54979105332 162228.7613302013),after,,Butterflies,
2370,2370,2020-07-21,p5,Muziekbos,sinus,V,Dagvlinders,1,Polyommatus,50.76830942,3.65548544,3,GPS,2020,POINT (99684.67915351898 162220.62929811608),after,,Butterflies,
2371,2371,2020-07-21,p5,Muziekbos,sinus,V,Bijen,1,Lasioglossum,50.76827028,3.65544135,3,GPS,2020,POINT (99681.52725879662 162216.30547588877),after,,Other bees,
2372,2372,2020-07-21,p5,Muziekbos,sinus,V,Bijen,1,Bombus,50.76824253,3.65538091,3,GPS,2020,POINT (99677.23418849519 162213.2596729491),after,,Bombus,
2373,2373,2020-07-21,p5,Muziekbos,sinus,V,Bijen,1,Bombus,50.76820331,3.65535753,3,GPS,2020,POINT (99675.5430849388 162208.91293360107),after,,Bombus,
2374,2374,2020-07-21,p5,Muziekbos,sinus,V,Bijen,1,Bombus,50.76820331,3.65535753,3,GPS,2020,POINT (99675.5430849388 162208.91293360107),after,,Bombus,
2375,2375,2020-07-21,p5,Muziekbos,sinus,V,Bijen,1,Bombus,50.76816995,3.65534244,3,GPS,2020,POINT (99674.44301411277 162205.2124085864),after,,Bombus,
2376,2376,2020-07-21,p5,Muziekbos,sinus,V,Dagvlinders,1,Maniola,50.76817657,3.6553157,3,GPS,2020,POINT (99672.56383706769 162205.96687944606),after,,Butterflies,
2377,2377,2020-07-21,p5,Muziekbos,sinus,V,Dagvlinders,1,Maniola,50.76823273,3.65523406,3,GPS,2020,POINT (99666.86490665091 162212.2690261798),after,,Butterflies,
2378,2378,2020-07-21,p5,Muziekbos,sinus,V,Bijen,1,Bombus,50.76827791,3.65522015,3,GPS,2020,POINT (99665.9319418076 162217.30396652315),after,,Bombus,
2379,2379,2020-07-21,p5,Muziekbos,sinus,V,Dagvlinders,1,Polyommatus,50.7683318,3.65521738,3,GPS,2020,POINT (99665.79409599866 162223.30020463094),after,,Butterflies,
2380,2380,2020-07-21,p5,Muziekbos,sinus,V,Bijen,1,Bombus,50.76833029,3.65521001,3,GPS,2020,POINT (99665.2726037385 162223.13723360095),after,,Bombus,
2381,2381,2020-07-21,p5,Muziekbos,sinus,V,Bijen,1,Bombus,50.76833029,3.65521001,3,GPS,2020,POINT (99665.2726037385 162223.13723360095),after,,Bombus,
2382,2382,2020-07-21,p5,Muziekbos,sinus,V,Bijen,1,Bombus,50.76833029,3.65521001,3,GPS,2020,POINT (99665.2726037385 162223.13723360095),after,,Bombus,
2383,2383,2020-07-21,p5,Muziekbos,sinus,V,Bijen,1,Bombus,50.76835334,3.65516013,3,GPS,2020,POINT (99661.77868673168 162225.73494299408),after,,Bombus,
2384,2384,2020-07-21,p5,Muziekbos,sinus,V,Bijen,1,Bombus,50.76835334,3.65516013,3,GPS,2020,POINT (99661.77868673168 162225.73494299408),after,,Bombus,
2385,2385,2020-07-21,p5,Muziekbos,sinus,V,Bijen,1,Bombus,50.76835334,3.65516013,3,GPS,2020,POINT (99661.77868673168 162225.73494299408),after,,Bombus,
2386,2386,2020-07-21,p5,Muziekbos,sinus,V,Bijen,1,Bombus,50.76835334,3.65516013,3,GPS,2020,POINT (99661.77868673168 162225.73494299408),after,,Bombus,
2387,2387,2020-07-21,p5,Muziekbos,sinus,V,Bijen,1,Bombus,50.76842157,3.65513222,3,GPS,2020,POINT (99659.88278952416 162233.343294153),after,,Bombus,
2388,2388,2020-07-21,p5,Muziekbos,sinus,V,Dagvlinders,1,Aricia,50.76842157,3.65513222,3,GPS,2020,POINT (99659.88278952416 162233.343294153),after,,Butterflies,
2389,2389,2020-07-21,p5,Muziekbos,sinus,V,Bijen,1,Bombus,50.76842157,3.65513222,3,GPS,2020,POINT (99659.88278952416 162233.343294153),after,,Bombus,
2390,2390,2020-07-21,p5,Muziekbos,sinus,V,Dagvlinders,1,Maniola,50.76844068,3.65512644,3,GPS,2020,POINT (99659.4954797379 162235.47287731897),after,,Butterflies,
2391,2391,2020-07-21,p5,Muziekbos,sinus,V,Bijen,1,Bombus,50.76844563,3.65507472,3,GPS,2020,POINT (99655.85244749035 162236.05851434916),after,,Bombus,
2392,2392,2020-07-21,p5,Muziekbos,sinus,V,Bijen,1,Bombus,50.76844563,3.65507472,3,GPS,2020,POINT (99655.85244749035 162236.05851434916),after,,Bombus,
2393,2393,2020-07-21,p5,Muziekbos,sinus,V,Dagvlinders,1,Maniola,50.76849592,3.65504589,3,GPS,2020,POINT (99653.87250327936 162241.67196569405),after,,Butterflies,
2394,2394,2020-07-21,p5,Muziekbos,sinus,V,Dagvlinders,1,Maniola,50.76852693,3.65508663,3,GPS,2020,POINT (99656.77941442793 162245.09371395595),after,,Butterflies,
2395,2395,2020-07-21,p5,Muziekbos,sinus,V,Bijen,1,Andrena,50.76850195,3.65503315,3,GPS,2020,POINT (99652.98026824804 162242.35133255646),after,,Other bees,
2396,2396,2020-07-21,p5,Muziekbos,sinus,V,Bijen,1,Bombus,50.76857211,3.65505142,3,GPS,2020,POINT (99654.34397174438 162250.14308462944),after,,Bombus,
2397,2397,2020-07-21,p5,Muziekbos,sinus,V,Dagvlinders,1,Vanessa,50.76861226,3.65493692,3,GPS,2020,POINT (99646.31007880671 162254.6866687322),after,,Butterflies,
2398,2398,2020-07-21,p5,Muziekbos,sinus,V,Dagvlinders,1,Maniola,50.76864646,3.65494363,3,GPS,2020,POINT (99646.81993613503 162258.48630155437),after,,Butterflies,
2399,2399,2020-07-21,p5,Muziekbos,sinus,V,Dagvlinders,1,Maniola,50.76863682,3.65502267,3,GPS,2020,POINT (99652.38508152649 162257.3604667075),after,,Butterflies,
2400,2400,2020-07-21,p5,Muziekbos,sinus,V,Dagvlinders,1,Aricia,50.76863682,3.65502267,3,GPS,2020,POINT (99652.38508152649 162257.3604667075),after,,Butterflies,
2401,2401,2020-07-21,p5,Muziekbos,sinus,V,Dagvlinders,1,Pyronia,50.76864017,3.65502493,3,GPS,2020,POINT (99652.54807935056 162257.7315673083),after,,Butterflies,
2402,2402,2020-07-21,p5,Muziekbos,sinus,V,Bijen,1,Bombus,50.76865987,3.65509073,3,GPS,2020,POINT (99657.21062158656 162259.87829163577),after,,Bombus,
2403,2403,2020-07-21,p5,Muziekbos,sinus,V,Dagvlinders,1,Thymelicus,50.76864537,3.65513775,3,GPS,2020,POINT (99660.51190194263 162258.23356081173),after,,Butterflies,
2404,2404,2020-07-21,p5,Muziekbos,sinus,V,Bijen,1,Bombus,50.76864537,3.65513775,3,GPS,2020,POINT (99660.51190194263 162258.23356081173),after,,Bombus,
2405,2405,2020-07-21,p5,Muziekbos,sinus,V,Bijen,1,Bombus,50.76859424,3.65520305,3,GPS,2020,POINT (99665.06352841067 162252.50197606534),after,,Bombus,
2406,2406,2020-07-21,p5,Muziekbos,sinus,V,Bijen,1,Bombus,50.76856884,3.65519073,3,GPS,2020,POINT (99664.16735448138 162249.68499395065),after,,Bombus,
2407,2407,2020-07-21,p5,Muziekbos,sinus,V,Bijen,1,Bombus,50.7685297,3.65516198,3,GPS,2020,POINT (99662.0975385349 162245.35079413187),after,,Bombus,
2408,2408,2020-07-21,p5,Muziekbos,sinus,V,Bijen,1,Bombus,50.76844638,3.65520741,3,GPS,2020,POINT (99665.21317626233 162236.05206768773),after,,Bombus,
2409,2409,2020-07-21,p5,Muziekbos,sinus,V,Bijen,1,Halictus,50.7685354,3.65524731,3,GPS,2020,POINT (99668.122776988 162245.9270347422),after,,Other bees,
2410,2410,2020-07-21,p5,Muziekbos,sinus,V,Bijen,1,Bombus,50.76851268,3.65531595,3,GPS,2020,POINT (99672.94036085428 162243.3533331696),after,,Bombus,
2411,2411,2020-07-21,p5,Muziekbos,sinus,V,Dagvlinders,1,Pyronia,50.76851268,3.65531595,3,GPS,2020,POINT (99672.94036085428 162243.3533331696),after,,Butterflies,
2412,2412,2020-07-21,p5,Muziekbos,sinus,V,Bijen,1,Halictus,50.76852635,3.65542676,3,GPS,2020,POINT (99680.7714608341 162244.79886456858),after,,Other bees,
2413,2413,2020-07-21,p5,Muziekbos,sinus,V,Dagvlinders,1,Maniola,50.76852635,3.65542676,3,GPS,2020,POINT (99680.7714608341 162244.79886456858),after,,Butterflies,
2414,2414,2020-07-21,p5,Muziekbos,sinus,V,Bijen,1,Bombus,50.76852048,3.65544797,3,GPS,2020,POINT (99682.26134110682 162244.13156543206),after,,Bombus,
2415,2415,2020-07-21,p5,Muziekbos,sinus,V,Bijen,1,Bombus,50.76858544,3.65533247,3,GPS,2020,POINT (99674.18336620646 162251.43548201025),after,,Bombus,
2416,2416,2020-07-21,p5,Muziekbos,sinus,V,Bijen,1,Bombus,50.76858544,3.65533247,3,GPS,2020,POINT (99674.18336620646 162251.43548201025),after,,Bombus,
2417,2417,2020-07-21,p5,Muziekbos,sinus,V,Dagvlinders,1,Maniola,50.76865459,3.65527723,3,GPS,2020,POINT (99670.36059883519 162259.16467054188),after,,Butterflies,
2418,2418,2020-07-21,p5,Muziekbos,sinus,V,Bijen,1,Bombus,50.76869784,3.65532098,3,GPS,2020,POINT (99673.4928828351 162263.94588558283),after,,Bombus,
2419,2419,2020-07-21,p5,Muziekbos,sinus,V,Dagvlinders,1,Maniola,50.76869784,3.65532098,3,GPS,2020,POINT (99673.4928828351 162263.94588558283),after,,Butterflies,
2420,2420,2020-07-21,p5,Muziekbos,sinus,V,Dagvlinders,1,Maniola,50.76876272,3.65534227,3,GPS,2020,POINT (99675.06394192576 162271.1482866397),after,,Butterflies,
2421,2421,2020-07-21,p5,Muziekbos,sinus,V,Dagvlinders,1,Pyronia,50.76876272,3.65534227,3,GPS,2020,POINT (99675.06394192576 162271.1482866397),after,,Butterflies,
2422,2422,2020-07-21,p5,Muziekbos,sinus,V,Dagvlinders,1,Maniola,50.76875249,3.6552774,3,GPS,2020,POINT (99670.47713105849 162270.0542960046),after,,Butterflies,
2423,2423,2020-07-21,p5,Muziekbos,sinus,V,Dagvlinders,1,Pyronia,50.76875249,3.6552774,3,GPS,2020,POINT (99670.47713105849 162270.0542960046),after,,Butterflies,
2424,2424,2020-07-21,p5,Muziekbos,sinus,V,Bijen,1,Nomada,50.76864914,3.65520238,3,GPS,2020,POINT (99665.07489689277 162258.60913809203),after,,Other bees,
2479,2479,2020-07-21,p5,Muziekbos,blok,V,Bijen,1,Bombus,50.76945975,3.65658397,3,GPS,2020,POINT (99763.39559248634 162347.84122397937),after,,Bombus,
2480,2480,2020-07-21,p5,Muziekbos,blok,V,Bijen,1,Apis,50.76949194,3.65648875,3,GPS,2020,POINT (99756.71324993909 162351.48619073816),after,,Apis,
2481,2481,2020-07-21,p5,Muziekbos,blok,V,Bijen,1,Apis,50.76949194,3.65648875,3,GPS,2020,POINT (99756.71324993909 162351.48619073816),after,,Apis,
2482,2482,2020-07-21,p5,Muziekbos,blok,V,Bijen,1,Bombus,50.76950778,3.65642731,3,GPS,2020,POINT (99752.39626651362 162353.28966275416),after,,Bombus,
2483,2483,2020-07-21,p5,Muziekbos,blok,V,Dagvlinders,1,Pyronia,50.76949253,3.65639471,3,GPS,2020,POINT (99750.08046121825 162351.6153945839),after,,Butterflies,
2484,2484,2020-07-21,p5,Muziekbos,blok,V,Dagvlinders,1,Maniola,50.76949253,3.65639471,3,GPS,2020,POINT (99750.08046121825 162351.6153945839),after,,Butterflies,
2485,2485,2020-07-21,p5,Muziekbos,blok,V,Dagvlinders,1,Polyommatus,50.76949253,3.65639471,3,GPS,2020,POINT (99750.08046121825 162351.6153945839),after,,Butterflies,
2486,2486,2020-07-21,p5,Muziekbos,blok,V,Dagvlinders,1,Maniola,50.76953544,3.65620662,3,GPS,2020,POINT (99736.85868157874 162356.51560157537),after,,Butterflies,
2487,2487,2020-07-21,p5,Muziekbos,blok,V,Bijen,1,Bombus,50.76949077,3.65624735,3,GPS,2020,POINT (99739.68406703495 162351.51926419884),after,,Bombus,
2488,2488,2020-07-21,p5,Muziekbos,blok,V,Bijen,1,Bombus,50.76949077,3.65624735,3,GPS,2020,POINT (99739.68406703495 162351.51926419884),after,,Bombus,
2489,2489,2020-07-21,p5,Muziekbos,blok,V,Bijen,1,Bombus,50.76951348,3.65619538,3,GPS,2020,POINT (99736.04241297825 162354.08051880915),after,,Bombus,
2490,2490,2020-07-21,p5,Muziekbos,blok,V,Bijen,1,Bombus,50.76951348,3.65619538,3,GPS,2020,POINT (99736.04241297825 162354.08051880915),after,,Bombus,
2491,2491,2020-07-21,p5,Muziekbos,blok,V,Bijen,1,Apis,50.76951348,3.65619538,3,GPS,2020,POINT (99736.04241297825 162354.08051880915),after,,Apis,
2492,2492,2020-07-21,p5,Muziekbos,blok,V,Bijen,1,Bombus,50.76948448,3.65617334,3,GPS,2020,POINT (99734.45682240324 162350.86965755466),after,,Bombus,
2493,2493,2020-07-21,p5,Muziekbos,blok,V,Bijen,1,Bombus,50.76948448,3.65617334,3,GPS,2020,POINT (99734.45682240324 162350.86965755466),after,,Bombus,
2494,2494,2020-07-21,p5,Muziekbos,blok,V,Bijen,1,Colletes,50.76944064,3.65610293,3,GPS,2020,POINT (99729.44346365049 162346.04080930818),after,,Other bees,
2495,2495,2020-07-21,p5,Muziekbos,blok,V,Bijen,1,Bombus,50.76941064,3.65612757,3,GPS,2020,POINT (99731.14953145784 162342.68714352697),after,,Bombus,
2496,2496,2020-07-21,p5,Muziekbos,blok,V,Bijen,1,Bombus,50.76939949,3.65607242,3,GPS,2020,POINT (99727.24744697999 162341.4841942042),after,,Bombus,
2497,2497,2020-07-21,p5,Muziekbos,blok,V,Bijen,1,Bombus,50.76936127,3.65613176,3,GPS,2020,POINT (99731.39243169299 162337.19271977525),after,,Bombus,
2498,2498,2020-07-21,p5,Muziekbos,blok,V,Bijen,1,Bombus,50.76936127,3.65613176,3,GPS,2020,POINT (99731.39243169299 162337.19271977525),after,,Bombus,
2499,2499,2020-07-21,p5,Muziekbos,blok,V,Dagvlinders,1,Maniola,50.76932489,3.65613679,3,GPS,2020,POINT (99731.70843929275 162333.14264898933),after,,Butterflies,
2500,2500,2020-07-21,p5,Muziekbos,blok,V,Dagvlinders,1,Maniola,50.76925331,3.65609824,3,GPS,2020,POINT (99728.91283269906 162325.20664083958),after,,Butterflies,
2501,2501,2020-07-21,p5,Muziekbos,blok,V,Dagvlinders,1,Maniola,50.76928264,3.65598173,3,GPS,2020,POINT (99720.7256675689 162328.54792642966),after,,Butterflies,
2502,2502,2020-07-21,p5,Muziekbos,blok,V,Dagvlinders,1,Maniola,50.76933889,3.65607988,3,GPS,2020,POINT (99727.70902576382 162334.73840809707),after,,Butterflies,
2503,2503,2020-07-21,p5,Muziekbos,blok,V,Bijen,1,Halictus,50.76937845,3.65594342,3,GPS,2020,POINT (99718.12554823866 162339.23110922612),after,,Other bees,
2504,2504,2020-07-21,p5,Muziekbos,blok,V,Bijen,1,Bombus,50.76947065,3.6558912,3,GPS,2020,POINT (99714.54040091169 162349.52215233445),after,,Bombus,
2505,2505,2020-07-21,p5,Muziekbos,blok,V,Bijen,1,Bombus,50.76948582,3.65591048,3,GPS,2020,POINT (99715.91656362914 162351.19651779905),after,,Bombus,
2506,2506,2020-07-21,p5,Muziekbos,blok,V,Bijen,1,Bombus,50.76948582,3.65591048,3,GPS,2020,POINT (99715.91656362914 162351.19651779905),after,,Bombus,
2507,2507,2020-07-21,p5,Muziekbos,blok,V,Dagvlinders,1,Maniola,50.76951491,3.65593915,3,GPS,2020,POINT (99717.96992993253 162354.41289901081),after,,Butterflies,
2508,2508,2020-07-21,p5,Muziekbos,blok,V,Bijen,1,Bombus,50.76955472,3.65593906,3,GPS,2020,POINT (99718.00605233375 162358.84115909785),after,,Bombus,
2509,2509,2020-07-21,p5,Muziekbos,blok,V,Bijen,1,Bombus,50.76956025,3.65590286,3,GPS,2020,POINT (99715.45847089871 162359.48077051062),after,,Bombus,
2510,2510,2020-07-21,p5,Muziekbos,blok,V,Dagvlinders,1,Maniola,50.76947895,3.65584049,3,GPS,2020,POINT (99710.97226049827 162350.4796994971),after,,Butterflies,
2511,2511,2020-07-21,p5,Muziekbos,blok,V,Bijen,1,Andrena,50.76943352,3.65584183,3,GPS,2020,POINT (99711.01830869283 162345.42546242848),after,,Other bees,
2512,2512,2020-07-21,p5,Muziekbos,blok,V,Bijen,1,Bombus,50.76940041,3.65594485,3,GPS,2020,POINT (99718.24984576603 162341.67282580864),after,,Bombus,
2513,2513,2020-07-21,p5,Muziekbos,blok,V,Bijen,1,Andrena,50.76939639,3.6562906,3,GPS,2020,POINT (99742.63420817495 162340.99181503896),after,,Other bees,
2514,2514,2020-07-21,p5,Muziekbos,blok,V,Bijen,1,Andrena,50.76939639,3.6562906,3,GPS,2020,POINT (99742.63420817495 162340.99181503896),after,,Other bees,
2515,2515,2020-07-21,p5,Muziekbos,blok,V,Dagvlinders,1,Maniola,50.76940334,3.65636587,3,GPS,2020,POINT (99747.95104361091 162341.71399191208),after,,Butterflies,
2516,2516,2020-07-21,p5,Muziekbos,blok,V,Dagvlinders,1,Maniola,50.76941156,3.65645304,3,GPS,2020,POINT (99754.10863816076 162342.5693955226),after,,Butterflies,
2517,2517,2020-07-21,p5,Muziekbos,blok,V,Dagvlinders,1,Pyronia,50.76938624,3.65650501,3,GPS,2020,POINT (99757.74752680527 162339.71783451457),after,,Butterflies,
2518,2518,2020-07-21,p5,Muziekbos,blok,V,Dagvlinders,1,Polyommatus,50.76938624,3.65650501,3,GPS,2020,POINT (99757.74752680527 162339.71783451457),after,,Butterflies,
2519,2519,2020-07-21,p5,Muziekbos,blok,V,Dagvlinders,1,Maniola,50.76929522,3.65646629,3,GPS,2020,POINT (99754.91924757454 162329.61955115385),after,,Butterflies,
2520,2520,2020-07-21,p5,Muziekbos,blok,V,Bijen,1,Bombus,50.76932573,3.65642387,3,GPS,2020,POINT (99751.95952926346 162333.04195854347),after,,Bombus,
2521,2521,2020-07-21,p5,Muziekbos,blok,V,Dagvlinders,1,Maniola,50.76926915,3.65636344,3,GPS,2020,POINT (99747.63656158265 162326.78923317976),after,,Butterflies,
2522,2522,2020-07-21,p5,Muziekbos,blok,V,Dagvlinders,1,Pyronia,50.76923118,3.6563564,3,GPS,2020,POINT (99747.09948578777 162322.57046339754),after,,Butterflies,
2523,2523,2020-07-21,p5,Muziekbos,blok,V,Dagvlinders,1,Aricia,50.76918525,3.65637911,3,GPS,2020,POINT (99748.65244886524 162317.44616142567),after,,Butterflies,
2524,2524,2020-07-21,p5,Muziekbos,blok,V,Bijen,1,Bombus,50.76919841,3.6564051,3,GPS,2020,POINT (99750.49978051736 162318.8924201196),after,,Bombus,
2525,2525,2020-07-21,p5,Muziekbos,blok,V,Dagvlinders,1,Maniola,50.76919178,3.65629873,3,GPS,2020,POINT (99742.98950979442 162318.22686456423),after,,Butterflies,
2526,2526,2020-07-21,p5,Muziekbos,blok,V,Bijen,1,Andrena,50.76919807,3.65615029,3,GPS,2020,POINT (99732.52545279331 162319.02690703142),after,,Other bees,
2562,2562,2020-07-23,p5,Kemmelberg,sinus,V,Bijen,1,Colletes,50.7731778,2.79715718,3,GPS,2020,POINT (39154.35218051946 163693.06400390714),after,,Other bees,
2563,2563,2020-07-23,p5,Kemmelberg,sinus,V,Bijen,1,Colletes,50.77319733,2.7971612,3,GPS,2020,POINT (39154.681630456864 163695.23000798747),after,,Other bees,
2564,2564,2020-07-23,p5,Kemmelberg,sinus,V,Bijen,1,Heriades,50.77313153,2.79713966,3,GPS,2020,POINT (39153.007780944026 163687.94429145567),after,,Other bees,
2565,2565,2020-07-23,p5,Kemmelberg,sinus,V,Bijen,1,Hylaeus,50.77307252,2.79707009,3,GPS,2020,POINT (39147.96281419185 163681.48538897),after,,Other bees,
2566,2566,2020-07-23,p5,Kemmelberg,sinus,V,Bijen,1,Bombus,50.7730747,2.79703296,3,GPS,2020,POINT (39145.34952446836 163681.7832434224),after,,Bombus,
2567,2567,2020-07-23,p5,Kemmelberg,sinus,V,Bijen,1,Bombus,50.77303455,2.7969711,3,GPS,2020,POINT (39140.8926424704 163677.4103315333),after,,Bombus,
2568,2568,2020-07-23,p5,Kemmelberg,sinus,V,Dagvlinders,1,Maniola,50.7729794,2.79688192,3,GPS,2020,POINT (39134.473829434326 163671.40999235492),after,,Butterflies,
2569,2569,2020-07-23,p5,Kemmelberg,sinus,V,Dagvlinders,1,Maniola,50.77305752,2.79678075,3,GPS,2020,POINT (39127.52315271723 163680.2489980394),after,,Butterflies,
2570,2570,2020-07-23,p5,Kemmelberg,sinus,V,Bijen,1,Bombus,50.77299415,2.79639878,3,GPS,2020,POINT (39100.43729633912 163673.77156806272),after,,Bombus,
2571,2571,2020-07-23,p5,Kemmelberg,sinus,V,Bijen,1,Bombus,50.77292232,2.79627993,3,GPS,2020,POINT (39091.88681362706 163665.9605330499),after,,Bombus,
2572,2572,2020-07-23,p5,Kemmelberg,sinus,V,Bijen,1,Bombus,50.77292232,2.79627993,3,GPS,2020,POINT (39091.88681362706 163665.9605330499),after,,Bombus,
2573,2573,2020-07-23,p5,Kemmelberg,sinus,V,Bijen,1,Colletes,50.77294009,2.79613098,3,GPS,2020,POINT (39081.424622586856 163668.15919586085),after,,Other bees,
2574,2574,2020-07-23,p5,Kemmelberg,sinus,V,Bijen,1,Colletes,50.77290514,2.7961521,3,GPS,2020,POINT (39082.83171736747 163664.24074454606),after,,Other bees,
2575,2575,2020-07-23,p5,Kemmelberg,sinus,V,Bijen,1,Colletes,50.7729017,2.79612503,3,GPS,2020,POINT (39080.91462499893 163663.89858960547),after,,Other bees,
2576,2576,2020-07-23,p5,Kemmelberg,sinus,V,Bijen,1,Bombus,50.7728867,2.79629476,3,GPS,2020,POINT (39092.84876470505 163661.97696248163),after,,Bombus,
2577,2577,2020-07-23,p5,Kemmelberg,sinus,V,Bijen,1,Colletes,50.77273624,2.79616241,3,GPS,2020,POINT (39083.16106941999 163645.4413712127),after,,Other bees,
2578,2578,2020-07-23,p5,Kemmelberg,sinus,V,Bijen,1,Lasioglossum,50.77277119,2.79615135,3,GPS,2020,POINT (39082.46340772207 163649.34480109904),after,,Other bees,
2579,2579,2020-07-23,p5,Kemmelberg,sinus,V,Dagvlinders,1,Maniola,50.77281721,2.79613232,3,GPS,2020,POINT (39081.22976448116 163654.49126632232),after,,Butterflies,
2580,2580,2020-07-23,p5,Kemmelberg,sinus,V,Dagvlinders,1,Maniola,50.772723,2.79630004,3,GPS,2020,POINT (39092.835676817995 163643.7634104984),after,,Butterflies,
2581,2581,2020-07-23,p5,Kemmelberg,sinus,V,Dagvlinders,1,Maniola,50.77262937,2.7961723,3,GPS,2020,POINT (39083.60687125217 163633.54120575916),after,,Butterflies,
2582,2582,2020-07-23,p5,Kemmelberg,sinus,V,Dagvlinders,1,Pyronia,50.77262937,2.7961723,3,GPS,2020,POINT (39083.60687125217 163633.54120575916),after,,Butterflies,
2583,2583,2020-07-23,p5,Kemmelberg,sinus,V,Dagvlinders,1,Lycaena,50.77262937,2.7961723,3,GPS,2020,POINT (39083.60687125217 163633.54120575916),after,,Butterflies,
2584,2584,2020-07-23,p5,Kemmelberg,sinus,V,Bijen,1,Bombus,50.77262937,2.7961723,3,GPS,2020,POINT (39083.60687125217 163633.54120575916),after,,Bombus,
2585,2585,2020-07-23,p5,Kemmelberg,sinus,V,Bijen,1,Andrena,50.77264127,2.79619091,3,GPS,2020,POINT (39084.947287656876 163634.8368605459),after,,Other bees,
2586,2586,2020-07-23,p5,Kemmelberg,sinus,V,Dagvlinders,1,Maniola,50.77254438,2.79622796,3,GPS,2020,POINT (39087.33194861708 163624.0060546687),after,,Butterflies,
2587,2587,2020-07-23,p5,Kemmelberg,sinus,V,Bijen,1,Andrena,50.77255184,2.79637917,3,GPS,2020,POINT (39098.01301041382 163624.60994919203),after,,Other bees,
2588,2588,2020-07-23,p5,Kemmelberg,sinus,V,Dagvlinders,1,Maniola,50.7725966,2.79652803,3,GPS,2020,POINT (39108.616155963085 163629.3656414803),after,,Butterflies,
2589,2589,2020-07-23,p5,Kemmelberg,sinus,V,Bijen,1,Bombus,50.77267673,2.79650079,3,GPS,2020,POINT (39106.88380723083 163638.31785290036),after,,Bombus,
2590,2590,2020-07-23,p5,Kemmelberg,sinus,V,Bijen,1,Bombus,50.77267673,2.79650079,3,GPS,2020,POINT (39106.88380723083 163638.31785290036),after,,Bombus,
2591,2591,2020-07-23,p5,Kemmelberg,sinus,V,Bijen,1,Bombus,50.77274512,2.79648101,3,GPS,2020,POINT (39105.649911222325 163645.95328054763),after,,Bombus,
2592,2592,2020-07-23,p5,Kemmelberg,sinus,V,Dagvlinders,1,Maniola,50.77283473,2.79657648,3,GPS,2020,POINT (39112.59348624096 163655.7766161412),after,,Butterflies,
2593,2593,2020-07-23,p5,Kemmelberg,sinus,V,Dagvlinders,1,Maniola,50.77286675,2.79677773,3,GPS,2020,POINT (39126.861143900955 163659.0372803323),after,,Butterflies,
2594,2594,2020-07-23,p5,Kemmelberg,sinus,V,Dagvlinders,1,Maniola,50.77274085,2.79676608,3,GPS,2020,POINT (39125.74323089217 163645.05287260562),after,,Butterflies,
2595,2595,2020-07-23,p5,Kemmelberg,sinus,V,Dagvlinders,1,Maniola,50.77263172,2.79682375,3,GPS,2020,POINT (39129.55330290458 163632.83005429804),after,,Butterflies,
2596,2596,2020-07-23,p5,Kemmelberg,sinus,V,Bijen,1,Bombus,50.77271461,2.79683833,3,GPS,2020,POINT (39130.7765992271 163642.0267911721),after,,Bombus,
2597,2597,2020-07-23,p5,Kemmelberg,sinus,V,Bijen,1,Andrena,50.77274588,2.7969711,3,GPS,2020,POINT (39140.213250235014 163645.30629026145),after,,Other bees,
2598,2598,2020-07-23,p5,Kemmelberg,sinus,V,Dagvlinders,1,Maniola,50.77275166,2.79705768,3,GPS,2020,POINT (39146.332546155056 163645.8198987292),after,,Butterflies,
2599,2599,2020-07-23,p5,Kemmelberg,sinus,V,Dagvlinders,1,Maniola,50.77284546,2.79725575,3,GPS,2020,POINT (39160.52132612311 163655.95617873594),after,,Butterflies,
2600,2600,2020-07-23,p5,Kemmelberg,sinus,V,Dagvlinders,1,Maniola,50.77289583,2.79721392,3,GPS,2020,POINT (39157.689974704306 163661.62042559218),after,,Butterflies,
2601,2601,2020-07-23,p5,Kemmelberg,sinus,V,Bijen,1,Andrena,50.77279584,2.79725625,3,GPS,2020,POINT (39160.43982571918 163650.43701154832),after,,Other bees,
2602,2602,2020-07-23,p5,Kemmelberg,sinus,V,Dagvlinders,1,Maniola,50.77278762,2.79736689,3,GPS,2020,POINT (39168.22290140894 163649.35775482003),after,,Butterflies,
2603,2603,2020-07-23,p5,Kemmelberg,sinus,V,Dagvlinders,1,Maniola,50.77271403,2.79747837,3,GPS,2020,POINT (39175.91141723438 163641.00722008105),after,,Butterflies,
2604,2604,2020-07-23,p5,Kemmelberg,sinus,V,Dagvlinders,1,Maniola,50.77273146,2.79771457,3,GPS,2020,POINT (39192.609453390396 163642.59331497364),after,,Butterflies,
2605,2605,2020-07-23,p5,Kemmelberg,sinus,V,Dagvlinders,1,Maniola,50.77279667,2.7977797,3,GPS,2020,POINT (39197.35587170972 163649.7484073555),after,,Butterflies,
2606,2606,2020-07-23,p5,Kemmelberg,sinus,V,Dagvlinders,1,Maniola,50.77280556,2.79788657,3,GPS,2020,POINT (39204.91333688407 163650.57769428473),after,,Butterflies,
2607,2607,2020-07-23,p5,Kemmelberg,sinus,V,Dagvlinders,1,Maniola,50.77277086,2.79802957,3,GPS,2020,POINT (39214.916192900375 163646.50530447625),after,,Butterflies,
2608,2608,2020-07-23,p5,Kemmelberg,sinus,V,Dagvlinders,1,Maniola,50.77286708,2.79804826,3,GPS,2020,POINT (39216.46052785356 163657.17841040716),after,,Butterflies,
2609,2609,2020-07-23,p5,Kemmelberg,sinus,V,Bijen,1,Bombus,50.77294344,2.79790476,3,GPS,2020,POINT (39206.52042073541 163665.88470458426),after,,Bombus,
2610,2610,2020-07-23,p5,Kemmelberg,sinus,V,Dagvlinders,1,Maniola,50.77299516,2.79776151,3,GPS,2020,POINT (39196.54001526539 163671.85034011398),after,,Butterflies,
2611,2611,2020-07-23,p5,Kemmelberg,sinus,V,Dagvlinders,1,Maniola,50.77303355,2.79799235,3,GPS,2020,POINT (39212.909254153186 163675.77553344052),after,,Butterflies,
2612,2612,2020-07-23,p5,Kemmelberg,sinus,V,Bijen,1,Andrena,50.77303547,2.79798556,3,GPS,2020,POINT (39212.434936375226 163675.99919030443),after,,Other bees,
2613,2613,2020-07-23,p5,Kemmelberg,sinus,V,Bijen,1,Bombus,50.77320747,2.7979408,3,GPS,2020,POINT (39209.68299928478 163695.19469885714),after,,Bombus,
2614,2614,2020-07-23,p5,Kemmelberg,sinus,V,Bijen,1,Colletes,50.77331501,2.79790116,3,GPS,2020,POINT (39207.14052870359 163707.2137393793),after,,Other bees,
2615,2615,2020-07-23,p5,Kemmelberg,sinus,V,Bijen,1,Bombus,50.7732762,2.79770594,3,GPS,2020,POINT (39193.28231834734 163703.18872047216),after,,Bombus,
2616,2616,2020-07-23,p5,Kemmelberg,sinus,V,Dagvlinders,1,Maniola,50.77321418,2.7976766,3,GPS,2020,POINT (39191.067360023866 163696.3350142995),after,,Butterflies,
2617,2617,2020-07-23,p5,Kemmelberg,sinus,V,Dagvlinders,1,Maniola,50.77323019,2.79751492,3,GPS,2020,POINT (39179.70333096846 163698.35673413146),after,,Butterflies,
2618,2618,2020-07-23,p5,Kemmelberg,sinus,V,Dagvlinders,1,Maniola,50.77321887,2.79740889,3,GPS,2020,POINT (39172.19944904155 163697.25598104857),after,,Butterflies,
2619,2619,2020-07-23,p5,Kemmelberg,sinus,V,Dagvlinders,1,Maniola,50.77302332,2.79723127,3,GPS,2020,POINT (39159.213508550485 163675.77316527814),after,,Butterflies,
2620,2620,2020-07-23,p5,Kemmelberg,sinus,V,Dagvlinders,1,Pieris,50.77293749,2.79751467,3,GPS,2020,POINT (39178.99706226715 163665.80486819893),after,,Butterflies,
2651,2651,2020-07-23,p5,Kemmelberg,blok,V,Bijen,1,Bombus,50.77753094,2.79598053,3,GPS,2020,POINT (39081.62631127618 164178.94915165007),after,,Bombus,
2652,2652,2020-07-23,p5,Kemmelberg,blok,V,Dagvlinders,1,Maniola,50.77750856,2.79572496,3,GPS,2020,POINT (39063.55242716857 164176.84182753973),after,,Butterflies,
2653,2653,2020-07-23,p5,Kemmelberg,blok,V,Bijen,1,Hylaeus,50.77740798,2.795588,3,GPS,2020,POINT (39053.65794907157 164165.86049716733),after,,Other bees,
2654,2654,2020-07-23,p5,Kemmelberg,blok,V,Bijen,1,Lasioglossum,50.7773167,2.79567442,3,GPS,2020,POINT (39059.53674583147 164155.57983998302),after,,Other bees,
2655,2655,2020-07-23,p5,Kemmelberg,blok,V,Bijen,1,Bombus,50.77732701,2.79555255,3,GPS,2020,POINT (39050.9674970732 164156.90846877173),after,,Bombus,
2656,2656,2020-07-23,p5,Kemmelberg,blok,V,Bijen,1,Bombus,50.77730966,2.79549287,3,GPS,2020,POINT (39046.7183532175 164155.06804918125),after,,Bombus,
2657,2657,2020-07-23,p5,Kemmelberg,blok,V,Bijen,1,Lasioglossum,50.77728736,2.79538885,3,GPS,2020,POINT (39039.330954489415 164152.74335641414),after,,Other bees,
2658,2658,2020-07-23,p5,Kemmelberg,blok,V,Dagvlinders,1,Maniola,50.77724554,2.79537368,3,GPS,2020,POINT (39038.16273260927 164148.11505899485),after,,Butterflies,
2659,2659,2020-07-23,p5,Kemmelberg,blok,V,Bijen,1,Bombus,50.77717982,2.79540779,3,GPS,2020,POINT (39040.41313930013 164140.75514252484),after,,Bombus,
2660,2660,2020-07-23,p5,Kemmelberg,blok,V,Bijen,1,Hylaeus,50.77712492,2.7954005,3,GPS,2020,POINT (39039.7697532725 164134.66039904952),after,,Other bees,
2661,2661,2020-07-23,p5,Kemmelberg,blok,V,Dagvlinders,1,Polyommatus,50.77703096,2.79549387,3,GPS,2020,POINT (39046.1323222488 164124.0712933978),after,,Butterflies,
2662,2662,2020-07-23,p5,Kemmelberg,blok,V,Dagvlinders,1,Pyronia,50.77689542,2.7955994,3,GPS,2020,POINT (39053.25442915436 164108.8397680577),after,,Butterflies,
2663,2663,2020-07-23,p5,Kemmelberg,blok,V,Dagvlinders,1,Maniola,50.77686802,2.79544241,3,GPS,2020,POINT (39042.11979539119 164106.02699622698),after,,Butterflies,
2664,2664,2020-07-23,p5,Kemmelberg,blok,V,Dagvlinders,1,Maniola,50.77679392,2.79562865,3,GPS,2020,POINT (39055.07789358677 164097.50789072737),after,,Butterflies,
2665,2665,2020-07-23,p5,Kemmelberg,blok,V,Bijen,1,Hylaeus,50.77686609,2.79572471,3,GPS,2020,POINT (39062.021528158075 164105.39072091132),after,,Other bees,
2666,2666,2020-07-23,p5,Kemmelberg,blok,V,Dagvlinders,1,Maniola,50.77701378,2.79579394,3,GPS,2020,POINT (39067.25110904634 164121.71248698048),after,,Butterflies,
2667,2667,2020-07-23,p5,Kemmelberg,blok,V,Bijen,1,Lasioglossum,50.77711352,2.79562061,3,GPS,2020,POINT (39055.26378911598 164133.0638010502),after,,Other bees,
2668,2668,2020-07-23,p5,Kemmelberg,blok,V,Bijen,1,Bombus,50.77718292,2.7956678,3,GPS,2020,POINT (39058.75482730553 164140.71155499853),after,,Bombus,
2669,2669,2020-07-23,p5,Kemmelberg,blok,V,Bijen,1,Bombus,50.77717018,2.79565992,3,GPS,2020,POINT (39058.169166795415 164139.30646080896),after,,Bombus,
2670,2670,2020-07-23,p5,Kemmelberg,blok,V,Bijen,1,Bombus,50.7772255,2.79572706,3,GPS,2020,POINT (39063.03378874477 164145.35853376053),after,,Bombus,
2671,2671,2020-07-23,p5,Kemmelberg,blok,V,Bijen,1,Bombus,50.77725962,2.79585119,3,GPS,2020,POINT (39071.86706282741 164148.96777580585),after,,Bombus,
2672,2672,2020-07-23,p5,Kemmelberg,blok,V,Dagvlinders,1,Maniola,50.77731175,2.79588179,3,GPS,2020,POINT (39074.14756706008 164154.7196531128),after,,Butterflies,
2673,2673,2020-07-23,p5,Kemmelberg,blok,V,Dagvlinders,1,Maniola,50.77740085,2.79589545,3,GPS,2020,POINT (39075.32063075766 164164.60839873366),after,,Butterflies,
2674,2674,2020-07-23,p5,Kemmelberg,blok,V,Bijen,1,Bombus,50.77740085,2.79589545,3,GPS,2020,POINT (39075.32063075766 164164.60839873366),after,,Bombus,
2675,2675,2020-07-23,p5,Kemmelberg,blok,V,Bijen,1,Bombus,50.77751786,2.79593769,3,GPS,2020,POINT (39078.57470255185 164177.55844401382),after,,Bombus,
2676,2676,2020-07-23,p5,Kemmelberg,blok,V,Dagvlinders,1,Pyronia,50.77767318,2.7959263,3,GPS,2020,POINT (39078.13734506117 164194.8491697982),after,,Butterflies,
2677,2677,2020-07-23,p5,Kemmelberg,blok,V,Bijen,1,Bombus,50.77765566,2.79607264,3,GPS,2020,POINT (39088.415022654415 164192.68219847884),after,,Bombus,
2678,2678,2020-07-23,p5,Kemmelberg,blok,V,Dagvlinders,1,Polyommatus,50.7775234,2.79614691,3,GPS,2020,POINT (39093.34061610213 164177.86218036152),after,,Butterflies,
2679,2679,2020-07-23,p5,Kemmelberg,blok,V,Bijen,1,Bombus,50.77747378,2.79613391,3,GPS,2020,POINT (39092.30709429631 164172.36316356622),after,,Bombus,
2680,2680,2020-07-23,p5,Kemmelberg,blok,V,Dagvlinders,1,Pyronia,50.77738694,2.79628244,3,GPS,2020,POINT (39102.57602870707 164162.48361384496),after,,Butterflies,
2681,2681,2020-07-23,p5,Kemmelberg,blok,V,Dagvlinders,1,Maniola,50.77745953,2.7964391,3,GPS,2020,POINT (39113.79363102751 164170.3227566816),after,,Butterflies,
2682,2682,2020-07-23,p5,Kemmelberg,blok,V,Dagvlinders,1,Maniola,50.77757109,2.79638537,3,GPS,2020,POINT (39110.26758441495 164182.80996874068),after,,Butterflies,
2683,2683,2020-07-23,p5,Kemmelberg,blok,V,Bijen,1,Bombus,50.77757595,2.79652652,3,GPS,2020,POINT (39120.232018976734 164183.13977127057),after,,Bombus,
2684,2684,2020-07-23,p5,Kemmelberg,blok,V,Dagvlinders,1,Maniola,50.77761744,2.79673322,3,GPS,2020,POINT (39134.90483984773 164187.4455209542),after,,Butterflies,
2685,2685,2020-07-23,p5,Kemmelberg,blok,V,Bijen,1,Colletes,50.77764359,2.79681209,3,GPS,2020,POINT (39140.5277926844 164190.23605463654),after,,Other bees,
2686,2686,2020-07-23,p5,Kemmelberg,blok,V,Bijen,1,Lasioglossum,50.77772783,2.79689927,3,GPS,2020,POINT (39146.87342895898 164199.47460155468),after,,Other bees,
2687,2687,2020-07-23,p5,Kemmelberg,blok,V,Dagvlinders,1,Maniola,50.77778189,2.7969167,3,GPS,2020,POINT (39148.22971304548 164205.4608078804),after,,Butterflies,
2688,2688,2020-07-23,p5,Kemmelberg,blok,V,Dagvlinders,1,Pieris,50.77793822,2.79712248,3,GPS,2020,POINT (39163.10782854742 164222.53980016336),after,,Butterflies,
2689,2689,2020-07-23,p5,Kemmelberg,blok,V,Bijen,1,Bombus,50.77807769,2.79709222,3,GPS,2020,POINT (39161.30232489933 164238.09593768977),after,,Bombus,
2690,2690,2020-07-23,p5,Kemmelberg,blok,V,Bijen,1,Bombus,50.77818733,2.79702885,3,GPS,2020,POINT (39157.0919574369 164250.3839734355),after,,Bombus,
2691,2691,2020-07-23,p5,Kemmelberg,blok,V,Dagvlinders,1,Pyronia,50.7782662,2.79680287,3,GPS,2020,POINT (39141.343145623585 164259.4926247308),after,,Butterflies,
2692,2692,2020-07-23,p5,Kemmelberg,blok,V,Bijen,1,Hylaeus,50.77815422,2.79674998,3,GPS,2020,POINT (39137.350151360195 164247.11783752032),after,,Other bees,
2693,2693,2020-07-23,p5,Kemmelberg,blok,V,Bijen,1,Bombus,50.77805749,2.79669508,3,GPS,2020,POINT (39133.25130612815 164236.4420636678),after,,Bombus,
2694,2694,2020-07-23,p5,Kemmelberg,blok,V,Dagvlinders,1,Maniola,50.77789094,2.79670774,3,GPS,2020,POINT (39133.75195313117 164217.9005147433),after,,Butterflies,
2695,2695,2020-07-23,p5,Kemmelberg,blok,V,Dagvlinders,1,Maniola,50.77776622,2.79657614,3,GPS,2020,POINT (39124.17882143443 164204.22635004297),after,,Butterflies,
2696,2696,2020-07-23,p5,Kemmelberg,blok,V,Dagvlinders,1,Maniola,50.7778409,2.796206,3,GPS,2020,POINT (39098.254877113824 164213.0843262868),after,,Butterflies,
2697,2697,2020-07-23,p5,Kemmelberg,blok,V,Bijen,1,Bombus,50.77770218,2.79627071,3,GPS,2020,POINT (39102.491158075354 164197.56014782656),after,,Bombus,
2718,2718,2020-08-06,p5,Waarmaarde,blok,V,Bijen,1,Lasioglossum,50.7931248,3.49259731,3,GPS,2020,POINT (88227.22363622203 165103.74486207403),after,,Other bees,
2719,2719,2020-08-06,p5,Waarmaarde,blok,V,Bijen,1,Apis,50.79311608,3.49255004,3,GPS,2020,POINT (88223.87960773276 165102.81422023755),after,,Apis,
2720,2720,2020-08-06,p5,Waarmaarde,blok,V,Bijen,1,Andrena,50.79317283,3.49239196,3,GPS,2020,POINT (88212.80922502719 165109.25803041272),after,,Other bees,
2721,2721,2020-08-06,p5,Waarmaarde,blok,V,Dagvlinders,1,Pieris,50.79300335,3.4924,3,GPS,2020,POINT (88213.15372428279 165090.3998490777),after,,Butterflies,
2722,2722,2020-08-06,p5,Waarmaarde,blok,V,Bijen,1,Apis,50.79326486,3.4924316,3,GPS,2020,POINT (88215.72461305522 165119.46169668343),after,,Apis,
2723,2723,2020-08-06,p5,Waarmaarde,blok,V,Bijen,1,Lasioglossum,50.79325078,3.49218157,3,GPS,2020,POINT (88198.07877848634 165118.10347340815),after,,Other bees,
2724,2724,2020-08-06,p5,Waarmaarde,blok,V,Bijen,1,Apis,50.79336897,3.49197647,3,GPS,2020,POINT (88183.77414497844 165131.42050862592),after,,Apis,
2725,2725,2020-08-06,p5,Waarmaarde,blok,V,Bijen,1,Apis,50.79338933,3.49210094,3,GPS,2020,POINT (88192.5760998994 165133.581644224),after,,Apis,
2726,2726,2020-08-06,p5,Waarmaarde,blok,V,Bijen,1,Apis,50.79344893,3.49232339,3,GPS,2020,POINT (88208.33719275004 165140.026035876),after,,Apis,
2727,2727,2020-08-06,p5,Waarmaarde,blok,V,Dagvlinders,1,Pieris,50.79326813,3.49238165,3,GPS,2020,POINT (88212.2073789768 165119.86695498507),after,,Butterflies,
2728,2728,2020-08-06,p5,Waarmaarde,blok,V,Bijen,1,Apis,50.79345505,3.49253923,3,GPS,2020,POINT (88223.56209160687 165140.52731460705),after,,Apis,
2729,2729,2020-08-06,p5,Waarmaarde,blok,V,Bijen,1,Colletes,50.79355781,3.49251542,3,GPS,2020,POINT (88222.01825642805 165151.97724823188),after,,Other bees,
2730,2730,2020-08-06,p5,Waarmaarde,blok,V,Bijen,1,Apis,50.79350115,3.49249757,3,GPS,2020,POINT (88220.68550150699 165145.68971660454),after,,Apis,
2731,2731,2020-08-06,p5,Waarmaarde,blok,V,Dagvlinders,1,Maniola,50.79328121,3.49212868,3,GPS,2020,POINT (88194.3899122711 165121.5322334543),after,,Butterflies,
2732,2732,2020-08-06,p5,Waarmaarde,blok,V,Bijen,1,Lasioglossum,50.79345161,3.49254786,3,GPS,2020,POINT (88224.16600065507 165140.1375041902),after,,Other bees,
2759,2759,2020-08-06,p5,Waarmaarde,sinus,V,Bijen,1,Dasypoda,50.79401714,3.49376684,3,GPS,2020,POINT (88310.84567638562 165202.02955213934),after,,Other bees,
2760,2760,2020-08-06,p5,Waarmaarde,sinus,V,Bijen,1,Apis,50.79415334,3.49385862,3,GPS,2020,POINT (88317.49452849335 165217.10308711976),after,,Apis,
2761,2761,2020-08-06,p5,Waarmaarde,sinus,V,Dagvlinders,1,Lycaena,50.79415334,3.49385862,3,GPS,2020,POINT (88317.49452849335 165217.10308711976),after,,Butterflies,
2762,2762,2020-08-06,p5,Waarmaarde,sinus,V,Bijen,1,Colletes,50.79415334,3.49385862,3,GPS,2020,POINT (88317.49452849335 165217.10308711976),after,,Other bees,
2763,2763,2020-08-06,p5,Waarmaarde,sinus,V,Bijen,1,Lasioglossum,50.79418059,3.49418627,3,GPS,2020,POINT (88340.62941845774 165219.86222283822),after,,Other bees,
2764,2764,2020-08-06,p5,Waarmaarde,sinus,V,Bijen,1,Lasioglossum,50.79427371,3.49422282,3,GPS,2020,POINT (88343.32808360085 165230.1897690855),after,,Other bees,
2765,2765,2020-08-06,p5,Waarmaarde,sinus,V,Dagvlinders,1,Papilio,50.79419207,3.49437327,3,GPS,2020,POINT (88353.82787472919 165220.984011787),after,,Butterflies,
2766,2766,2020-08-06,p5,Waarmaarde,sinus,V,Bijen,1,Bombus,50.79410481,3.4945399,3,GPS,2020,POINT (88365.4610341354 165211.13973473758),after,,Bombus,
2767,2767,2020-08-06,p5,Waarmaarde,sinus,V,Bijen,1,Lasioglossum,50.7940308,3.49458726,3,GPS,2020,POINT (88368.70305562305 165202.86821402516),after,,Other bees,
2768,2768,2020-08-06,p5,Waarmaarde,sinus,V,Dagvlinders,1,Pieris,50.7940474,3.4944125,3,GPS,2020,POINT (88356.40422748993 165204.85961315315),after,,Butterflies,
2769,2769,2020-08-06,p5,Waarmaarde,sinus,V,Dagvlinders,1,Maniola,50.79398504,3.49425534,3,GPS,2020,POINT (88345.2428418807 165198.05360298697),after,,Butterflies,
2770,2770,2020-08-06,p5,Waarmaarde,sinus,V,Dagvlinders,1,Lycaena,50.79383609,3.49434234,3,GPS,2020,POINT (88351.18137058165 165181.4134985488),after,,Butterflies,
2771,2771,2020-08-06,p5,Waarmaarde,sinus,V,Bijen,1,Bombus,50.79383609,3.49434234,3,GPS,2020,POINT (88351.18137058165 165181.4134985488),after,,Bombus,
2772,2772,2020-08-06,p5,Waarmaarde,sinus,V,Bijen,1,Bombus,50.79383609,3.49434234,3,GPS,2020,POINT (88351.18137058165 165181.4134985488),after,,Bombus,
2773,2773,2020-08-06,p5,Waarmaarde,sinus,V,Bijen,1,Apis,50.79383609,3.49434234,3,GPS,2020,POINT (88351.18137058165 165181.4134985488),after,,Apis,
2774,2774,2020-08-06,p5,Waarmaarde,sinus,V,Dagvlinders,1,Maniola,50.79382159,3.49418384,3,GPS,2020,POINT (88339.98811499865 165179.93214868754),after,,Butterflies,
2775,2775,2020-08-06,p5,Waarmaarde,sinus,V,Dagvlinders,1,Aricia,50.79397213,3.4940266,3,GPS,2020,POINT (88329.09978610494 165196.80741455127),after,,Butterflies,
2776,2776,2020-08-06,p5,Waarmaarde,sinus,V,Bijen,1,Apis,50.79404555,3.49411352,3,GPS,2020,POINT (88335.32376711772 165204.90189501643),after,,Apis,
2777,2777,2020-08-06,p5,Waarmaarde,sinus,V,Bijen,1,Apis,50.7940562,3.49396206,3,GPS,2020,POINT (88324.65980942716 165206.21220683027),after,,Apis,
2778,2778,2020-08-06,p5,Waarmaarde,sinus,V,Bijen,1,Lasioglossum,50.79412015,3.4940302,3,GPS,2020,POINT (88329.54740219348 165213.268905852),after,,Other bees,
2779,2779,2020-08-06,p5,Waarmaarde,sinus,V,Bijen,1,Hylaeus,50.79385344,3.49412735,3,GPS,2020,POINT (88336.04726026155 165183.5217452282),after,,Other bees,
2780,2780,2020-08-06,p5,Waarmaarde,sinus,V,Dagvlinders,1,Pyronia,50.79387842,3.49392157,3,GPS,2020,POINT (88321.57245934827 165186.4710870888),after,,Butterflies,
2781,2781,2020-08-06,p5,Waarmaarde,sinus,V,Dagvlinders,1,Maniola,50.79404715,3.49365192,3,GPS,2020,POINT (88302.78314367055 165205.46301587857),after,,Butterflies,
2782,2782,2020-08-06,p5,Waarmaarde,sinus,V,Bijen,1,Hylaeus,50.79416139,3.49387606,3,GPS,2020,POINT (88318.73458509908 165217.98402400874),after,,Other bees,
2783,2783,2020-08-06,p5,Waarmaarde,sinus,V,Bijen,1,Apis,50.79416139,3.49387606,3,GPS,2020,POINT (88318.73458509908 165217.98402400874),after,,Apis,
2794,2794,2020-08-07,p5,Waarmaarde2,blok,V,Dagvlinders,1,Maniola,50.78065236,3.46919387,3,GPS,2020,POINT (86560.4610174277 163736.14039302152),after,,Butterflies,
2795,2795,2020-08-07,p5,Waarmaarde2,blok,V,Bijen,1,Apis,50.78046318,3.46927425,3,GPS,2020,POINT (86565.8746577545 163715.02916505095),after,,Apis,
2796,2796,2020-08-07,p5,Waarmaarde2,blok,V,Bijen,1,Apis,50.78030686,3.46929613,3,GPS,2020,POINT (86567.2071574141 163697.62291798647),after,,Apis,
2797,2797,2020-08-07,p5,Waarmaarde2,blok,V,Bijen,1,Nomada,50.78032295,3.4693667,3,GPS,2020,POINT (86572.20542535988 163699.35237933788),after,,Other bees,
2798,2798,2020-08-07,p5,Waarmaarde2,blok,V,Dagvlinders,1,Pyronia,50.78034743,3.46946293,3,GPS,2020,POINT (86579.02452977822 163701.99316961784),after,,Butterflies,
2799,2799,2020-08-07,p5,Waarmaarde2,blok,V,Dagvlinders,1,Pyronia,50.78022983,3.46928171,3,GPS,2020,POINT (86566.08653919504 163689.06713387556),after,,Butterflies,
2800,2800,2020-08-07,p5,Waarmaarde2,blok,V,Dagvlinders,1,Maniola,50.78017451,3.46901257,3,GPS,2020,POINT (86547.0322129275 163683.14364478737),after,,Butterflies,
2801,2801,2020-08-07,p5,Waarmaarde2,blok,V,Dagvlinders,1,Pieris,50.78030175,3.46873202,3,GPS,2020,POINT (86527.41916556448 163697.53622894548),after,,Butterflies,
2802,2802,2020-08-07,p5,Waarmaarde2,blok,V,Bijen,1,Sphecodes,50.78030921,3.4687389,3,GPS,2020,POINT (86527.91439472314 163698.36013249122),after,,Other bees,
2803,2803,2020-08-07,p5,Waarmaarde2,blok,V,Bijen,1,Sphecodes,50.78036545,3.46869933,3,GPS,2020,POINT (86525.19968778567 163704.64954171423),after,,Other bees,
2804,2804,2020-08-07,p5,Waarmaarde2,blok,V,Dagvlinders,1,Aricia,50.78052739,3.4688466,3,GPS,2020,POINT (86535.80332478299 163722.53643698804),after,,Butterflies,
2826,2826,2020-08-07,p5,Waarmaarde2,sinus,V,Dagvlinders,1,Maniola,50.7815618,3.47124475,3,GPS,2020,POINT (86706.31014901002 163835.54910428263),after,,Butterflies,
2827,2827,2020-08-07,p5,Waarmaarde2,sinus,V,Dagvlinders,1,Aricia,50.78143406,3.47109421,3,GPS,2020,POINT (86695.52267850154 163821.46873378567),after,,Butterflies,
2828,2828,2020-08-07,p5,Waarmaarde2,sinus,V,Bijen,1,Heriades,50.7810329,3.47101509,3,GPS,2020,POINT (86689.40415278985 163776.91484582145),after,,Other bees,
2829,2829,2020-08-07,p5,Waarmaarde2,sinus,V,Dagvlinders,1,Maniola,50.78113315,3.47119404,3,GPS,2020,POINT (86702.15823434631 163787.91327048838),after,,Butterflies,
2830,2830,2020-08-07,p5,Waarmaarde2,sinus,V,Bijen,1,Nomada,50.78133381,3.4716149,3,GPS,2020,POINT (86732.1063042333 163809.87440340407),after,,Other bees,
2831,2831,2020-08-07,p5,Waarmaarde2,sinus,V,Dagvlinders,1,Maniola,50.78128955,3.47161456,3,GPS,2020,POINT (86732.02288814548 163804.95162298158),after,,Butterflies,
2832,2832,2020-08-07,p5,Waarmaarde2,sinus,V,Dagvlinders,1,Pieris,50.78145082,3.47142639,3,GPS,2020,POINT (86718.97001386566 163823.05002351012),after,,Butterflies,
2833,2833,2020-08-07,p5,Waarmaarde2,sinus,V,Dagvlinders,1,Polyommatus,50.78152148,3.47116982,3,GPS,2020,POINT (86700.97203975316 163831.12810903415),after,,Butterflies,
2834,2834,2020-08-07,p5,Waarmaarde2,sinus,V,Bijen,1,Heriades,50.78151377,3.47110955,3,GPS,2020,POINT (86696.71153994711 163830.32186268736),after,,Other bees,
2835,2835,2020-08-07,p5,Waarmaarde2,sinus,V,Bijen,1,Chelestoma,50.78146398,3.471044,3,GPS,2020,POINT (86692.02215383979 163824.8395313546),after,,Other bees,
2836,2836,2020-08-07,p5,Waarmaarde2,sinus,V,Dagvlinders,1,Aricia,50.78145635,3.47094694,3,GPS,2020,POINT (86685.16738214872 163824.07353717275),after,,Butterflies,
2837,2837,2020-08-07,p5,Waarmaarde2,sinus,V,Dagvlinders,1,Pieris,50.78132166,3.47076799,3,GPS,2020,POINT (86672.36705513086 163809.24436884932),after,,Butterflies,
2838,2838,2020-08-07,p5,Waarmaarde2,sinus,V,Dagvlinders,1,Maniola,50.78121227,3.47082892,3,GPS,2020,POINT (86676.51671892138 163797.02492207196),after,,Butterflies,
2945,2945,2020-09-01,p6,Waarmaarde2,sinus,V,Dagvlinders,1,Lycaena,50.78156121,3.47128406,3,GPS,2020,POINT (86709.0814295628 163835.44999587536),,,Butterflies,
2946,2946,2020-09-01,p6,Waarmaarde2,sinus,V,Dagvlinders,1,Pieris,50.78155124,3.47128071,3,GPS,2020,POINT (86708.83179897774 163834.34387929086),,,Butterflies,
2947,2947,2020-09-01,p6,Waarmaarde2,sinus,V,Bijen,1,Bombus,50.78151058,3.47120988,3,GPS,2020,POINT (86703.78235907864 163829.88157065306),,,Bombus,
2948,2948,2020-09-01,p6,Waarmaarde2,sinus,V,Dagvlinders,1,Pieris,50.78149667,3.47108994,3,GPS,2020,POINT (86695.30569710679 163828.43652403262),,,Butterflies,
2949,2949,2020-09-01,p6,Waarmaarde2,sinus,V,Bijen,1,Sphecodes,50.78150279,3.47109027,3,GPS,2020,POINT (86695.3371919379 163829.11697463598),,,Other bees,
2950,2950,2020-09-01,p6,Waarmaarde2,sinus,V,Dagvlinders,1,Aricia,50.78143573,3.47105607,3,GPS,2020,POINT (86692.8353486196 163821.68698170874),,,Butterflies,
2951,2951,2020-09-01,p6,Waarmaarde2,sinus,V,Dagvlinders,1,Polyommatus,50.78141604,3.47105943,3,GPS,2020,POINT (86693.04583122116 163819.49398720358),,,Butterflies,
2952,2952,2020-09-01,p6,Waarmaarde2,sinus,V,Dagvlinders,1,Polyommatus,50.7812774,3.47081191,3,GPS,2020,POINT (86675.40474013615 163804.28387074918),,,Butterflies,
2953,2953,2020-09-01,p6,Waarmaarde2,sinus,V,Bijen,1,Bombus,50.7812774,3.47081191,3,GPS,2020,POINT (86675.40474013615 163804.28387074918),,,Bombus,
2954,2954,2020-09-01,p6,Waarmaarde2,sinus,V,Bijen,1,Halictus,50.78132912,3.47111207,3,GPS,2020,POINT (86696.64112814472 163809.78097191732),,,Other bees,
2955,2955,2020-09-01,p6,Waarmaarde2,sinus,V,Bijen,1,Bombus,50.78110163,3.47101852,3,GPS,2020,POINT (86689.73839670877 163784.5568068996),,,Bombus,
2956,2956,2020-09-01,p6,Waarmaarde2,sinus,V,Bijen,1,Bombus,50.78106718,3.47100469,3,GPS,2020,POINT (86688.71682282593 163780.73669371847),,,Bombus,
2957,2957,2020-09-01,p6,Waarmaarde2,sinus,V,Bijen,1,Colletes,50.78107246,3.47102741,3,GPS,2020,POINT (86690.32611020535 163781.30463428516),,,Other bees,
2958,2958,2020-09-01,p6,Waarmaarde2,sinus,V,Bijen,1,Colletes,50.78107246,3.47102741,3,GPS,2020,POINT (86690.32611020535 163781.30463428516),,,Other bees,
2959,2959,2020-09-01,p6,Waarmaarde2,sinus,V,Bijen,1,Colletes,50.78107246,3.47102741,3,GPS,2020,POINT (86690.32611020535 163781.30463428516),,,Other bees,
2960,2960,2020-09-01,p6,Waarmaarde2,sinus,V,Bijen,1,Colletes,50.78107246,3.47102741,3,GPS,2020,POINT (86690.32611020535 163781.30463428516),,,Other bees,
2961,2961,2020-09-01,p6,Waarmaarde2,sinus,V,Bijen,1,Sphecodes,50.78112368,3.47112916,3,GPS,2020,POINT (86697.57024260904 163786.91518448014),,,Other bees,
2962,2962,2020-09-01,p6,Waarmaarde2,sinus,V,Dagvlinders,1,Aricia,50.78120699,3.47134232,3,GPS,2020,POINT (86712.71397351025 163796.00024509337),,,Butterflies,
2963,2963,2020-09-01,p6,Waarmaarde2,sinus,V,Bijen,1,Bombus,50.78130003,3.47155421,3,GPS,2020,POINT (86727.78116096373 163806.16870558262),,,Bombus,
2964,2964,2020-09-01,p6,Waarmaarde2,sinus,V,Dagvlinders,1,Polyommatus,50.78130288,3.47163602,3,GPS,2020,POINT (86733.55412039529 163806.4160566358),,,Butterflies,
2965,2965,2020-09-01,p6,Waarmaarde2,sinus,V,Bijen,1,Epeolus,50.78102594,3.47096723,3,GPS,2020,POINT (86686.01975681029 163776.18145807367),,,Other bees,
2981,2981,2020-09-01,p6,Waarmaarde2,blok,V,Dagvlinders,1,Pieris,50.78064758,3.46921675,3,GPS,2020,POINT (86562.06806952102 163735.58917750046),,,Butterflies,
2982,2982,2020-09-01,p6,Waarmaarde2,blok,V,Bijen,1,Sphecodes,50.78046804,3.46928062,3,GPS,2020,POINT (86566.33041328736 163715.56430803612),,,Other bees,
2983,2983,2020-09-01,p6,Waarmaarde2,blok,V,Bijen,1,Colletes,50.78034827,3.46930476,3,GPS,2020,POINT (86567.87150168448 163702.22161065135),,,Other bees,
2984,2984,2020-09-01,p6,Waarmaarde2,blok,V,Bijen,1,Colletes,50.78032304,3.46931993,3,GPS,2020,POINT (86568.9073212811 163699.40231283754),,,Other bees,
2985,2985,2020-09-01,p6,Waarmaarde2,blok,V,Bijen,1,Colletes,50.78032496,3.46930627,3,GPS,2020,POINT (86567.94660180641 163699.62753614038),,,Other bees,
2986,2986,2020-09-01,p6,Waarmaarde2,blok,V,Dagvlinders,1,Polyommatus,50.78029663,3.4693636,3,GPS,2020,POINT (86571.95137738044 163696.42743575107),,,Butterflies,
2987,2987,2020-09-01,p6,Waarmaarde2,blok,V,Bijen,1,Bombus,50.78021642,3.46890586,3,GPS,2020,POINT (86539.56344321955 163687.89644577727),,,Bombus,
2988,2988,2020-09-01,p6,Waarmaarde2,blok,V,Bijen,1,Sphecodes,50.78033125,3.46875834,3,GPS,2020,POINT (86529.31499911542 163700.7950499989),,,Other bees,
2989,2989,2020-09-01,p6,Waarmaarde2,blok,V,Dagvlinders,1,Pieris,50.78039487,3.46869757,3,GPS,2020,POINT (86525.11521119121 163707.9234493915),,,Butterflies,
2990,2990,2020-09-01,p6,Waarmaarde2,blok,V,Dagvlinders,1,Lycaena,50.7804641,3.46863823,3,GPS,2020,POINT (86521.02383740168 163715.67463434394),,,Butterflies,
2991,2991,2020-09-01,p6,Waarmaarde2,blok,V,Bijen,1,Bombus,50.78044726,3.46893537,3,GPS,2020,POINT (86541.95543315427 163713.547716734),,,Bombus,
2992,2992,2020-09-01,p6,Waarmaarde2,blok,V,Dagvlinders,1,Polyommatus,50.78044206,3.46907778,3,GPS,2020,POINT (86551.99117087421 163712.84771155287),,,Butterflies,
3022,3022,2020-09-02,p6,Waarmaarde,sinus,V,Bijen,1,Colletes,50.79406609,3.49372451,3,GPS,2020,POINT (88307.92553423294 165207.5094727641),,,Other bees,
3023,3023,2020-09-02,p6,Waarmaarde,sinus,V,Dagvlinders,1,Lycaena,50.79408101,3.49374605,3,GPS,2020,POINT (88309.4636422637 165209.15116365068),,,Butterflies,
3024,3024,2020-09-02,p6,Waarmaarde,sinus,V,Dagvlinders,1,Aricia,50.79408101,3.49374605,3,GPS,2020,POINT (88309.4636422637 165209.15116365068),,,Butterflies,
3025,3025,2020-09-02,p6,Waarmaarde,sinus,V,Bijen,1,Colletes,50.79408101,3.49374605,3,GPS,2020,POINT (88309.4636422637 165209.15116365068),,,Other bees,
3026,3026,2020-09-02,p6,Waarmaarde,sinus,V,Bijen,1,Lasioglossum,50.79407682,3.49377405,3,GPS,2020,POINT (88311.43214788425 165208.6618592851),,,Other bees,
3027,3027,2020-09-02,p6,Waarmaarde,sinus,V,Dagvlinders,1,Pieris,50.79400792,3.49383683,3,GPS,2020,POINT (88315.76788680548 165200.94589769654),,,Butterflies,
3028,3028,2020-09-02,p6,Waarmaarde,sinus,V,Dagvlinders,1,Pieris,50.79414555,3.49395124,3,GPS,2020,POINT (88324.01400629347 165216.15971712768),,,Butterflies,
3029,3029,2020-09-02,p6,Waarmaarde,sinus,V,Dagvlinders,1,Pieris,50.79414764,3.49383239,3,GPS,2020,POINT (88315.63785709278 165216.4908409249),,,Butterflies,
3030,3030,2020-09-02,p6,Waarmaarde,sinus,V,Dagvlinders,1,Polyommatus,50.79410724,3.49379811,3,GPS,2020,POINT (88313.16821483364 165212.02554668952),,,Butterflies,
3031,3031,2020-09-02,p6,Waarmaarde,sinus,V,Bijen,1,Colletes,50.79416952,3.49389056,3,GPS,2020,POINT (88319.76747711468 165218.87630002014),,,Other bees,
3032,3032,2020-09-02,p6,Waarmaarde,sinus,V,Dagvlinders,1,Lycaena,50.79416952,3.49389056,3,GPS,2020,POINT (88319.76747711468 165218.87630002014),,,Butterflies,
3033,3033,2020-09-02,p6,Waarmaarde,sinus,V,Dagvlinders,1,Aricia,50.79416952,3.49389056,3,GPS,2020,POINT (88319.76747711468 165218.87630002014),,,Butterflies,
3034,3034,2020-09-02,p6,Waarmaarde,sinus,V,Dagvlinders,1,Pieris,50.79419634,3.4939929,3,GPS,2020,POINT (88327.01752971642 165221.77458631247),,,Butterflies,
3035,3035,2020-09-02,p6,Waarmaarde,sinus,V,Bijen,1,Sphecodes,50.79408453,3.49401017,3,GPS,2020,POINT (88328.08865125997 165209.32346485276),,,Other bees,
3036,3036,2020-09-02,p6,Waarmaarde,sinus,V,Dagvlinders,1,Aglais,50.79408688,3.49400497,3,GPS,2020,POINT (88327.72512962643 165209.58917439543),,,Butterflies,
3037,3037,2020-09-02,p6,Waarmaarde,sinus,V,Bijen,1,Halictus,50.79405502,3.49408334,3,GPS,2020,POINT (88333.20848151128 165205.98030153662),,,Other bees,
3038,3038,2020-09-02,p6,Waarmaarde,sinus,V,Dagvlinders,1,Pieris,50.7940334,3.49438492,3,GPS,2020,POINT (88354.4415181648 165203.32525202632),,,Butterflies,
3039,3039,2020-09-02,p6,Waarmaarde,sinus,V,Dagvlinders,1,Pieris,50.79407422,3.49431351,3,GPS,2020,POINT (88349.46055605225 165207.92496213596),,,Butterflies,
3040,3040,2020-09-02,p6,Waarmaarde,sinus,V,Bijen,1,Bombus,50.79403357,3.49460134,3,GPS,2020,POINT (88369.6993182351 165203.16464758385),,,Bombus,
3041,3041,2020-09-02,p6,Waarmaarde,sinus,V,Dagvlinders,1,Pyronia,50.793936,3.49454175,3,GPS,2020,POINT (88365.37054943468 165192.36121811066),,,Butterflies,
3042,3042,2020-09-02,p6,Waarmaarde,sinus,V,Bijen,1,Colletes,50.79387582,3.49433966,3,GPS,2020,POINT (88351.04443394863 165185.8349473672),,,Other bees,
3043,3043,2020-09-02,p6,Waarmaarde,sinus,V,Dagvlinders,1,Aricia,50.79387582,3.49433966,3,GPS,2020,POINT (88351.04443394863 165185.8349473672),,,Butterflies,
3044,3044,2020-09-02,p6,Waarmaarde,sinus,V,Dagvlinders,1,Lycaena,50.79387582,3.49433966,3,GPS,2020,POINT (88351.04443394863 165185.8349473672),,,Butterflies,
3045,3045,2020-09-02,p6,Waarmaarde,sinus,V,Dagvlinders,1,Lycaena,50.7938376,3.49431485,3,GPS,2020,POINT (88349.24529815893 165181.60426454246),,,Butterflies,
3046,3046,2020-09-02,p6,Waarmaarde,sinus,V,Dagvlinders,1,Issoria,50.79378689,3.49423832,3,GPS,2020,POINT (88343.78353885443 165176.02721325587),,,Butterflies,
3047,3047,2020-09-02,p6,Waarmaarde,sinus,V,Dagvlinders,1,Polyommatus,50.79389359,3.49382468,3,GPS,2020,POINT (88314.76157518013 165188.23889264),,,Butterflies,
3070,3070,2020-09-02,p6,Waarmaarde,blok,V,Dagvlinders,1,Aricia,50.79319186,3.49268692,3,GPS,2020,POINT (88233.62919072989 165111.12955198996),,,Butterflies,
3071,3071,2020-09-02,p6,Waarmaarde,blok,V,Bijen,1,Lasioglossum,50.7931481,3.49276965,3,GPS,2020,POINT (88239.40436436346 165106.19330402557),,,Other bees,
3072,3072,2020-09-02,p6,Waarmaarde,blok,V,Dagvlinders,1,Pieris,50.79314467,3.49258348,3,GPS,2020,POINT (88226.27466545269 165105.966526689),,,Butterflies,
3073,3073,2020-09-02,p6,Waarmaarde,blok,V,Dagvlinders,1,Lycaena,50.79326411,3.49216917,3,GPS,2020,POINT (88197.22205749023 165119.59650075436),,,Butterflies,
3074,3074,2020-09-02,p6,Waarmaarde,blok,V,Bijen,1,Lasioglossum,50.79336897,3.4920162,3,GPS,2020,POINT (88186.57514246835 165131.38745914958),,,Other bees,
3075,3075,2020-09-02,p6,Waarmaarde,blok,V,Bijen,1,Colletes,50.79339998,3.49204369,3,GPS,2020,POINT (88188.55390650316 165134.81387794577),,,Other bees,
3076,3076,2020-09-02,p6,Waarmaarde,blok,V,Bijen,1,Sphecodes,50.79341205,3.49206657,3,GPS,2020,POINT (88190.1828040388 165136.137409403),,,Other bees,
3077,3077,2020-09-02,p6,Waarmaarde,blok,V,Bijen,1,Lasioglossum,50.79344139,3.49214871,3,GPS,2020,POINT (88196.0122362851 165139.3326190235),,,Other bees,
3078,3078,2020-09-02,p6,Waarmaarde,blok,V,Dagvlinders,1,Pieris,50.79342152,3.49226975,3,GPS,2020,POINT (88204.51957239365 165137.02178838477),,,Butterflies,
3079,3079,2020-09-02,p6,Waarmaarde,blok,V,Dagvlinders,1,Pieris,50.79344239,3.49250201,3,GPS,2020,POINT (88220.92144985832 165139.15006797388),,,Butterflies,
3080,3080,2020-09-02,p6,Waarmaarde,blok,V,Bijen,1,Colletes,50.79349478,3.49241241,3,GPS,2020,POINT (88214.67331202235 165145.0519757839),,,Other bees,
3081,3081,2020-09-02,p6,Waarmaarde,blok,V,Bijen,1,Colletes,50.79348614,3.49241576,3,GPS,2020,POINT (88214.89815509858 165144.08815108705),,,Other bees,
3082,3082,2020-09-02,p6,Waarmaarde,blok,V,Dagvlinders,1,Lycaena,50.79348614,3.49241576,3,GPS,2020,POINT (88214.89815509858 165144.08815108705),,,Butterflies,
3083,3083,2020-09-02,p6,Waarmaarde,blok,V,Dagvlinders,1,Aricia,50.79348614,3.49241576,3,GPS,2020,POINT (88214.89815509858 165144.08815108705),,,Butterflies,
3084,3084,2020-09-02,p6,Waarmaarde,blok,V,Dagvlinders,1,Polyommatus,50.79349075,3.49241308,3,GPS,2020,POINT (88214.71526083216 165144.60315615032),,,Butterflies,
3085,3085,2020-09-02,p6,Waarmaarde,blok,V,Dagvlinders,1,Pieris,50.79344155,3.49264199,3,GPS,2020,POINT (88230.7890382 165138.940267656),,,Butterflies,
3131,3131,2020-09-07,p6,Muziekbos,sinus,V,Dagvlinders,1,Aricia,50.76828855,3.65524697,3,GPS,2020,POINT (99667.83518855038 162218.46932572685),,,Butterflies,
3132,3132,2020-09-07,p6,Muziekbos,sinus,V,Dagvlinders,1,Polyommatus,50.76829081,3.6551769,3,GPS,2020,POINT (99662.89486093602 162218.76816718653),,,Butterflies,
3133,3133,2020-09-07,p6,Muziekbos,sinus,V,Bijen,1,Bombus,50.76831118,3.65519626,3,GPS,2020,POINT (99664.28227037971 162221.02087752335),,,Bombus,
3134,3134,2020-09-07,p6,Muziekbos,sinus,V,Bijen,1,Anthidiellum,50.76834991,3.65513926,3,GPS,2020,POINT (99660.30285457722 162225.36754801404),,,Other bees,
3135,3135,2020-09-07,p6,Muziekbos,sinus,V,Bijen,1,Bombus,50.76841906,3.65521059,3,GPS,2020,POINT (99665.40831703256 162233.01102039777),,,Bombus,
3136,3136,2020-09-07,p6,Muziekbos,sinus,V,Bijen,1,Bombus,50.76841906,3.65521059,3,GPS,2020,POINT (99665.40831703256 162233.01102039777),,,Bombus,
3137,3137,2020-09-07,p6,Muziekbos,sinus,V,Dagvlinders,1,Pieris,50.76841478,3.65522685,3,GPS,2020,POINT (99666.55072442081 162232.52393010072),,,Butterflies,
3138,3138,2020-09-07,p6,Muziekbos,sinus,V,Bijen,1,Colletes,50.76840204,3.65517581,3,GPS,2020,POINT (99662.93676387948 162231.14138467424),,,Other bees,
3139,3139,2020-09-07,p6,Muziekbos,sinus,V,Bijen,1,Bombus,50.7684209,3.65515175,3,GPS,2020,POINT (99661.2597172094 162233.2555400841),,,Bombus,
3140,3140,2020-09-07,p6,Muziekbos,sinus,V,Bijen,1,Bombus,50.76845585,3.65507824,3,GPS,2020,POINT (99656.111663897 162237.1929342961),,,Bombus,
3141,3141,2020-09-07,p6,Muziekbos,sinus,V,Bijen,1,Bombus,50.76849642,3.65514438,3,GPS,2020,POINT (99660.82049604018 162241.6608703211),,,Bombus,
3142,3142,2020-09-07,p6,Muziekbos,sinus,V,Dagvlinders,1,Aricia,50.76831629,3.65544319,3,GPS,2020,POINT (99681.70617194475 162221.42207411863),,,Butterflies,
3143,3143,2020-09-07,p6,Muziekbos,sinus,V,Dagvlinders,1,Polyommatus,50.76830741,3.65537848,3,GPS,2020,POINT (99677.13204695084 162220.47813441325),,,Butterflies,
3144,3144,2020-09-07,p6,Muziekbos,sinus,V,Dagvlinders,1,Polyommatus,50.76828704,3.65539776,3,GPS,2020,POINT (99678.47031057418 162218.19925822224),,,Butterflies,
3145,3145,2020-09-07,p6,Muziekbos,sinus,V,Dagvlinders,1,Aglais,50.76824346,3.65542383,3,GPS,2020,POINT (99680.26276331858 162213.33406050038),,,Butterflies,
3146,3146,2020-09-07,p6,Muziekbos,sinus,V,Dagvlinders,1,Aglais,50.76834119,3.65546021,3,GPS,2020,POINT (99682.93334504552 162224.18026047852),,,Butterflies,
3147,3147,2020-09-07,p6,Muziekbos,sinus,V,Dagvlinders,1,Polyommatus,50.76834119,3.65546021,3,GPS,2020,POINT (99682.93334504552 162224.18026047852),,,Butterflies,
3148,3148,2020-09-07,p6,Muziekbos,sinus,V,Dagvlinders,1,Aricia,50.76838486,3.6555649,3,GPS,2020,POINT (99690.36478813217 162228.96694838256),,,Butterflies,
3149,3149,2020-09-07,p6,Muziekbos,sinus,V,Bijen,1,Lasioglossum,50.76836541,3.65559842,3,GPS,2020,POINT (99692.70852593039 162226.78077141568),,,Other bees,
3150,3150,2020-09-07,p6,Muziekbos,sinus,V,Dagvlinders,1,Polyommatus,50.76842098,3.65561628,3,GPS,2020,POINT (99694.02768028757 162232.94991719164),,,Butterflies,
3151,3151,2020-09-07,p6,Muziekbos,sinus,V,Dagvlinders,1,Polyommatus,50.76847538,3.65553263,3,GPS,2020,POINT (99688.18509061018 162239.0576309776),,,Butterflies,
3152,3152,2020-09-07,p6,Muziekbos,sinus,V,Dagvlinders,1,Polyommatus,50.76854026,3.65556917,3,GPS,2020,POINT (99690.8318663112 162246.2497132467),,,Butterflies,
3153,3153,2020-09-07,p6,Muziekbos,sinus,V,Dagvlinders,1,Polyommatus,50.76858594,3.65549935,3,GPS,2020,POINT (99685.95554945827 162251.37811387237),,,Butterflies,
3154,3154,2020-09-07,p6,Muziekbos,sinus,V,Dagvlinders,1,Lycaena,50.76873505,3.65529785,3,GPS,2020,POINT (99671.9010384539 162268.1005391823),,,Butterflies,
3155,3155,2020-09-07,p6,Muziekbos,sinus,V,Bijen,1,Stelis,50.76873505,3.65529785,3,GPS,2020,POINT (99671.9010384539 162268.1005391823),,,Other bees,
3156,3156,2020-09-07,p6,Muziekbos,sinus,V,Dagvlinders,1,Polyommatus,50.76870756,3.6552613,3,GPS,2020,POINT (99669.29346878384 162265.0674861595),,,Butterflies,
3183,3183,2020-09-07,p6,Muziekbos,blok,V,Dagvlinders,1,Pieris,50.76949764,3.65655882,3,GPS,2020,POINT (99761.66194139488 162352.07285512984),,,Butterflies,
3184,3184,2020-09-07,p6,Muziekbos,blok,V,Bijen,1,Halictus,50.76949244,3.6562813,3,GPS,2020,POINT (99742.08062165206 162351.68206610344),,,Other bees,
3185,3185,2020-09-07,p6,Muziekbos,blok,V,Bijen,1,Bombus,50.76946772,3.65614727,3,GPS,2020,POINT (99732.60001481549 162349.02301849984),,,Bombus,
3186,3186,2020-09-07,p6,Muziekbos,blok,V,Bijen,1,Bombus,50.76943235,3.65611886,3,GPS,2020,POINT (99730.5582974136 162345.10791037045),,,Bombus,
3187,3187,2020-09-07,p6,Muziekbos,blok,V,Bijen,1,Colletes,50.76940795,3.65610511,3,GPS,2020,POINT (99729.56237039506 162342.40311700664),,,Other bees,
3188,3188,2020-09-07,p6,Muziekbos,blok,V,Dagvlinders,1,Pieris,50.76933587,3.65619211,3,GPS,2020,POINT (99735.62233913594 162334.32657697424),,,Butterflies,
3189,3189,2020-09-07,p6,Muziekbos,blok,V,Dagvlinders,1,Polyommatus,50.76927317,3.65610234,3,GPS,2020,POINT (99729.22322356209 162327.41296166275),,,Butterflies,
3190,3190,2020-09-07,p6,Muziekbos,blok,V,Dagvlinders,1,Polyommatus,50.76925842,3.65599832,3,GPS,2020,POINT (99721.87006572058 162325.84263222385),,,Butterflies,
3191,3191,2020-09-07,p6,Muziekbos,blok,V,Dagvlinders,1,Aricia,50.76928826,3.65599061,3,GPS,2020,POINT (99721.35804524267 162329.16705052182),,,Butterflies,
3192,3192,2020-09-07,p6,Muziekbos,blok,V,Bijen,1,Colletes,50.76928801,3.65598198,3,GPS,2020,POINT (99720.74903078772 162329.14508029819),,,Other bees,
3193,3193,2020-09-07,p6,Muziekbos,blok,V,Dagvlinders,1,Lycaena,50.7693041,3.65588341,3,GPS,2020,POINT (99713.81321184384 162331.00151124317),,,Butterflies,
3194,3194,2020-09-07,p6,Muziekbos,blok,V,Dagvlinders,1,Pieris,50.76938465,3.65589397,3,GPS,2020,POINT (99714.64403804182 162339.9542114418),,,Butterflies,
3195,3195,2020-09-07,p6,Muziekbos,blok,V,Bijen,1,Lasioglossum,50.7694787,3.65583069,3,GPS,2020,POINT (99710.28071868616 162350.45852214564),,,Other bees,
3196,3196,2020-09-07,p6,Muziekbos,blok,V,Bijen,1,Apis,50.76951181,3.65585365,3,GPS,2020,POINT (99711.93560467154 162354.1259226026),,,Apis,
3197,3197,2020-09-07,p6,Muziekbos,blok,V,Bijen,1,Apis,50.76957408,3.65588282,3,GPS,2020,POINT (99714.05964190746 162361.03268614318),,,Apis,
3198,3198,2020-09-07,p6,Muziekbos,blok,V,Dagvlinders,1,Pieris,50.76963083,3.65587511,3,GPS,2020,POINT (99713.57634145177 162367.35039463732),,,Butterflies,
3199,3199,2020-09-07,p6,Muziekbos,blok,V,Dagvlinders,1,Polyommatus,50.76959688,3.65593454,3,GPS,2020,POINT (99717.73219805206 162363.53381461557),,,Butterflies,
3269,3269,2020-09-13,p6,Kemmelberg,sinus,V,Dagvlinders,1,Pieris,50.77271688,2.79742339,3,GPS,2020,POINT (39172.04088462019 163641.40620481502),,,Butterflies,
3270,3270,2020-09-13,p6,Kemmelberg,sinus,V,Bijen,1,Bombus,50.77279542,2.79750855,3,GPS,2020,POINT (39178.231225479336 163650.01387429424),,,Bombus,
3271,3271,2020-09-13,p6,Kemmelberg,sinus,V,Dagvlinders,1,Pieris,50.77285082,2.7976072,3,GPS,2020,POINT (39185.318431457854 163656.02794316225),,,Butterflies,
3272,3272,2020-09-13,p6,Kemmelberg,sinus,V,Dagvlinders,1,Coenonympha,50.77284923,2.79772438,3,GPS,2020,POINT (39193.578304892624 163655.67631451786),,,Butterflies,
3273,3273,2020-09-13,p6,Kemmelberg,sinus,V,Bijen,1,Colletes,50.77278871,2.79775321,3,GPS,2020,POINT (39195.469051850785 163648.90265959874),,,Other bees,
3274,3274,2020-09-13,p6,Kemmelberg,sinus,V,Dagvlinders,1,Pieris,50.77278636,2.79790602,3,GPS,2020,POINT (39206.23980479129 163648.41338230297),,,Butterflies,
3275,3275,2020-09-13,p6,Kemmelberg,sinus,V,Bijen,1,Halictus,50.77283892,2.79788909,3,GPS,2020,POINT (39205.16951693375 163654.2840236118),,,Other bees,
3276,3276,2020-09-13,p6,Kemmelberg,sinus,V,Dagvlinders,1,Pieris,50.77290237,2.7978719,3,GPS,2020,POINT (39204.10651158706 163661.3661698522),,,Butterflies,
3277,3277,2020-09-13,p6,Kemmelberg,sinus,V,Dagvlinders,1,Pieris,50.7729675,2.79787417,3,GPS,2020,POINT (39204.41979040223 163668.6061303923),,,Butterflies,
3278,3278,2020-09-13,p6,Kemmelberg,sinus,V,Dagvlinders,1,Aglais,50.7729271,2.79772472,3,GPS,2020,POINT (39193.78546306773 163664.33601530455),,,Butterflies,
3279,3279,2020-09-13,p6,Kemmelberg,sinus,V,Dagvlinders,1,Pieris,50.77299315,2.79753386,3,GPS,2020,POINT (39180.481301968335 163671.96639198065),,,Butterflies,
3280,3280,2020-09-13,p6,Kemmelberg,sinus,V,Dagvlinders,1,Pieris,50.77300874,2.79774869,3,GPS,2020,POINT (39195.66788790804 163673.3797443295),,,Butterflies,
3281,3281,2020-09-13,p6,Kemmelberg,sinus,V,Bijen,1,Bombus,50.773212,2.79796343,3,GPS,2020,POINT (39211.28952514325 163695.66474577226),,,Bombus,
3282,3282,2020-09-13,p6,Kemmelberg,sinus,V,Dagvlinders,1,Aglais,50.77331023,2.79789093,3,GPS,2020,POINT (39206.407865903806 163706.69739582296),,,Butterflies,
3283,3283,2020-09-13,p6,Kemmelberg,sinus,V,Bijen,1,Colletes,50.7733311,2.79793795,3,GPS,2020,POINT (39209.77280420577 163708.94829681516),,,Other bees,
3284,3284,2020-09-13,p6,Kemmelberg,sinus,V,Bijen,1,Apis,50.7733311,2.79793795,3,GPS,2020,POINT (39209.77280420577 163708.94829681516),,,Apis,
3285,3285,2020-09-13,p6,Kemmelberg,sinus,V,Bijen,1,Bombus,50.77327838,2.79780443,3,GPS,2020,POINT (39200.232965901756 163703.28425716888),,,Bombus,
3286,3286,2020-09-13,p6,Kemmelberg,sinus,V,Bijen,1,Halictus,50.77322348,2.79766252,3,GPS,2020,POINT (39190.09631461416 163697.39030453935),,,Other bees,
3287,3287,2020-09-13,p6,Kemmelberg,sinus,V,Dagvlinders,1,Aglais,50.77322348,2.79766252,3,GPS,2020,POINT (39190.09631461416 163697.39030453935),,,Butterflies,
3288,3288,2020-09-13,p6,Kemmelberg,sinus,V,Dagvlinders,1,Lycaena,50.77322348,2.79766252,3,GPS,2020,POINT (39190.09631461416 163697.39030453935),,,Butterflies,
3289,3289,2020-09-13,p6,Kemmelberg,sinus,V,Dagvlinders,1,Polyommatus,50.77322348,2.79766252,3,GPS,2020,POINT (39190.09631461416 163697.39030453935),,,Butterflies,
3290,3290,2020-09-13,p6,Kemmelberg,sinus,V,Dagvlinders,1,Aricia,50.77322348,2.79766252,3,GPS,2020,POINT (39190.09631461416 163697.39030453935),,,Butterflies,
3291,3291,2020-09-13,p6,Kemmelberg,sinus,V,Bijen,1,Lasioglossum,50.77321007,2.79761701,3,GPS,2020,POINT (39186.85539590576 163695.9668176826),,,Other bees,
3292,3292,2020-09-13,p6,Kemmelberg,sinus,V,Dagvlinders,1,Polyommatus,50.77321007,2.79761701,3,GPS,2020,POINT (39186.85539590576 163695.9668176826),,,Butterflies,
3293,3293,2020-09-13,p6,Kemmelberg,sinus,V,Dagvlinders,1,Lycaena,50.77321007,2.79761701,3,GPS,2020,POINT (39186.85539590576 163695.9668176826),,,Butterflies,
3294,3294,2020-09-13,p6,Kemmelberg,sinus,V,Dagvlinders,1,Aricia,50.77321007,2.79761701,3,GPS,2020,POINT (39186.85539590576 163695.9668176826),,,Butterflies,
3310,3310,2020-09-13,p6,Kemmelberg,sinus,V,Dagvlinders,1,Pieris,50.77306079,2.79731694,3,GPS,2020,POINT (39165.343159934695 163679.8125144681),,,Butterflies,
3312,3312,2020-09-13,p6,Kemmelberg,sinus,V,Bijen,1,Colletes,50.77316372,2.7971633,3,GPS,2020,POINT (39154.750630456314 163691.48898350727),,,Other bees,
3313,3313,2020-09-13,p6,Kemmelberg,sinus,V,Dagvlinders,1,Polyommatus,50.77316372,2.7971633,3,GPS,2020,POINT (39154.750630456314 163691.48898350727),,,Butterflies,
3314,3314,2020-09-13,p6,Kemmelberg,sinus,V,Dagvlinders,1,Aricia,50.77316372,2.7971633,3,GPS,2020,POINT (39154.750630456314 163691.48898350727),,,Butterflies,
3315,3315,2020-09-13,p6,Kemmelberg,sinus,V,Dagvlinders,1,Pieris,50.77309876,2.79712818,3,GPS,2020,POINT (39152.12109111331 163684.31695068534),,,Butterflies,
3316,3316,2020-09-13,p6,Kemmelberg,sinus,V,Dagvlinders,1,Pieris,50.77292148,2.79702357,3,GPS,2020,POINT (39144.32674335412 163664.75710167922),,,Butterflies,
3317,3317,2020-09-13,p6,Kemmelberg,sinus,V,Dagvlinders,1,Pieris,50.77287077,2.79701678,3,GPS,2020,POINT (39143.72856490285 163659.127590823),,,Butterflies,
3318,3318,2020-09-13,p6,Kemmelberg,sinus,V,Bijen,1,Apis,50.77278863,2.79702558,3,GPS,2020,POINT (39144.155834657315 163649.97937003057),,,Apis,
3319,3319,2020-09-13,p6,Kemmelberg,sinus,V,Dagvlinders,1,Pieris,50.77281034,2.796882,3,GPS,2020,POINT (39134.08156147196 163652.60809554253),,,Butterflies,
3320,3320,2020-09-13,p6,Kemmelberg,sinus,V,Bijen,1,Heriades,50.77283607,2.79678536,3,GPS,2020,POINT (39127.327001702026 163655.6138579212),,,Other bees,
3321,3321,2020-09-13,p6,Kemmelberg,sinus,V,Dagvlinders,1,Pieris,50.77301175,2.79664102,3,GPS,2020,POINT (39117.56159999044 163675.3673129147),,,Butterflies,
3322,3322,2020-09-13,p6,Kemmelberg,sinus,V,Bijen,1,Halictus,50.77295065,2.79647883,3,GPS,2020,POINT (39105.98004749122 163668.81427078694),,,Other bees,
3323,3323,2020-09-13,p6,Kemmelberg,sinus,V,Bijen,1,Andrena,50.77295065,2.79647883,3,GPS,2020,POINT (39105.98004749122 163668.81427078694),,,Other bees,
3324,3324,2020-09-13,p6,Kemmelberg,sinus,V,Dagvlinders,1,Lycaena,50.77295065,2.79647883,3,GPS,2020,POINT (39105.98004749122 163668.81427078694),,,Butterflies,
3325,3325,2020-09-13,p6,Kemmelberg,sinus,V,Dagvlinders,1,Polyommatus,50.77295065,2.79647883,3,GPS,2020,POINT (39105.98004749122 163668.81427078694),,,Butterflies,
3326,3326,2020-09-13,p6,Kemmelberg,sinus,V,Dagvlinders,1,Aricia,50.77296574,2.79649484,3,GPS,2020,POINT (39107.144606334245 163670.4685842041),,,Butterflies,
3327,3327,2020-09-13,p6,Kemmelberg,sinus,V,Dagvlinders,1,Lycaena,50.77296574,2.79649484,3,GPS,2020,POINT (39107.144606334245 163670.4685842041),,,Butterflies,
3328,3328,2020-09-13,p6,Kemmelberg,sinus,V,Bijen,1,Apis,50.77296574,2.79649484,3,GPS,2020,POINT (39107.144606334245 163670.4685842041),,,Apis,
3329,3329,2020-09-13,p6,Kemmelberg,sinus,V,Bijen,1,Bombus,50.77275233,2.79641001,3,GPS,2020,POINT (39100.659908140806 163646.8611248741),,,Bombus,
3330,3330,2020-09-13,p6,Kemmelberg,sinus,V,Bijen,1,Halictus,50.77270238,2.79648897,3,GPS,2020,POINT (39106.11063639392 163641.1881274674),,,Other bees,
3331,3331,2020-09-13,p6,Kemmelberg,sinus,V,Dagvlinders,1,Aglais,50.77264144,2.79638479,3,GPS,2020,POINT (39098.62029359206 163634.5662985351),,,Butterflies,
3332,3332,2020-09-13,p6,Kemmelberg,sinus,V,Bijen,1,Bombus,50.77262099,2.79641404,3,GPS,2020,POINT (39100.634885368054 163632.2483121436),,,Bombus,
3333,3333,2020-09-13,p6,Kemmelberg,sinus,V,Dagvlinders,1,Polyommatus,50.77262711,2.79629887,3,GPS,2020,POINT (39092.52739132002 163633.10088407714),,,Butterflies,
3334,3334,2020-09-13,p6,Kemmelberg,sinus,V,Dagvlinders,1,Polyommatus,50.77264613,2.79624749,3,GPS,2020,POINT (39088.948807469045 163635.2928794548),,,Butterflies,
3335,3335,2020-09-13,p6,Kemmelberg,sinus,V,Bijen,1,Colletes,50.77276256,2.79621287,3,GPS,2020,POINT (39086.78152497529 163648.29317060206),,,Other bees,
3336,3336,2020-09-13,p6,Kemmelberg,sinus,V,Dagvlinders,1,Lycaena,50.77276256,2.79621287,3,GPS,2020,POINT (39086.78152497529 163648.29317060206),,,Butterflies,
3337,3337,2020-09-13,p6,Kemmelberg,sinus,V,Dagvlinders,1,Polyommatus,50.77275233,2.7962899,3,GPS,2020,POINT (39092.18965424954 163647.04044499435),,,Butterflies,
3338,3338,2020-09-13,p6,Kemmelberg,sinus,V,Dagvlinders,1,Pieris,50.7727323,2.7963837,3,GPS,2020,POINT (39098.75734699723 163644.67279489152),,,Butterflies,
3339,3339,2020-09-13,p6,Kemmelberg,sinus,V,Bijen,1,Bombus,50.77275242,2.79647011,3,GPS,2020,POINT (39104.89842051634 163646.78141199797),,,Bombus,
3340,3340,2020-09-13,p6,Kemmelberg,blok,V,Bijen,1,Colletes,50.77788751,2.79689088,3,GPS,2020,POINT (39146.65765245058 164217.24573773332),,,Other bees,
3341,3341,2020-09-13,p6,Kemmelberg,blok,V,Dagvlinders,1,Pieris,50.77793227,2.79706556,3,GPS,2020,POINT (39159.080222941295 164221.96300816722),,,Butterflies,
3342,3342,2020-09-13,p6,Kemmelberg,blok,V,Bijen,1,Bombus,50.77794098,2.79734275,3,GPS,2020,POINT (39178.64623345609 164222.51811553258),,,Bombus,
3343,3343,2020-09-13,p6,Kemmelberg,blok,V,Dagvlinders,1,Pieris,50.77801064,2.79722935,3,GPS,2020,POINT (39170.81397317974 164230.43445114605),,,Butterflies,
3344,3344,2020-09-13,p6,Kemmelberg,blok,V,Dagvlinders,1,Pieris,50.77812379,2.79707068,3,GPS,2020,POINT (39159.89196904657 164243.25503332447),,,Butterflies,
3345,3345,2020-09-13,p6,Kemmelberg,blok,V,Bijen,1,Bombus,50.77823125,2.7970084,3,GPS,2020,POINT (39155.75333770005 164255.29899781477),,,Bombus,
3346,3346,2020-09-13,p6,Kemmelberg,blok,V,Bijen,1,Andrena,50.77824525,2.79686063,3,GPS,2020,POINT (39145.366640968365 164257.07649868913),,,Other bees,
3347,3347,2020-09-13,p6,Kemmelberg,blok,V,Dagvlinders,1,Polyommatus,50.77824525,2.79686063,3,GPS,2020,POINT (39145.366640968365 164257.07649868913),,,Butterflies,
3348,3348,2020-09-13,p6,Kemmelberg,blok,V,Dagvlinders,1,Lycaena,50.77824525,2.79686063,3,GPS,2020,POINT (39145.366640968365 164257.07649868913),,,Butterflies,
3349,3349,2020-09-13,p6,Kemmelberg,blok,V,Dagvlinders,1,Pieris,50.77827198,2.79680304,3,GPS,2020,POINT (39141.36873760908 164260.13518671785),,,Butterflies,
3350,3350,2020-09-13,p6,Kemmelberg,blok,V,Bijen,1,Bombus,50.77818045,2.79677446,3,GPS,2020,POINT (39139.138043587096 164249.99844103027),,,Bombus,
3351,3351,2020-09-13,p6,Kemmelberg,blok,V,Dagvlinders,1,Pieris,50.77807928,2.79688166,3,GPS,2020,POINT (39146.45888330955 164238.58696354087),,,Butterflies,
3352,3352,2020-09-13,p6,Kemmelberg,blok,V,Bijen,1,Bombus,50.77801114,2.79678485,3,GPS,2020,POINT (39139.47214720184 164231.1533297915),,,Bombus,
3353,3353,2020-09-13,p6,Kemmelberg,blok,V,Dagvlinders,1,Pieris,50.77799781,2.7966914,3,GPS,2020,POINT (39132.851335192594 164229.81031777337),,,Butterflies,
3354,3354,2020-09-13,p6,Kemmelberg,blok,V,Dagvlinders,1,Pieris,50.77798189,2.79665158,3,GPS,2020,POINT (39130.00603353711 164228.09922559932),,,Butterflies,
3358,3358,2020-09-13,p6,Kemmelberg,blok,V,Dagvlinders,1,Pieris,50.77790779,2.79655351,3,GPS,2020,POINT (39122.916383040996 164220.0046606101),,,Butterflies,
3359,3359,2020-09-13,p6,Kemmelberg,blok,V,Dagvlinders,1,Pieris,50.77783118,2.79656868,3,GPS,2020,POINT (39123.805716582094 164211.46193105634),,,Butterflies,
3361,3361,2020-09-13,p6,Kemmelberg,blok,V,Bijen,1,Apis,50.77777158,2.7965261,3,GPS,2020,POINT (39120.66295442298 164204.89714630507),,,Apis,
3365,3365,2020-09-13,p6,Kemmelberg,blok,V,Dagvlinders,1,Pieris,50.77758593,2.79667581,3,GPS,2020,POINT (39130.782484750234 164184.02685822546),,,Butterflies,
3366,3366,2020-09-13,p6,Kemmelberg,blok,V,Bijen,1,Lasioglossum,50.77756447,2.79653465,3,GPS,2020,POINT (39120.77826840355 164181.85090214666),,,Other bees,
3367,3367,2020-09-13,p6,Kemmelberg,blok,V,Dagvlinders,1,Pieris,50.77759095,2.79647833,3,GPS,2020,POINT (39116.869283393884 164184.87990929838),,,Butterflies,
3368,3368,2020-09-13,p6,Kemmelberg,blok,V,Bijen,1,Bombus,50.77757813,2.79635729,3,GPS,2020,POINT (39108.30413817757 164183.63483117986),,,Bombus,
3369,3369,2020-09-13,p6,Kemmelberg,blok,V,Bijen,1,Lasioglossum,50.77758509,2.7963034,3,GPS,2020,POINT (39104.520549053996 164184.48932757042),,,Other bees,
3370,3370,2020-09-13,p6,Kemmelberg,blok,V,Bijen,1,Apis,50.77762281,2.79622226,3,GPS,2020,POINT (39098.88789580387 164188.8054437274),,,Apis,
3371,3371,2020-09-13,p6,Kemmelberg,blok,V,Bijen,1,Apis,50.77766782,2.79607499,3,GPS,2020,POINT (39088.60936450059 164194.0310489172),,,Apis,
3372,3372,2020-09-13,p6,Kemmelberg,blok,V,Bijen,1,Bombus,50.77756447,2.795919,3,GPS,2020,POINT (39077.36657367414 164182.77002454177),,,Bombus,
3373,3373,2020-09-13,p6,Kemmelberg,blok,V,Dagvlinders,1,Polyommatus,50.77754997,2.79597986,3,GPS,2020,POINT (39081.62388303458 164181.06654954702),,,Butterflies,
3374,3374,2020-09-13,p6,Kemmelberg,blok,V,Dagvlinders,1,Lycaena,50.77763622,2.79596142,3,GPS,2020,POINT (39080.52673429376 164190.68626884092),,,Butterflies,
3375,3375,2020-09-13,p6,Kemmelberg,blok,V,Bijen,1,Bombus,50.77750596,2.7961252,3,GPS,2020,POINT (39091.768697030115 164175.9550260743),,,Bombus,
3376,3376,2020-09-13,p6,Kemmelberg,blok,V,Dagvlinders,1,Pieris,50.77725568,2.79616845,3,GPS,2020,POINT (39094.229071799986 164148.0558782369),,,Butterflies,
3385,3385,2020-09-13,p6,Kemmelberg,blok,V,Bijen,1,Bombus,50.7773452,2.79558482,3,GPS,2020,POINT (39053.28583027926 164158.88324910682),,,Bombus,
3386,3386,2020-09-13,p6,Kemmelberg,blok,V,Dagvlinders,1,Pieris,50.77728233,2.79542506,3,GPS,2020,POINT (39041.87241629987 164152.12986391596),,,Butterflies,
3387,3387,2020-09-13,p6,Kemmelberg,blok,V,Bijen,1,Lasioglossum,50.77718602,2.79540486,3,GPS,2020,POINT (39040.22113924615 164141.44904414006),,,Other bees,
3388,3388,2020-09-13,p6,Kemmelberg,blok,V,Dagvlinders,1,Pieris,50.77716557,2.79564198,3,GPS,2020,POINT (39056.8932835733 164138.8205587659),,,Butterflies,
3389,3389,2020-09-14,p6,Palingbeek,sinus,V,Dagvlinders,1,Pieris,50.82105691,2.91419243,3,GPS,2020,POINT (47512.11271688284 168849.94513930008),,,Butterflies,
3390,3390,2020-09-14,p6,Palingbeek,sinus,V,Dagvlinders,1,Lampides,50.82109638,2.91416151,3,GPS,2020,POINT (47510.02034675579 168854.37759680022),,,Butterflies,
3391,3391,2020-09-14,p6,Palingbeek,sinus,V,Dagvlinders,1,Pieris,50.82109638,2.91416151,3,GPS,2020,POINT (47510.02034675579 168854.37759680022),,,Butterflies,
3392,3392,2020-09-14,p6,Palingbeek,sinus,V,Dagvlinders,1,Aglais,50.82109638,2.91416151,3,GPS,2020,POINT (47510.02034675579 168854.37759680022),,,Butterflies,
3393,3393,2020-09-14,p6,Palingbeek,sinus,V,Bijen,1,Bombus,50.82109638,2.91416151,3,GPS,2020,POINT (47510.02034675579 168854.37759680022),,,Bombus,
3394,3394,2020-09-14,p6,Palingbeek,sinus,V,Dagvlinders,1,Pieris,50.82114466,2.9141346,3,GPS,2020,POINT (47508.22967599753 168859.78435874358),,,Butterflies,
3395,3395,2020-09-14,p6,Palingbeek,sinus,V,Bijen,1,Apis,50.82114466,2.9141346,3,GPS,2020,POINT (47508.22967599753 168859.78435874358),,,Apis,
3396,3396,2020-09-14,p6,Palingbeek,sinus,V,Dagvlinders,1,Polyommatus,50.82117241,2.91414315,3,GPS,2020,POINT (47508.892469518745 168862.85887937248),,,Butterflies,
3397,3397,2020-09-14,p6,Palingbeek,sinus,V,Dagvlinders,1,Pieris,50.82116587,2.9140693,3,GPS,2020,POINT (47503.67545058427 168862.23340068106),,,Butterflies,
3398,3398,2020-09-14,p6,Palingbeek,sinus,V,Bijen,1,Bombus,50.82116587,2.9140693,3,GPS,2020,POINT (47503.67545058427 168862.23340068106),,,Bombus,
3399,3399,2020-09-14,p6,Palingbeek,sinus,V,Bijen,1,Apis,50.82116587,2.9140693,3,GPS,2020,POINT (47503.67545058427 168862.23340068106),,,Apis,
3400,3400,2020-09-14,p6,Palingbeek,sinus,V,Dagvlinders,1,Pieris,50.82122999,2.91413519,3,GPS,2020,POINT (47508.457095863865 168869.27383002918),,,Butterflies,
3401,3401,2020-09-14,p6,Palingbeek,sinus,V,Bijen,1,Apis,50.82122999,2.91413519,3,GPS,2020,POINT (47508.457095863865 168869.27383002918),,,Apis,
3402,3402,2020-09-14,p6,Palingbeek,sinus,V,Bijen,1,Bombus,50.82122999,2.91413519,3,GPS,2020,POINT (47508.457095863865 168869.27383002918),,,Bombus,
3403,3403,2020-09-14,p6,Palingbeek,sinus,V,Dagvlinders,1,Polyommatus,50.82122656,2.9140051,3,GPS,2020,POINT (47499.284722560566 168869.07184001524),,,Butterflies,
3404,3404,2020-09-14,p6,Palingbeek,sinus,V,Dagvlinders,1,Pieris,50.82123603,2.91376948,3,GPS,2020,POINT (47482.7058134065 168870.45021461695),,,Butterflies,
3405,3405,2020-09-14,p6,Palingbeek,sinus,V,Dagvlinders,1,Pieris,50.82136729,2.9137777,3,GPS,2020,POINT (47483.57087884919 168885.03742669895),,,Butterflies,
3406,3406,2020-09-14,p6,Palingbeek,sinus,V,Bijen,1,Bombus,50.82136729,2.9137777,3,GPS,2020,POINT (47483.57087884919 168885.03742669895),,,Bombus,
3407,3407,2020-09-14,p6,Palingbeek,sinus,V,Dagvlinders,1,Pieris,50.82141607,2.91379346,3,GPS,2020,POINT (47484.7874457892 168890.4409222193),,,Butterflies,
3408,3408,2020-09-14,p6,Palingbeek,sinus,V,Dagvlinders,1,Polyommatus,50.82141607,2.91379346,3,GPS,2020,POINT (47484.7874457892 168890.4409222193),,,Butterflies,
3409,3409,2020-09-14,p6,Palingbeek,sinus,V,Dagvlinders,1,Carcharodus,50.82151498,2.9136622,3,GPS,2020,POINT (47475.755656456255 168901.6227019662),,,Butterflies,
3410,3410,2020-09-14,p6,Palingbeek,sinus,V,Bijen,1,Bombus,50.82145086,2.91365541,3,GPS,2020,POINT (47475.13759729115 168894.5007350482),,,Bombus,
3411,3411,2020-09-14,p6,Palingbeek,sinus,V,Dagvlinders,1,Pieris,50.82139109,2.91357393,3,GPS,2020,POINT (47469.26708748231 168887.96565395873),,,Butterflies,
3412,3412,2020-09-14,p6,Palingbeek,sinus,V,Bijen,1,Halictus,50.82143803,2.91349053,3,GPS,2020,POINT (47463.493822640914 168893.30136781745),,,Other bees,
3413,3413,2020-09-14,p6,Palingbeek,sinus,V,Dagvlinders,1,Pieris,50.82141548,2.91339163,3,GPS,2020,POINT (47456.47716253919 168890.9299024688),,,Butterflies,
3414,3414,2020-09-14,p6,Palingbeek,sinus,V,Dagvlinders,1,Polyommatus,50.82132664,2.91327897,3,GPS,2020,POINT (47448.34663226598 168881.2047605412),,,Butterflies,
3415,3415,2020-09-14,p6,Palingbeek,sinus,V,Bijen,1,Halictus,50.82124617,2.91340923,3,GPS,2020,POINT (47457.34813397493 168872.07518546004),,,Other bees,
3439,3439,2020-09-14,p6,Palingbeek,sinus,V,Dagvlinders,1,Pieris,50.82093688,2.9133229,3,GPS,2020,POINT (47450.59211893847 168837.7955553541),,,Butterflies,
3440,3440,2020-09-14,p6,Palingbeek,sinus,V,Dagvlinders,1,Aricia,50.82095213,2.91340881,3,GPS,2020,POINT (47456.677787600245 168839.37304768432),,,Butterflies,
3441,3441,2020-09-14,p6,Palingbeek,sinus,V,Bijen,1,Halictus,50.82095213,2.91340881,3,GPS,2020,POINT (47456.677787600245 168839.37304768432),,,Other bees,
3442,3442,2020-09-14,p6,Palingbeek,sinus,V,Dagvlinders,1,Polyommatus,50.82095096,2.91340311,3,GPS,2020,POINT (47456.27366799368 168839.25079005957),,,Butterflies,
3443,3443,2020-09-14,p6,Palingbeek,sinus,V,Dagvlinders,1,Polyommatus,50.82100754,2.91333161,3,GPS,2020,POINT (47451.35973313893 168845.64223757945),,,Butterflies,
3444,3444,2020-09-14,p6,Palingbeek,sinus,V,Bijen,1,Bombus,50.82105163,2.91331912,3,GPS,2020,POINT (47450.57588739066 168850.5631073136),,,Bombus,
3445,3445,2020-09-14,p6,Palingbeek,sinus,V,Dagvlinders,1,Polyommatus,50.82105372,2.91327663,3,GPS,2020,POINT (47447.586990936936 168850.8542105183),,,Butterflies,
3446,3446,2020-09-14,p6,Palingbeek,sinus,V,Dagvlinders,1,Pieris,50.82106194,2.91343521,3,GPS,2020,POINT (47458.77697881231 168851.549520595),,,Butterflies,
3447,3447,2020-09-14,p6,Palingbeek,sinus,V,Bijen,1,Bombus,50.82118842,2.91348676,3,GPS,2020,POINT (47462.68431712259 168865.54529423267),,,Bombus,
3448,3448,2020-09-14,p6,Palingbeek,sinus,V,Bijen,1,Bombus,50.82116629,2.91360629,3,GPS,2020,POINT (47471.05705026294 168862.91904702596),,,Bombus,
3449,3449,2020-09-14,p6,Palingbeek,sinus,V,Dagvlinders,1,Pieris,50.82114005,2.91374543,3,GPS,2020,POINT (47480.802373512284 168859.8086418407),,,Butterflies,
3450,3450,2020-09-14,p6,Palingbeek,sinus,V,Bijen,1,Lasioglossum,50.82123385,2.913901,3,GPS,2020,POINT (47491.96670876045 168870.02626584936),,,Other bees,
3451,3451,2020-09-14,p6,Palingbeek,sinus,V,Dagvlinders,1,Polyommatus,50.82115305,2.91392011,3,GPS,2020,POINT (47493.13700368759 168861.01343177538),,,Butterflies,
3452,3452,2020-09-14,p6,Palingbeek,sinus,V,Bijen,1,Bombus,50.82109538,2.9140232,3,GPS,2020,POINT (47500.27413602779 168854.4572071014),,,Bombus,
3453,3453,2020-09-14,p6,Palingbeek,sinus,V,Bijen,1,Halictus,50.82100268,2.91436317,3,GPS,2020,POINT (47524.023377602905 168843.67820978723),,,Other bees,
3454,3454,2020-09-14,p6,Palingbeek,sinus,V,Dagvlinders,1,Pieris,50.82096244,2.91440106,3,GPS,2020,POINT (47526.60512992527 168839.15050500166),,,Butterflies,
3455,3455,2020-09-14,p6,Palingbeek,sinus,V,Dagvlinders,1,Polyommatus,50.82098667,2.91444892,3,GPS,2020,POINT (47530.02967205152 168841.77931393217),,,Butterflies,
3456,3456,2020-09-14,p6,Palingbeek,sinus,V,Dagvlinders,1,Aricia,50.82099924,2.91453936,3,GPS,2020,POINT (47536.42861702554 168843.0525845373),,,Butterflies,
3457,3457,2020-09-14,p6,Palingbeek,sinus,V,Bijen,1,Bombus,50.82093596,2.91449435,3,GPS,2020,POINT (47533.119831658245 168836.0767528275),,,Bombus,
3458,3458,2020-09-14,p6,Palingbeek,sinus,V,Dagvlinders,1,Polyommatus,50.82093596,2.91449435,3,GPS,2020,POINT (47533.119831658245 168836.0767528275),,,Butterflies,
3459,3459,2020-09-14,p6,Palingbeek,sinus,V,Bijen,1,Apis,50.8209036,2.91449133,3,GPS,2020,POINT (47532.836605067496 168832.4818836525),,,Apis,
3460,3460,2020-09-14,p6,Palingbeek,sinus,V,Dagvlinders,1,Aricia,50.82091718,2.91442713,3,GPS,2020,POINT (47528.34322506243 168834.0807885537),,,Butterflies,
3461,3461,2020-09-14,p6,Palingbeek,sinus,V,Bijen,1,Bombus,50.82092472,2.9144164,3,GPS,2020,POINT (47527.60370581063 168834.93417807948),,,Bombus,
3462,3462,2020-09-14,p6,Palingbeek,sinus,V,Bijen,1,Bombus,50.82092472,2.9144164,3,GPS,2020,POINT (47527.60370581063 168834.93417807948),,,Bombus,
3463,3463,2020-09-14,p6,Palingbeek,sinus,V,Bijen,1,Halictus,50.820829,2.91444791,3,GPS,2020,POINT (47529.615175578205 168824.2448663395),,,Other bees,
3464,3464,2020-09-14,p6,Palingbeek,sinus,V,Bijen,1,Bombus,50.82080805,2.91451287,3,GPS,2020,POINT (47534.146059203355 168821.82523300592),,,Bombus,
3465,3465,2020-09-14,p6,Palingbeek,sinus,V,Dagvlinders,1,Pieris,50.82086295,2.91458345,3,GPS,2020,POINT (47539.2380374599 168827.83378504403),,,Butterflies,
3466,3466,2020-09-14,p6,Palingbeek,sinus,V,Bijen,1,Apis,50.82085029,2.91468043,3,GPS,2020,POINT (47546.0428146293 168826.29200102016),,,Apis,
3467,3467,2020-09-14,p6,Palingbeek,sinus,V,Bijen,1,Lasioglossum,50.82085717,2.91475117,3,GPS,2020,POINT (47551.041500805164 168826.95962523576),,,Other bees,
3468,3468,2020-09-14,p6,Palingbeek,sinus,V,Dagvlinders,1,Polyommatus,50.82084283,2.91473273,3,GPS,2020,POINT (47549.711163008134 168825.39018082432),,,Butterflies,
3469,3469,2020-09-14,p6,Palingbeek,sinus,V,Bijen,1,Bombus,50.82081936,2.91471756,3,GPS,2020,POINT (47548.591321736036 168822.8008008795),,,Bombus,
3470,3470,2020-09-14,p6,Palingbeek,sinus,V,Dagvlinders,1,Pieris,50.82075155,2.91471815,3,GPS,2020,POINT (47548.4852527418 168815.25825186912),,,Butterflies,
3471,3471,2020-09-14,p6,Palingbeek,sinus,V,Dagvlinders,1,Pieris,50.82069146,2.91485678,3,GPS,2020,POINT (47558.121088081156 168808.38394384366),,,Butterflies,
3472,3472,2020-09-14,p6,Palingbeek,sinus,V,Bijen,1,Lasioglossum,50.82080109,2.91490783,3,GPS,2020,POINT (47561.95628062861 168820.50644577201),,,Other bees,
3473,3473,2020-09-14,p6,Palingbeek,sinus,V,Bijen,1,Apis,50.82078156,2.91483306,3,GPS,2020,POINT (47556.64613257446 168818.43745288346),,,Apis,
3474,3474,2020-09-14,p6,Palingbeek,sinus,V,Dagvlinders,1,Polyommatus,50.82066002,2.91508804,3,GPS,2020,POINT (47574.34522124217 168804.56834643334),,,Butterflies,
3475,3475,2020-09-14,p6,Palingbeek,sinus,V,Bijen,1,Bombus,50.82057796,2.91505183,3,GPS,2020,POINT (47571.61555901496 168795.49167173356),,,Bombus,
3476,3476,2020-09-14,p6,Palingbeek,sinus,V,Dagvlinders,1,Lycaena,50.82052055,2.91505292,3,GPS,2020,POINT (47571.56738752531 168789.10510709137),,,Butterflies,
3477,3477,2020-09-14,p6,Palingbeek,sinus,V,Dagvlinders,1,Aricia,50.82048568,2.9150717,3,GPS,2020,POINT (47572.814567602996 168785.2010192331),,,Butterflies,
3478,3478,2020-09-14,p6,Palingbeek,sinus,V,Dagvlinders,1,Pieris,50.82051351,2.91504362,3,GPS,2020,POINT (47570.89686411264 168788.33495103288),,,Butterflies,
3479,3479,2020-09-14,p6,Palingbeek,sinus,V,Dagvlinders,1,Polyommatus,50.82053765,2.91498411,3,GPS,2020,POINT (47566.756839330585 168791.10182482563),,,Butterflies,
3480,3480,2020-09-14,p6,Palingbeek,sinus,V,Dagvlinders,1,Carcharodus,50.82041334,2.91504437,3,GPS,2020,POINT (47570.731662791746 168777.19314671773),,,Butterflies,
3481,3481,2020-09-14,p6,Palingbeek,sinus,V,Dagvlinders,1,Aricia,50.82044461,2.91509575,3,GPS,2020,POINT (47574.41953482716 168780.60010997579),,,Butterflies,
3482,3482,2020-09-14,p6,Palingbeek,sinus,V,Bijen,1,Andrena,50.82046364,2.91513431,3,GPS,2020,POINT (47577.17757116057 168782.6634352738),,,Other bees,
3483,3483,2020-09-14,p6,Palingbeek,sinus,V,Dagvlinders,1,Polyommatus,50.82046707,2.91489802,3,GPS,2020,POINT (47560.5380206104 168783.37072620913),,,Butterflies,
3484,3484,2020-09-14,p6,Palingbeek,sinus,V,Bijen,1,Apis,50.82036146,2.91491227,3,GPS,2020,POINT (47561.31205420695 168771.6052769646),,,Apis,
3485,3485,2020-09-14,p6,Palingbeek,sinus,V,Dagvlinders,1,Polyommatus,50.82029382,2.91486282,3,GPS,2020,POINT (47557.68096294586 168764.15064031072),,,Butterflies,
3486,3486,2020-09-14,p6,Palingbeek,sinus,V,Dagvlinders,1,Aricia,50.82027152,2.9148044,3,GPS,2020,POINT (47553.5166152187 168761.75102859642),,,Butterflies,
3487,3487,2020-09-14,p6,Palingbeek,sinus,V,Dagvlinders,1,Pieris,50.82020254,2.91488319,3,GPS,2020,POINT (47558.91735676475 168753.97051449493),,,Butterflies,
3488,3488,2020-09-14,p6,Palingbeek,sinus,V,Dagvlinders,1,Aricia,50.8202354,2.91486835,3,GPS,2020,POINT (47557.94338370803 168757.64562266227),,,Butterflies,
3489,3489,2020-09-14,p6,Palingbeek,sinus,V,Bijen,1,Bombus,50.82026373,2.91473273,3,GPS,2020,POINT (47548.450365952696 168760.9834757885),,,Bombus,
3490,3490,2020-09-14,p6,Palingbeek,sinus,V,Bijen,1,Bombus,50.82043053,2.91473047,3,GPS,2020,POINT (47548.65429648613 168779.53785804287),,,Bombus,
3491,3491,2020-09-14,p6,Palingbeek,sinus,V,Bijen,1,Bombus,50.82052046,2.91468755,3,GPS,2020,POINT (47545.826308984106 168789.59894181322),,,Bombus,
3492,3492,2020-09-14,p6,Palingbeek,sinus,V,Bijen,1,Andrena,50.82062264,2.91473525,3,GPS,2020,POINT (47549.40931023132 168800.89747547545),,,Other bees,
3493,3493,2020-09-14,p6,Palingbeek,sinus,V,Bijen,1,Bombus,50.8206078,2.91454774,3,GPS,2020,POINT (47536.166656419126 168799.50560714677),,,Bombus,
3550,3550,2020-09-14,p6,Palingbeek,blok,V,Bijen,1,Lasioglossum,50.82286849,2.91184383,3,GPS,2020,POINT (47350.60412733331 169054.6693010116),,,Other bees,
3551,3551,2020-09-14,p6,Palingbeek,blok,V,Dagvlinders,1,Aricia,50.82282155,2.91176931,3,GPS,2020,POINT (47345.25193959102 169049.55167405587),,,Butterflies,
3552,3552,2020-09-14,p6,Palingbeek,blok,V,Bijen,1,Bombus,50.82278492,2.91170418,3,GPS,2020,POINT (47340.58374263412 169045.56774000544),,,Bombus,
3553,3553,2020-09-14,p6,Palingbeek,blok,V,Dagvlinders,1,Pieris,50.82270387,2.91145558,3,GPS,2020,POINT (47322.89348856811 169036.897051421),,,Butterflies,
3554,3554,2020-09-14,p6,Palingbeek,blok,V,Dagvlinders,1,Pieris,50.82260747,2.91139439,3,GPS,2020,POINT (47318.37240130316 169026.26015642565),,,Butterflies,
3555,3555,2020-09-14,p6,Palingbeek,blok,V,Dagvlinders,1,Pieris,50.82259163,2.91147796,3,GPS,2020,POINT (47324.22520715515 169024.38294395432),,,Butterflies,
3556,3556,2020-09-14,p6,Palingbeek,blok,V,Bijen,1,Colletes,50.82265575,2.91152062,3,GPS,2020,POINT (47327.37044372152 169031.4553181585),,,Other bees,
3557,3557,2020-09-14,p6,Palingbeek,blok,V,Dagvlinders,1,Pieris,50.82263723,2.91160955,3,GPS,2020,POINT (47333.59500233857 169029.27264221106),,,Butterflies,
3558,3558,2020-09-14,p6,Palingbeek,blok,V,Dagvlinders,1,Pieris,50.82252399,2.91168658,3,GPS,2020,POINT (47338.77457721224 169016.57179359067),,,Butterflies,
3559,3559,2020-09-14,p6,Palingbeek,blok,V,Bijen,1,Sphecodes,50.82248728,2.91190283,3,GPS,2020,POINT (47353.92898402778 169012.19013224076),,,Other bees,
3560,3560,2020-09-14,p6,Palingbeek,blok,V,Bijen,1,Apis,50.82248728,2.91190283,3,GPS,2020,POINT (47353.92898402778 169012.19013224076),,,Apis,
3561,3561,2020-09-14,p6,Palingbeek,blok,V,Dagvlinders,1,Aricia,50.82246649,2.91199503,3,GPS,2020,POINT (47360.37899169343 169009.75050370395),,,Butterflies,
3562,3562,2020-09-14,p6,Palingbeek,blok,V,Dagvlinders,1,Lycaena,50.8224768,2.91205681,3,GPS,2020,POINT (47364.75379299282 169010.81180982385),,,Butterflies,
3563,3563,2020-09-14,p6,Palingbeek,blok,V,Dagvlinders,1,Polyommatus,50.82247395,2.91211724,3,GPS,2020,POINT (47369.004783828976 169010.41134786233),,,Butterflies,
3564,3564,2020-09-14,p6,Palingbeek,blok,V,Bijen,1,Apis,50.82247395,2.91211724,3,GPS,2020,POINT (47369.004783828976 169010.41134786233),,,Apis,
3565,3565,2020-09-14,p6,Palingbeek,blok,V,Dagvlinders,1,Pieris,50.82254495,2.91213376,3,GPS,2020,POINT (47370.32344953348 169018.28504578583),,,Butterflies,
3566,3566,2020-09-14,p6,Palingbeek,blok,V,Dagvlinders,1,Polyommatus,50.82255148,2.91212412,3,GPS,2020,POINT (47369.658568739 169019.0246213274),,,Butterflies,
3567,3567,2020-09-14,p6,Palingbeek,blok,V,Dagvlinders,1,Polyommatus,50.82254897,2.9121791,3,GPS,2020,POINT (47373.52635060002 169018.6695067864),,,Butterflies,
3568,3568,2020-09-14,p6,Palingbeek,blok,V,Dagvlinders,1,Pieris,50.8226291,2.91217642,3,GPS,2020,POINT (47373.512311978004 169027.58515639324),,,Butterflies,
3569,3569,2020-09-14,p6,Palingbeek,blok,V,Bijen,1,Sphecodes,50.82260563,2.91192932,3,GPS,2020,POINT (47356.05333082074 169025.31625133567),,,Other bees,
3570,3570,2020-09-14,p6,Palingbeek,blok,V,Bijen,1,Apis,50.82260563,2.91192932,3,GPS,2020,POINT (47356.05333082074 169025.31625133567),,,Apis,
3571,3571,2020-09-14,p6,Palingbeek,blok,V,Dagvlinders,1,Aglais,50.82264947,2.91202873,3,GPS,2020,POINT (47363.15222811233 169030.05472227652),,,Butterflies,
3572,3572,2020-09-14,p6,Palingbeek,blok,V,Dagvlinders,1,Pieris,50.82278349,2.91209637,3,GPS,2020,POINT (47368.20966492359 169044.8667891957),,,Butterflies,
3573,3573,2020-09-14,p6,Palingbeek,blok,V,Dagvlinders,1,Pieris,50.82279137,2.91215781,3,GPS,2020,POINT (47372.55518320034 169045.65831043757),,,Butterflies,
3574,3574,2020-09-14,p6,Palingbeek,blok,V,Dagvlinders,1,Pieris,50.82284301,2.91219964,3,GPS,2020,POINT (47375.61465200943 169051.34385233093),,,Butterflies,
3575,3575,2020-09-14,p6,Palingbeek,blok,V,Dagvlinders,1,Polyommatus,50.82287335,2.91231321,3,GPS,2020,POINT (47383.68159909532 169054.5613386454),,,Butterflies,
3576,3576,2020-09-14,p6,Palingbeek,blok,V,Dagvlinders,1,Polyommatus,50.82287301,2.91241799,3,GPS,2020,POINT (47391.06239687928 169054.37879116833),,,Butterflies,
3577,3577,2020-09-14,p6,Palingbeek,blok,V,Bijen,1,Apis,50.82290285,2.91242369,3,GPS,2020,POINT (47391.52902025629 169057.68968182895),,,Apis,
3578,3578,2020-09-14,p6,Palingbeek,blok,V,Bijen,1,Lasioglossum,50.82286698,2.91252879,3,GPS,2020,POINT (47398.85488496169 169053.5551055679),,,Other bees,
3579,3579,2020-09-14,p6,Palingbeek,blok,V,Bijen,1,Apis,50.82286698,2.91252879,3,GPS,2020,POINT (47398.85488496169 169053.5551055679),,,Apis,
3580,3580,2020-09-14,p6,Palingbeek,blok,V,Dagvlinders,1,Pieris,50.8228513,2.91255034,3,GPS,2020,POINT (47400.33884993006 169051.78143389616),,,Butterflies,
3581,3581,2020-09-14,p6,Palingbeek,blok,V,Dagvlinders,1,Pieris,50.82293646,2.91267958,3,GPS,2020,POINT (47409.62922105401 169061.0743233785),,,Butterflies,
3582,3582,2020-09-14,p6,Palingbeek,blok,V,Bijen,1,Lasioglossum,50.82289564,2.91283289,3,GPS,2020,POINT (47420.34059912992 169056.3226677645),,,Other bees,
3583,3583,2020-09-14,p6,Palingbeek,blok,V,Bijen,1,Apis,50.82298273,2.91277447,3,GPS,2020,POINT (47416.41489468505 169066.08937046118),,,Apis,
3584,3584,2020-09-14,p6,Palingbeek,blok,V,Bijen,1,Bombus,50.82304786,2.91267347,3,GPS,2020,POINT (47409.44166454932 169073.4725174494),,,Bombus,
3585,3585,2020-09-14,p6,Palingbeek,blok,V,Bijen,1,Apis,50.82310142,2.91255754,3,GPS,2020,POINT (47401.39144376632 169079.58949418738),,,Apis,
3586,3586,2020-09-14,p6,Palingbeek,blok,V,Bijen,1,Bombus,50.82300218,2.91237725,3,GPS,2020,POINT (47388.47402667877 169068.80117424577),,,Bombus,
3587,3587,2020-09-14,p6,Palingbeek,blok,V,Bijen,1,Bombus,50.82300293,2.91222093,3,GPS,2020,POINT (47377.46326471698 169069.10052309092),,,Bombus,
3588,3588,2020-09-14,p6,Palingbeek,blok,V,Dagvlinders,1,Pieris,50.82279112,2.91247632,3,GPS,2020,POINT (47394.993062557594 169045.19053087663),,,Butterflies,
3589,3589,2020-09-14,p6,Palingbeek,blok,V,Dagvlinders,1,Pieris,50.82280219,2.9127655,3,GPS,2020,POINT (47415.389379872315 169046.0223447075),,,Butterflies,
3590,3590,2020-09-14,p6,Palingbeek,blok,V,Dagvlinders,1,Aricia,50.8227902,2.91292082,3,GPS,2020,POINT (47426.30524106599 169044.4743589908),,,Butterflies,
3591,3591,2020-09-14,p6,Palingbeek,blok,V,Bijen,1,Apis,50.82285306,2.91301042,3,GPS,2020,POINT (47432.75441103568 169051.34184863977),,,Apis,
3592,3592,2020-09-14,p6,Palingbeek,blok,V,Bijen,1,Apis,50.82274586,2.91276089,3,GPS,2020,POINT (47414.94180793833 169039.76376522332),,,Apis,
3593,3593,2020-09-14,p6,Palingbeek,blok,V,Bijen,1,Megachile,50.8226586,2.91283188,3,GPS,2020,POINT (47419.75269597249 169029.960797254),,,Other bees,
3594,3594,2020-09-14,p6,Palingbeek,blok,V,Dagvlinders,1,Polyommatus,50.82257587,2.91274119,3,GPS,2020,POINT (47413.183375048684 169020.88491512556),,,Butterflies,
3595,3595,2020-09-14,p6,Palingbeek,blok,V,Dagvlinders,1,Lycaena,50.82252575,2.91254145,3,GPS,2020,POINT (47399.00272163126 169015.58648928534),,,Butterflies,
3596,3596,2020-09-14,p6,Palingbeek,blok,V,Dagvlinders,1,Pieris,50.8225478,2.9124428,3,GPS,2020,POINT (47392.10105912054 169018.1751146773),,,Butterflies,
3597,3597,2020-09-14,p6,Palingbeek,blok,V,Dagvlinders,1,Pieris,50.82253371,2.91227507,3,GPS,2020,POINT (47380.254009738404 169016.8397334041),,,Butterflies,
3598,3598,2020-09-14,p6,Palingbeek,blok,V,Bijen,1,Apis,50.82248552,2.91221548,3,GPS,2020,POINT (47375.950885108425 169011.5624280218),,,Apis,
3599,3599,2020-09-14,p6,Palingbeek,blok,V,Dagvlinders,1,Polyommatus,50.82246926,2.91220626,3,GPS,2020,POINT (47375.265887140005 169009.76675055642),,,Butterflies,
3600,3600,2020-09-14,p6,Palingbeek,blok,V,Dagvlinders,1,Pieris,50.82242425,2.91224213,3,GPS,2020,POINT (47377.694715528894 169004.711248382),,,Butterflies,
3601,3601,2020-09-14,p6,Palingbeek,blok,V,Dagvlinders,1,Aricia,50.82242182,2.91235101,3,GPS,2020,POINT (47385.35986535778 169004.2905821018),,,Butterflies,
3602,3602,2020-09-14,p6,Palingbeek,blok,V,Dagvlinders,1,Aricia,50.82238368,2.91232998,3,GPS,2020,POINT (47383.7951557224 169000.07775398903),,,Butterflies,
3603,3603,2020-09-14,p6,Palingbeek,blok,V,Dagvlinders,1,Pieris,50.82230388,2.91213652,3,GPS,2020,POINT (47369.99210007761 168991.46976395324),,,Butterflies,
3604,3604,2020-09-14,p6,Palingbeek,blok,V,Dagvlinders,1,Pieris,50.82225862,2.91210115,3,GPS,2020,POINT (47367.401608067594 168986.4848758243),,,Butterflies,
3605,3605,2020-09-14,p6,Palingbeek,blok,V,Dagvlinders,1,Pieris,50.82221813,2.91208782,3,GPS,2020,POINT (47366.37421039032 168982.00005130935),,,Butterflies,
3606,3606,2020-09-14,p6,Palingbeek,blok,V,Bijen,1,Apis,50.82228167,2.91193133,3,GPS,2020,POINT (47355.48825750376 168989.28309697472),,,Apis,
3607,3607,2020-09-14,p6,Palingbeek,blok,V,Dagvlinders,1,Polyommatus,50.82236046,2.91202496,3,GPS,2020,POINT (47362.256242627554 168997.91664262023),,,Butterflies,
3608,3608,2020-09-14,p6,Palingbeek,blok,V,Dagvlinders,1,Polyommatus,50.82244411,2.91201649,3,GPS,2020,POINT (47361.84200218678 169007.2317810217),,,Butterflies,
3651,3651,2020-09-18,p7,Waarmaarde,sinus,V,Dagvlinders,1,Polyommatus,50.79407263,3.493723,3,GPS,2020,POINT (88307.82764598419 165208.23818000685),,,Butterflies,
3652,3652,2020-09-18,p7,Waarmaarde,sinus,V,Bijen,1,Colletes,50.79407263,3.493723,3,GPS,2020,POINT (88307.82764598419 165208.23818000685),,,Other bees,
3653,3653,2020-09-18,p7,Waarmaarde,sinus,V,Dagvlinders,1,Lycaena,50.79409442,3.49375527,3,GPS,2020,POINT (88310.13121463009 165210.63512312341),,,Butterflies,
3654,3654,2020-09-18,p7,Waarmaarde,sinus,V,Bijen,1,Apis,50.79409576,3.49383716,3,GPS,2020,POINT (88315.9061942276 165210.71619390417),,,Apis,
3655,3655,2020-09-18,p7,Waarmaarde,sinus,V,Dagvlinders,1,Carcharodus,50.79416634,3.49390296,3,GPS,2020,POINT (88320.63750817293 165218.51229159813),,,Butterflies,
3656,3656,2020-09-18,p7,Waarmaarde,sinus,V,Dagvlinders,1,Lycaena,50.79415728,3.494025,3,GPS,2020,POINT (88329.22942171764 165217.40324515756),,,Butterflies,
3657,3657,2020-09-18,p7,Waarmaarde,sinus,V,Bijen,1,Apis,50.79416013,3.4940126,3,GPS,2020,POINT (88328.35895778444 165217.7305457741),,,Apis,
3658,3658,2020-09-18,p7,Waarmaarde,sinus,V,Bijen,1,Bombus,50.79421252,3.49409206,3,GPS,2020,POINT (88334.02945465263 165223.49201889988),,,Bombus,
3659,3659,2020-09-18,p7,Waarmaarde,sinus,V,Dagvlinders,1,Aricia,50.79427471,3.49411419,3,GPS,2020,POINT (88335.67103362156 165230.39113883674),,,Butterflies,
3660,3660,2020-09-18,p7,Waarmaarde,sinus,V,Dagvlinders,1,Lycaena,50.79429198,3.49412961,3,GPS,2020,POINT (88336.7807463186 165232.29931031074),,,Butterflies,
3661,3661,2020-09-18,p7,Waarmaarde,sinus,V,Dagvlinders,1,Aricia,50.79430095,3.49414973,3,GPS,2020,POINT (88338.21093908254 165233.28036089893),,,Butterflies,
3662,3662,2020-09-18,p7,Waarmaarde,sinus,V,Bijen,1,Apis,50.79426943,3.49428166,3,GPS,2020,POINT (88347.47067086765 165229.66487924382),,,Apis,
3663,3663,2020-09-18,p7,Waarmaarde,sinus,V,Bijen,1,Bombus,50.79421101,3.49434938,3,GPS,2020,POINT (88352.16842986109 165223.1105545601),,,Bombus,
3664,3664,2020-09-18,p7,Waarmaarde,sinus,V,Dagvlinders,1,Pieris,50.79415276,3.494269,3,GPS,2020,POINT (88346.42542214657 165216.69800876267),,,Butterflies,
3665,3665,2020-09-18,p7,Waarmaarde,sinus,V,Bijen,1,Apis,50.79415712,3.49416506,3,GPS,2020,POINT (88339.10339467585 165217.26921999175),,,Apis,
3666,3666,2020-09-18,p7,Waarmaarde,sinus,V,Dagvlinders,1,Pieris,50.79402669,3.49419516,3,GPS,2020,POINT (88341.05468262071 165202.73632571753),,,Butterflies,
3667,3667,2020-09-18,p7,Waarmaarde,sinus,V,Dagvlinders,1,Lycaena,50.79396341,3.49435106,3,GPS,2020,POINT (88351.96278252202 165195.5682525169),,,Butterflies,
3668,3668,2020-09-18,p7,Waarmaarde,sinus,V,Dagvlinders,1,Polyommatus,50.79402988,3.49459346,3,GPS,2020,POINT (88369.13895086119 165202.76073894184),,,Butterflies,
3669,3669,2020-09-18,p7,Waarmaarde,sinus,V,Bijen,1,Colletes,50.79387079,3.49432566,3,GPS,2020,POINT (88350.05084874458 165185.2870679237),,,Other bees,
3670,3670,2020-09-18,p7,Waarmaarde,sinus,V,Dagvlinders,1,Pieris,50.79387062,3.49424059,3,GPS,2020,POINT (88344.05318340682 165185.3387387572),,,Butterflies,
3671,3671,2020-09-18,p7,Waarmaarde,sinus,V,Bijen,1,Bombus,50.79380541,3.49414813,3,GPS,2020,POINT (88337.44937102636 165178.16205551196),,,Bombus,
3672,3672,2020-09-18,p7,Waarmaarde,sinus,V,Dagvlinders,1,Lycaena,50.79388563,3.49410052,3,GPS,2020,POINT (88334.1978881166 165187.12454983592),,,Butterflies,
3673,3673,2020-09-18,p7,Waarmaarde,sinus,V,Dagvlinders,1,Pieris,50.79400767,3.49408234,3,GPS,2020,POINT (88333.07598564963 165200.71432229225),,,Butterflies,
3674,3674,2020-09-18,p7,Waarmaarde,sinus,V,Bijen,1,Apis,50.79401756,3.49406851,3,GPS,2020,POINT (88332.11392157697 165201.82587836776),,,Apis,
3675,3675,2020-09-18,p7,Waarmaarde,sinus,V,Bijen,1,Colletes,50.79411864,3.49398821,3,GPS,2020,POINT (88326.58514188197 165213.13579501677),,,Other bees,
3676,3676,2020-09-18,p7,Waarmaarde,blok,V,Bijen,1,Lasioglossum,50.79334692,3.49207043,3,GPS,2020,POINT (88190.36946500465 165128.88969800714),,,Other bees,
3697,3697,2020-09-18,p7,Waarmaarde,blok,V,Dagvlinders,1,Papilio,50.79331381,3.49266361,3,GPS,2020,POINT (88232.14574037668 165124.71359687485),,,Butterflies,
3698,3698,2020-09-18,p7,Waarmaarde,blok,V,Dagvlinders,1,Pieris,50.79327668,3.49252934,3,GPS,2020,POINT (88222.63088235239 165120.69519136753),,,Butterflies,
3699,3699,2020-09-18,p7,Waarmaarde,blok,V,Bijen,1,Colletes,50.79335958,3.49238642,3,GPS,2020,POINT (88212.66363775445 165130.03510015085),,,Other bees,
3700,3700,2020-09-18,p7,Waarmaarde,blok,V,Bijen,1,Apis,50.79339042,3.49247502,3,GPS,2020,POINT (88218.95046540044 165133.3918110188),,,Apis,
3701,3701,2020-09-18,p7,Waarmaarde,blok,V,Bijen,1,Apis,50.79339042,3.49247502,3,GPS,2020,POINT (88218.95046540044 165133.3918110188),,,Apis,
3702,3702,2020-09-18,p7,Waarmaarde,blok,V,Bijen,1,Apis,50.79348598,3.49238106,3,GPS,2020,POINT (88212.45157275829 165144.0992060043),,,Apis,
3703,3703,2020-09-18,p7,Waarmaarde,blok,V,Dagvlinders,1,Lycaena,50.79345094,3.49223589,3,GPS,2020,POINT (88202.17101868035 165140.32237436902),,,Butterflies,
3704,3704,2020-09-18,p7,Waarmaarde,blok,V,Dagvlinders,1,Pieris,50.7934356,3.49215752,3,GPS,2020,POINT (88196.62574992361 165138.68126193807),,,Butterflies,
3705,3705,2020-09-18,p7,Waarmaarde,blok,V,Dagvlinders,1,Polyommatus,50.79341406,3.4920768,3,GPS,2020,POINT (88190.90666451381 165136.35247540195),,,Butterflies,
3706,3706,2020-09-18,p7,Waarmaarde,blok,V,Bijen,1,Colletes,50.79341406,3.4920768,3,GPS,2020,POINT (88190.90666451381 165136.35247540195),,,Other bees,
3707,3707,2020-09-18,p7,Waarmaarde,blok,V,Dagvlinders,1,Lycaena,50.79336561,3.49201695,3,GPS,2020,POINT (88186.62360838935 165131.01309779193),,,Butterflies,
3708,3708,2020-09-18,p7,Waarmaarde,blok,V,Dagvlinders,1,Pieris,50.79336653,3.49217101,3,GPS,2020,POINT (88197.48617252216 165130.98728984874),,,Butterflies,
3709,3709,2020-09-18,p7,Waarmaarde,blok,V,Bijen,1,Colletes,50.7935154,3.49239221,3,GPS,2020,POINT (88213.27624949013 165147.36236290354),,,Other bees,
3710,3710,2020-09-18,p7,Waarmaarde,blok,V,Dagvlinders,1,Lycaena,50.79354306,3.49237989,3,GPS,2020,POINT (88212.44396824448 165150.44926736876),,,Butterflies,
3711,3711,2020-09-18,p7,Waarmaarde,blok,V,Bijen,1,Apis,50.79354675,3.49244728,3,GPS,2020,POINT (88217.19984150273 165150.80367966183),,,Apis,
3712,3712,2020-09-18,p7,Waarmaarde,blok,V,Dagvlinders,1,Aricia,50.79355387,3.49250025,3,GPS,2020,POINT (88220.94359519001 165151.55160826351),,,Butterflies,
3715,3715,2020-09-18,p7,Waarmaarde,blok,V,Dagvlinders,1,Pieris,50.7931709,3.49254484,3,GPS,2020,POINT (88223.5849043541 165108.9162482908),,,Butterflies,
3716,3716,2020-09-18,p7,Waarmaarde,blok,V,Dagvlinders,1,Aricia,50.79308406,3.49252624,3,GPS,2020,POINT (88222.15968022235 165099.2723769294),,,Butterflies,
3717,3717,2020-09-18,p7,Waarmaarde,blok,V,Dagvlinders,1,Polyommatus,50.79307694,3.49238693,3,GPS,2020,POINT (88212.32881072117 165098.596234533),,,Butterflies,
3718,3718,2020-09-18,p7,Waarmaarde,blok,V,Bijen,1,Apis,50.79315531,3.49240151,3,GPS,2020,POINT (88213.45952738382 165107.30131580308),,,Apis,
3719,3719,2020-09-18,p7,Waarmaarde,blok,V,Dagvlinders,1,Pieris,50.79319144,3.49220471,3,GPS,2020,POINT (88199.63230993353 165111.48375782277),,,Butterflies,
3720,3720,2020-09-18,p7,Waarmaarde,blok,V,Dagvlinders,1,Lycaena,50.79329252,3.49223413,3,GPS,2020,POINT (88201.83907724633 165122.70256011095),,,Butterflies,
3750,3750,2020-09-18,p7,Waarmaarde2,sinus,V,Bijen,1,Lasioglossum,50.78153171,3.47125716,3,GPS,2020,POINT (86707.14485472365 163832.19160272926),,,Other bees,
3751,3751,2020-09-18,p7,Waarmaarde2,sinus,V,Dagvlinders,1,Polyommatus,50.78153439,3.47131013,3,GPS,2020,POINT (86710.88381026433 163832.44458467793),,,Butterflies,
3752,3752,2020-09-18,p7,Waarmaarde2,sinus,V,Dagvlinders,1,Pieris,50.7814473,3.47138221,3,GPS,2020,POINT (86715.84978080637 163822.69611606654),,,Butterflies,
3753,3753,2020-09-18,p7,Waarmaarde2,sinus,V,Dagvlinders,1,Lycaena,50.78146968,3.47142521,3,GPS,2020,POINT (86718.91213583353 163825.14883904066),,,Butterflies,
3754,3754,2020-09-18,p7,Waarmaarde2,sinus,V,Dagvlinders,1,Polyommatus,50.78141344,3.47141549,3,GPS,2020,POINT (86718.15115160235 163818.9015031727),,,Butterflies,
3755,3755,2020-09-18,p7,Waarmaarde2,sinus,V,Dagvlinders,1,Aricia,50.78137513,3.47155572,3,GPS,2020,POINT (86727.98850765685 163814.52084390353),,,Butterflies,
3756,3756,2020-09-18,p7,Waarmaarde2,sinus,V,Dagvlinders,1,Pieris,50.78133021,3.47160132,3,GPS,2020,POINT (86731.14382667842 163809.48553534504),,,Butterflies,
3757,3757,2020-09-18,p7,Waarmaarde2,sinus,V,Bijen,1,Colletes,50.78133674,3.47149503,3,GPS,2020,POINT (86723.65717328244 163810.30237601604),,,Other bees,
3758,3758,2020-09-18,p7,Waarmaarde2,sinus,V,Bijen,1,Apis,50.78124027,3.47131549,3,GPS,2020,POINT (86710.8666629242 163799.72485285252),,,Apis,
3759,3759,2020-09-18,p7,Waarmaarde2,sinus,V,Dagvlinders,1,Polyommatus,50.7812287,3.47139822,3,GPS,2020,POINT (86716.68513745387 163798.367455435),,,Butterflies,
3760,3760,2020-09-18,p7,Waarmaarde2,sinus,V,Dagvlinders,1,Aricia,50.78120816,3.47128398,3,GPS,2020,POINT (86708.60147844566 163796.18007376418),,,Butterflies,
3761,3761,2020-09-18,p7,Waarmaarde2,sinus,V,Dagvlinders,1,Polyommatus,50.78109216,3.47119756,3,GPS,2020,POINT (86702.35138705818 163783.3509270344),,,Butterflies,
3762,3762,2020-09-18,p7,Waarmaarde2,sinus,V,Dagvlinders,1,Pieris,50.78110448,3.47118993,3,GPS,2020,POINT (86701.8298804962 163784.72778827697),,,Butterflies,
3763,3763,2020-09-18,p7,Waarmaarde2,sinus,V,Bijen,1,Colletes,50.78108755,3.47100503,3,GPS,2020,POINT (86688.7681741424 163783.0021726275),,,Other bees,
3764,3764,2020-09-18,p7,Waarmaarde2,sinus,V,Dagvlinders,1,Lycaena,50.78108294,3.47092439,3,GPS,2020,POINT (86683.07532798499 163782.558108069),,,Butterflies,
3765,3765,2020-09-18,p7,Waarmaarde2,sinus,V,Bijen,1,Colletes,50.78108294,3.47092439,3,GPS,2020,POINT (86683.07532798499 163782.558108069),,,Other bees,
3766,3766,2020-09-18,p7,Waarmaarde2,sinus,V,Dagvlinders,1,Pieris,50.7812401,3.47111911,3,GPS,2020,POINT (86697.01796213744 163799.87322029378),,,Butterflies,
3767,3767,2020-09-18,p7,Waarmaarde2,sinus,V,Dagvlinders,1,Papilio,50.78134328,3.47117443,3,GPS,2020,POINT (86701.05769487642 163811.3028756585),,,Butterflies,
3768,3768,2020-09-18,p7,Waarmaarde2,sinus,V,Dagvlinders,1,Aricia,50.78140791,3.4710953,3,GPS,2020,POINT (86695.56440467024 163818.55912307743),,,Butterflies,
3769,3769,2020-09-18,p7,Waarmaarde2,sinus,V,Dagvlinders,1,Polyommatus,50.78143179,3.47104744,3,GPS,2020,POINT (86692.2214796994 163821.25608522538),,,Butterflies,
3770,3770,2020-09-18,p7,Waarmaarde2,sinus,V,Dagvlinders,1,Pieris,50.78148929,3.47110863,3,GPS,2020,POINT (86696.61376866553 163827.5997194769),,,Butterflies,
3771,3771,2020-09-18,p7,Waarmaarde2,sinus,V,Bijen,1,Colletes,50.78153254,3.47119899,3,GPS,2020,POINT (86703.04391953672 163832.3334725462),,,Other bees,
3794,3794,2020-09-18,p7,Waarmaarde2,blok,V,Dagvlinders,1,Aricia,50.78062118,3.4691341,3,GPS,2020,POINT (86556.20407085081 163732.7232517507),,,Butterflies,
3795,3795,2020-09-18,p7,Waarmaarde2,blok,V,Dagvlinders,1,Pieris,50.78063702,3.46925581,3,GPS,2020,POINT (86564.80834668089 163734.381236922),,,Butterflies,
3796,3796,2020-09-18,p7,Waarmaarde2,blok,V,Dagvlinders,1,Aricia,50.78056024,3.46924718,3,GPS,2020,POINT (86564.09637690647 163725.84831740987),,,Butterflies,
3797,3797,2020-09-18,p7,Waarmaarde2,blok,V,Dagvlinders,1,Polyommatus,50.7804771,3.4692139,3,GPS,2020,POINT (86561.63752640491 163716.62901530694),,,Butterflies,
3798,3798,2020-09-18,p7,Waarmaarde2,blok,V,Dagvlinders,1,Lycaena,50.78042714,3.46927165,3,GPS,2020,POINT (86565.64277898989 163711.02263328154),,,Butterflies,
3799,3799,2020-09-18,p7,Waarmaarde2,blok,V,Dagvlinders,1,Lycaena,50.78041918,3.46928397,3,GPS,2020,POINT (86566.50086692406 163710.12672054674),,,Butterflies,
3800,3800,2020-09-18,p7,Waarmaarde2,blok,V,Dagvlinders,1,Lycaena,50.78036092,3.46930593,3,GPS,2020,POINT (86567.97104244931 163703.627679131),,,Butterflies,
3801,3801,2020-09-18,p7,Waarmaarde2,blok,V,Bijen,1,Colletes,50.78036092,3.46930593,3,GPS,2020,POINT (86567.97104244931 163703.627679131),,,Other bees,
3802,3802,2020-09-18,p7,Waarmaarde2,blok,V,Dagvlinders,1,Polyommatus,50.78031046,3.46935765,3,GPS,2020,POINT (86571.55040252607 163697.97083390225),,,Butterflies,
3803,3803,2020-09-18,p7,Waarmaarde2,blok,V,Dagvlinders,1,Lycaena,50.7803403,3.46948732,3,GPS,2020,POINT (86580.73491617304 163701.17927916534),,,Butterflies,
3804,3804,2020-09-18,p7,Waarmaarde2,blok,V,Dagvlinders,1,Pieris,50.78023033,3.46914735,3,GPS,2020,POINT (86556.61211283537 163689.23745516874),,,Butterflies,
3805,3805,2020-09-18,p7,Waarmaarde2,blok,V,Bijen,1,Apis,50.78022648,3.46903821,3,GPS,2020,POINT (86548.91034859346 163688.90240510833),,,Apis,
3806,3806,2020-09-18,p7,Waarmaarde2,blok,V,Dagvlinders,1,Pieris,50.78014073,3.46896227,3,GPS,2020,POINT (86543.4395410702 163679.42922823224),,,Butterflies,
3807,3807,2020-09-18,p7,Waarmaarde2,blok,V,Bijen,1,Apis,50.78022723,3.46891341,3,GPS,2020,POINT (86540.11043239073 163689.09240077902),,,Apis,
3808,3808,2020-09-18,p7,Waarmaarde2,blok,V,Bijen,1,Apis,50.78028951,3.46890888,3,GPS,2020,POINT (86539.87486814323 163696.02371126786),,,Apis,
3809,3809,2020-09-18,p7,Waarmaarde2,blok,V,Dagvlinders,1,Pieris,50.78031658,3.46875935,3,GPS,2020,POINT (86529.36646032077 163699.16243440192),,,Butterflies,
3810,3810,2020-09-18,p7,Waarmaarde2,blok,V,Dagvlinders,1,Polyommatus,50.78045145,3.4686845,3,GPS,2020,POINT (86524.26974839339 163714.22804142442),,,Butterflies,
3811,3811,2020-09-18,p7,Waarmaarde2,blok,V,Bijen,1,Apis,50.78045815,3.46890746,3,GPS,2020,POINT (86540.00189146915 163714.78285305854),,,Apis,
3812,3812,2020-09-18,p7,Waarmaarde2,blok,V,Dagvlinders,1,Pieris,50.78049629,3.46903805,3,GPS,2020,POINT (86549.26245281263 163718.91367160156),,,Butterflies,
3813,3813,2020-09-18,p7,Waarmaarde2,blok,V,Bijen,1,Apis,50.78039562,3.46917702,3,GPS,2020,POINT (86558.92703103229 163707.59743087552),,,Apis,
3814,3814,2020-09-18,p7,Waarmaarde2,blok,V,Bijen,1,Apis,50.78036746,3.46903,3,GPS,2020,POINT (86548.52125478572 163704.59070615377),,,Apis,
3816,3816,2020-10-09,p7,Palingbeek,sinus,V,Dagvlinders,1,Polyommatus,50.82108608,2.914203,3,GPS,2020,POINT (47512.920912233094 168853.17480397224),,,Butterflies,
3818,3818,2020-10-09,p7,Palingbeek,sinus,V,Bijen,1,Bombus,50.82109354,2.91420643,3,GPS,2020,POINT (47513.17880564391 168853.9997628387),,,Bombus,
3819,3819,2020-10-09,p7,Palingbeek,sinus,V,Dagvlinders,1,Pieris,50.82119655,2.91415421,3,GPS,2020,POINT (47509.72423043095 168865.52843792085),,,Butterflies,
3822,3822,2020-10-09,p7,Palingbeek,sinus,V,Dagvlinders,1,Pieris,50.76872726,3.65543414,3,GPS,2020,POINT (99681.50653422887 162267.1417514691),,,Butterflies,
3824,3824,2020-10-09,p7,Palingbeek,sinus,V,Dagvlinders,1,Vanessa,50.76868476,3.65540313,3,GPS,2020,POINT (99679.2737328755 162262.43533085007),,,Butterflies,
3826,3826,2020-10-09,p7,Palingbeek,sinus,V,Bijen,1,Bombus,50.76865543,3.65541771,3,GPS,2020,POINT (99680.27088489162 162259.16298664734),,,Bombus,
3828,3828,2020-10-09,p7,Palingbeek,sinus,V,Dagvlinders,1,Polyommatus,50.76862676,3.65543431,3,GPS,2020,POINT (99681.41123268554 162255.96268904675),,,Butterflies,
3830,3830,2020-10-09,p7,Palingbeek,sinus,V,Bijen,1,Bombus,50.76867772,3.65544671,3,GPS,2020,POINT (99682.34032670443 162261.62274330668),,,Bombus,
3833,3833,2020-10-09,p7,Palingbeek,sinus,V,Dagvlinders,1,Polyommatus,50.76858066,3.65541377,3,GPS,2020,POINT (99679.91313292054 162250.8487399863),,,Butterflies,
3834,3834,2020-10-09,p7,Palingbeek,sinus,V,Bijen,1,Bombus,50.8208342,2.91446694,3,GPS,2020,POINT (47530.96718296071 168824.79695357848),,,Bombus,
3837,3837,2020-10-09,p7,Palingbeek,sinus,V,Dagvlinders,1,Pieris,50.82084903,2.9147453,3,GPS,2020,POINT (47550.610231200946 168826.0624009017),,,Butterflies,
3838,3838,2020-10-09,p7,Palingbeek,sinus,V,Bijen,1,Bombus,50.82076279,2.91487422,3,GPS,2020,POINT (47559.50504080423 168816.29311923403),,,Bombus,
3841,3841,2020-10-09,p7,Palingbeek,sinus,V,Dagvlinders,1,Pieris,50.76852148,3.65533129,3,GPS,2020,POINT (99674.03183626314 162244.32179903053),,,Butterflies,
3843,3843,2020-10-09,p7,Palingbeek,sinus,V,Dagvlinders,1,Polyommatus,50.76853657,3.65529743,3,GPS,2020,POINT (99671.65947507374 162246.0232374817),,,Butterflies,
3845,3845,2020-10-09,p7,Palingbeek,sinus,V,Dagvlinders,1,Pieris,50.82006742,2.91484103,3,GPS,2020,POINT (47555.65294259641 168739.00079457555),,,Butterflies,
3846,3846,2020-10-09,p7,Palingbeek,sinus,V,Bijen,1,Bombus,50.76852333,3.655194,3,GPS,2020,POINT (99664.3494164641 162244.62055186275),,,Bombus,
3849,3849,2020-10-09,p7,Palingbeek,sinus,V,Dagvlinders,1,Polyommatus,50.76852333,3.655194,3,GPS,2020,POINT (99664.3494164641 162244.62055186275),,,Butterflies,
3850,3850,2020-10-09,p7,Palingbeek,sinus,V,Bijen,1,Bombus,50.76852618,3.65518453,3,GPS,2020,POINT (99663.68444924112 162244.94398040138),,,Bombus,
3852,3852,2020-10-09,p7,Palingbeek,sinus,V,Bijen,1,Bombus,50.76848703,3.65529341,3,GPS,2020,POINT (99671.3230064837 162240.5154619664),,,Bombus,
3855,3855,2020-10-09,p7,Palingbeek,sinus,V,Dagvlinders,1,Pieris,50.76845745,3.65527245,3,GPS,2020,POINT (99669.81290665634 162237.23937447462),,,Butterflies,
3857,3857,2020-10-09,p7,Palingbeek,sinus,V,Dagvlinders,1,Polyommatus,50.76841277,3.65529777,3,GPS,2020,POINT (99671.55126505738 162232.2523248205),,,Butterflies,
3859,3859,2020-10-09,p7,Palingbeek,sinus,V,Bijen,1,Bombus,50.76840783,3.65528754,3,GPS,2020,POINT (99670.82436724764 162231.70975969732),,,Bombus,
3860,3860,2020-10-09,p7,Palingbeek,sinus,V,Bijen,1,Andrena,50.76840783,3.65528754,3,GPS,2020,POINT (99670.82436724764 162231.70975969732),,,Other bees,
3904,3904,2020-09-21,p7,Muziekbos,sinus,V,Dagvlinders,1,Polyommatus,50.82289338,2.91262737,3,GPS,2020,POINT (47405.85720850558 169056.35512825288),,,Butterflies,
3905,3905,2020-09-21,p7,Muziekbos,sinus,V,Bijen,1,Apis,50.82294443,2.91263055,3,GPS,2020,POINT (47406.192538155636 169062.02844771836),,,Apis,
3908,3908,2020-09-21,p7,Muziekbos,sinus,V,Bijen,1,Bombus,50.7684157,3.6555426,3,GPS,2020,POINT (99688.82466778946 162232.412478555),,,Bombus,
3909,3909,2020-09-21,p7,Muziekbos,sinus,V,Bijen,1,Bombus,50.76835653,3.65550522,3,GPS,2020,POINT (99686.12472449052 162225.85610830784),,,Bombus,
3912,3912,2020-09-21,p7,Muziekbos,sinus,V,Bijen,1,Bombus,50.7683463,3.65546985,3,GPS,2020,POINT (99683.6188055171 162224.74213636015),,,Bombus,
3913,3913,2020-09-21,p7,Muziekbos,sinus,V,Bijen,1,Bombus,50.76835158,3.65545694,3,GPS,2020,POINT (99682.71377128814 162225.33818824962),,,Bombus,
3915,3915,2020-10-09,p7,Palingbeek,blok,V,Dagvlinders,1,Pieris,50.76829467,3.65541629,3,GPS,2020,POINT (99679.7855637118 162219.03542244155),,,Butterflies,
3916,3916,2020-09-21,p7,Muziekbos,sinus,V,Dagvlinders,1,Polyommatus,50.76829467,3.65541629,3,GPS,2020,POINT (99679.7855637118 162219.03542244155),,,Butterflies,
3917,3917,2020-09-21,p7,Muziekbos,sinus,V,Bijen,1,Apis,50.76823491,3.6554105,3,GPS,2020,POINT (99679.31333530074 162212.39204085898),,,Apis,
3918,3918,2020-10-09,p7,Palingbeek,blok,V,Dagvlinders,1,Lycaena,50.76823491,3.6554105,3,GPS,2020,POINT (99679.31333530074 162212.39204085898),,,Butterflies,
3919,3919,2020-10-09,p7,Palingbeek,blok,V,Dagvlinders,1,Polyommatus,50.82273471,2.91149556,3,GPS,2020,POINT (47325.77730162762 169040.2717743162),,,Butterflies,
3920,3920,2020-09-21,p7,Muziekbos,sinus,V,Dagvlinders,1,Polyommatus,50.82273471,2.91149556,3,GPS,2020,POINT (47325.77730162762 169040.2717743162),,,Butterflies,
3921,3921,2020-09-21,p7,Muziekbos,sinus,V,Dagvlinders,1,Aricia,50.82271661,2.91129397,3,GPS,2020,POINT (47311.536155434835 169038.5373616647),,,Butterflies,
3922,3922,2020-10-09,p7,Palingbeek,blok,V,Bijen,1,Bombus,50.82271661,2.91129397,3,GPS,2020,POINT (47311.536155434835 169038.5373616647),,,Bombus,
3923,3923,2020-10-09,p7,Palingbeek,blok,V,Dagvlinders,1,Polyommatus,50.82251796,2.91174961,3,GPS,2020,POINT (47343.201790264255 169015.81404243503),,,Butterflies,
3924,3924,2020-09-21,p7,Muziekbos,sinus,V,Dagvlinders,1,Polyommatus,50.82251796,2.91174961,3,GPS,2020,POINT (47343.201790264255 169015.81404243503),,,Butterflies,
3925,3925,2020-09-21,p7,Muziekbos,sinus,V,Bijen,1,Apis,50.82247395,2.91191004,3,GPS,2020,POINT (47354.40784005962 169010.6976258913),,,Apis,
3926,3926,2020-10-09,p7,Palingbeek,blok,V,Dagvlinders,1,Lycaena,50.82247395,2.91191004,3,GPS,2020,POINT (47354.40784005962 169010.6976258913),,,Butterflies,
3927,3927,2020-09-21,p7,Muziekbos,sinus,V,Dagvlinders,1,Pieris,50.82242299,2.91212814,3,GPS,2020,POINT (47369.661526002266 169004.7285889266),,,Butterflies,
3928,3928,2020-10-09,p7,Palingbeek,blok,V,Dagvlinders,1,Polyommatus,50.82242299,2.91212814,3,GPS,2020,POINT (47369.661526002266 169004.7285889266),,,Butterflies,
3929,3929,2020-09-21,p7,Muziekbos,sinus,V,Bijen,1,Bombus,50.82260538,2.91229871,3,GPS,2020,POINT (47382.07571083853 169024.77811533306),,,Bombus,
3930,3930,2020-10-09,p7,Palingbeek,blok,V,Dagvlinders,1,Polyommatus,50.82260538,2.91229871,3,GPS,2020,POINT (47382.07571083853 169024.77811533306),,,Butterflies,
3931,3931,2020-10-09,p7,Palingbeek,blok,V,Bijen,1,Bombus,50.76842476,3.65549005,3,GPS,2020,POINT (99685.12746971505 162233.45582593512),,,Bombus,
3932,3932,2020-09-21,p7,Muziekbos,sinus,V,Bijen,1,Bombus,50.76842476,3.65549005,3,GPS,2020,POINT (99685.12746971505 162233.45582593512),,,Bombus,
3933,3933,2020-10-09,p7,Palingbeek,blok,V,Bijen,1,Bombus,50.76848226,3.65552089,3,GPS,2020,POINT (99687.36429784136 162239.83086335566),,,Bombus,
3934,3934,2020-09-21,p7,Muziekbos,sinus,V,Dagvlinders,1,Polyommatus,50.76848226,3.65552089,3,GPS,2020,POINT (99687.36429784136 162239.83086335566),,,Butterflies,
3935,3935,2020-10-09,p7,Palingbeek,blok,V,Dagvlinders,1,Polyommatus,50.82290956,2.91298703,3,GPS,2020,POINT (47431.22978954241 169057.65799662564),,,Butterflies,
3936,3936,2020-09-21,p7,Muziekbos,sinus,V,Dagvlinders,1,Polyommatus,50.82290956,2.91298703,3,GPS,2020,POINT (47431.22978954241 169057.65799662564),,,Butterflies,
3937,3937,2020-10-09,p7,Palingbeek,blok,V,Dagvlinders,1,Pieris,50.82294032,2.91278595,3,GPS,2020,POINT (47417.13117833476 169061.356735155),,,Butterflies,
3938,3938,2020-09-21,p7,Muziekbos,sinus,V,Dagvlinders,1,Polyommatus,50.82294032,2.91278595,3,GPS,2020,POINT (47417.13117833476 169061.356735155),,,Butterflies,
3939,3939,2020-09-21,p7,Muziekbos,sinus,V,Dagvlinders,1,Lycaena,50.76851746,3.65556532,3,GPS,2020,POINT (99690.53595188347 162243.71619996335),,,Butterflies,
3940,3940,2020-10-09,p7,Palingbeek,blok,V,Dagvlinders,1,Pieris,50.76851746,3.65556532,3,GPS,2020,POINT (99690.53595188347 162243.71619996335),,,Butterflies,
3941,3941,2020-09-21,p7,Muziekbos,sinus,V,Bijen,1,Apis,50.82281711,2.91208179,3,GPS,2020,POINT (47367.25586138136 169048.62610227242),,,Apis,
3942,3942,2020-10-09,p7,Palingbeek,blok,V,Dagvlinders,1,Polyommatus,50.82281711,2.91208179,3,GPS,2020,POINT (47367.25586138136 169048.62610227242),,,Butterflies,
3943,3943,2020-10-09,p7,Palingbeek,blok,V,Dagvlinders,1,Pieris,50.76853003,3.65542316,3,GPS,2020,POINT (99680.52144674113 162245.21064044442),,,Butterflies,
3944,3944,2020-09-21,p7,Muziekbos,sinus,V,Dagvlinders,1,Polyommatus,50.76853003,3.65542316,3,GPS,2020,POINT (99680.52144674113 162245.21064044442),,,Butterflies,
3945,3945,2020-09-21,p7,Muziekbos,sinus,V,Dagvlinders,1,Aricia,50.82241989,2.91219536,3,GPS,2020,POINT (47374.39032321413 169004.29094603565),,,Butterflies,
3946,3946,2020-10-09,p7,Palingbeek,blok,V,Dagvlinders,1,Pieris,50.82241989,2.91219536,3,GPS,2020,POINT (47374.39032321413 169004.29094603565),,,Butterflies,
3947,3947,2020-09-21,p7,Muziekbos,sinus,V,Dagvlinders,1,Aricia,50.76867353,3.65547722,3,GPS,2020,POINT (99684.48801293717 162261.13602057006),,,Butterflies,
3948,3948,2020-10-09,p7,Palingbeek,blok,V,Dagvlinders,1,Pieris,50.76867353,3.65547722,3,GPS,2020,POINT (99684.48801293717 162261.13602057006),,,Butterflies,
3949,3949,2020-10-09,p7,Palingbeek,blok,V,Dagvlinders,1,Polyommatus,50.82231528,2.91175623,3,GPS,2020,POINT (47343.22598740693 168993.26310998946),,,Butterflies,
3950,3950,2020-09-21,p7,Muziekbos,sinus,V,Dagvlinders,1,Polyommatus,50.82231528,2.91175623,3,GPS,2020,POINT (47343.22598740693 168993.26310998946),,,Butterflies,
3951,3951,2020-10-09,p7,Palingbeek,blok,V,Dagvlinders,1,Polyommatus,50.82231528,2.91175623,3,GPS,2020,POINT (47343.22598740693 168993.26310998946),,,Butterflies,
3952,3952,2020-09-21,p7,Muziekbos,sinus,V,Dagvlinders,1,Polyommatus,50.82231528,2.91175623,3,GPS,2020,POINT (47343.22598740693 168993.26310998946),,,Butterflies,
3953,3953,2020-10-09,p7,Palingbeek,blok,V,Dagvlinders,1,Lycaena,50.82231528,2.91175623,3,GPS,2020,POINT (47343.22598740693 168993.26310998946),,,Butterflies,
3954,3954,2020-09-21,p7,Muziekbos,sinus,V,Dagvlinders,1,Polyommatus,50.82231528,2.91175623,3,GPS,2020,POINT (47343.22598740693 168993.26310998946),,,Butterflies,
3955,3955,2020-09-21,p7,Muziekbos,sinus,V,Bijen,1,Halictus,50.76873774,3.6553095,3,GPS,2020,POINT (99672.72569457655 162268.39186801855),,,Other bees,
3956,3956,2020-09-21,p7,Muziekbos,sinus,V,Dagvlinders,1,Polyommatus,50.76869122,3.65524337,3,GPS,2020,POINT (99668.01124778233 162263.26207608078),,,Butterflies,
3957,3957,2020-09-21,p7,Muziekbos,sinus,V,Dagvlinders,1,Polyommatus,50.76870572,3.6551463,3,GPS,2020,POINT (99661.17947015006 162264.9406996956),,,Butterflies,
3958,3958,2020-09-21,p7,Muziekbos,sinus,V,Dagvlinders,1,Polyommatus,50.76864998,3.65506014,3,GPS,2020,POINT (99655.04225448248 162258.79891487118),,,Butterflies,
3959,3959,2020-09-21,p7,Muziekbos,sinus,V,Dagvlinders,1,Papilio,50.76852475,3.65515552,3,GPS,2020,POINT (99661.63656549423 162244.80456457846),,,Butterflies,
3960,3960,2020-09-21,p7,Muziekbos,sinus,V,Bijen,1,Halictus,50.76850086,3.6552722,3,GPS,2020,POINT (99669.84162652137 162242.06818127166),,,Other bees,
3961,3961,2020-09-21,p7,Muziekbos,sinus,V,Dagvlinders,1,Pieris,50.7685038,3.65539625,3,GPS,2020,POINT (99678.59521920634 162242.31121032406),,,Butterflies,
3962,3962,2020-09-21,p7,Muziekbos,sinus,V,Bijen,1,Bombus,50.76842451,3.65522794,3,GPS,2020,POINT (99666.63800356977 162233.60549189989),,,Bombus,
3963,3963,2020-09-21,p7,Muziekbos,sinus,V,Dagvlinders,1,Polyommatus,50.76845694,3.65512384,3,GPS,2020,POINT (99659.3294428516 162237.2832917422),,,Butterflies,
3964,3964,2020-09-21,p7,Muziekbos,sinus,V,Bijen,1,Bombus,50.76845694,3.65512384,3,GPS,2020,POINT (99659.3294428516 162237.2832917422),,,Bombus,
3965,3965,2020-09-21,p7,Muziekbos,sinus,V,Bijen,1,Bombus,50.76837472,3.65521881,3,GPS,2020,POINT (99665.9408031819 162228.07336918637),,,Bombus,
3966,3966,2020-09-21,p7,Muziekbos,sinus,V,Bijen,1,Bombus,50.76837732,3.65520121,3,GPS,2020,POINT (99664.70207724112 162228.37449518964),,,Bombus,
3967,3967,2020-09-21,p7,Muziekbos,sinus,V,Bijen,1,Bombus,50.76832049,3.65523524,3,GPS,2020,POINT (99667.04186225813 162222.03006082028),,,Bombus,
3968,3968,2020-09-21,p7,Muziekbos,sinus,V,Dagvlinders,1,Aricia,50.76826642,3.65524001,3,GPS,2020,POINT (99667.32059750168 162216.0124463439),,,Butterflies,
3969,3969,2020-09-21,p7,Muziekbos,sinus,V,Bijen,1,Apis,50.76822384,3.65526206,3,GPS,2020,POINT (99668.83053717221 162211.26120043267),,,Apis,
3992,3992,2020-09-21,p7,Muziekbos,blok,V,Dagvlinders,1,Pieris,50.76941944,3.65616823,3,GPS,2020,POINT (99734.02700701606 162343.63849712815),,,Butterflies,
3993,3993,2020-09-21,p7,Muziekbos,blok,V,Dagvlinders,1,Polyommatus,50.76944634,3.65619522,3,GPS,2020,POINT (99735.95952509076 162346.61242054123),,,Butterflies,
3994,3994,2020-09-21,p7,Muziekbos,blok,V,Dagvlinders,1,Polyommatus,50.76950946,3.65619698,3,GPS,2020,POINT (99736.15098699767 162353.63227871526),,,Butterflies,
3995,3995,2020-09-21,p7,Muziekbos,blok,V,Dagvlinders,1,Pieris,50.76949655,3.65630418,3,GPS,2020,POINT (99743.69891939784 162352.1237637736),,,Butterflies,
3996,3996,2020-09-21,p7,Muziekbos,blok,V,Bijen,1,Bombus,50.76954483,3.65629027,3,GPS,2020,POINT (99742.76921390888 162357.50351539627),,,Bombus,
3997,3997,2020-09-21,p7,Muziekbos,blok,V,Dagvlinders,1,Pieris,50.76953787,3.65616982,3,GPS,2020,POINT (99734.26546775644 162356.81078624073),,,Butterflies,
3998,3998,2020-09-21,p7,Muziekbos,blok,V,Dagvlinders,1,Polyommatus,50.76951046,3.6561124,3,GPS,2020,POINT (99730.18593018259 162353.80071579386),,,Butterflies,
3999,3999,2020-09-21,p7,Muziekbos,blok,V,Dagvlinders,1,Aricia,50.76942908,3.65609346,3,GPS,2020,POINT (99728.76313567316 162344.76135726087),,,Butterflies,
4000,4000,2020-09-21,p7,Muziekbos,blok,V,Bijen,1,Bombus,50.76939085,3.65596698,3,GPS,2020,POINT (99719.80066176914 162340.59446379915),,,Bombus,
4001,4001,2020-09-21,p7,Muziekbos,blok,V,Dagvlinders,1,Aricia,50.76938122,3.65605448,3,GPS,2020,POINT (99725.96250023466 162339.46409604885),,,Butterflies,
4002,4002,2020-09-21,p7,Muziekbos,blok,V,Dagvlinders,1,Aricia,50.76943017,3.65599447,3,GPS,2020,POINT (99721.78170734539 162344.94956173282),,,Butterflies,
4003,4003,2020-09-21,p7,Muziekbos,blok,V,Bijen,1,Lasioglossum,50.76936697,3.65596748,3,GPS,2020,POINT (99719.81045588576 162337.9378735246),,,Other bees,
4004,4004,2020-09-21,p7,Muziekbos,blok,V,Dagvlinders,1,Aricia,50.76951005,3.65599589,3,GPS,2020,POINT (99721.96708405476 162353.83392011095),,,Butterflies,
4005,4005,2020-09-21,p7,Muziekbos,blok,V,Dagvlinders,1,Pieris,50.76954642,3.65585483,3,GPS,2020,POINT (99712.05576742184 162357.9749099873),,,Butterflies,
4006,4006,2020-09-21,p7,Muziekbos,blok,V,Bijen,1,Bombus,50.76955858,3.65586539,3,GPS,2020,POINT (99712.81362460347 162359.32036241237),,,Bombus,
4007,4007,2020-09-21,p7,Muziekbos,blok,V,Bijen,1,Bombus,50.76959822,3.65588014,3,GPS,2020,POINT (99713.8963553328 162363.7196721919),,,Bombus,
4008,4008,2020-09-21,p7,Muziekbos,blok,V,Dagvlinders,1,Aricia,50.76932305,3.65628029,3,GPS,2020,POINT (99741.82875283467 162332.84093368333),,,Butterflies,
4009,4009,2020-09-21,p7,Muziekbos,blok,V,Dagvlinders,1,Polyommatus,50.76927292,3.65637735,3,GPS,2020,POINT (99748.62177288617 162327.1991779562),,,Butterflies,
4010,4010,2020-09-21,p7,Muziekbos,blok,V,Dagvlinders,1,Polyommatus,50.76925934,3.65645061,3,GPS,2020,POINT (99753.77495240362 162325.6390993055),,,Butterflies,
4011,4011,2020-09-21,p7,Muziekbos,blok,V,Dagvlinders,1,Pieris,50.76920863,3.65637342,3,GPS,2020,POINT (99748.27601103717 162320.05064392742),,,Butterflies,
4012,4012,2020-09-21,p7,Muziekbos,blok,V,Dagvlinders,1,Polyommatus,50.76923923,3.65627677,3,GPS,2020,POINT (99741.49107728967 162323.51973573118),,,Butterflies,
4013,4013,2020-09-21,p7,Muziekbos,blok,V,Dagvlinders,1,Polyommatus,50.76926035,3.65602221,3,GPS,2020,POINT (99723.55729171785 162326.04115173873),,,Butterflies,
4014,4014,2020-09-21,p7,Muziekbos,blok,V,Dagvlinders,1,Aglais,50.7694051,3.65604828,3,GPS,2020,POINT (99725.55063422595 162342.124541956),,,Butterflies,
4015,4015,2020-09-21,p7,Muziekbos,blok,V,Dagvlinders,1,Polyommatus,50.76940787,3.65604803,3,GPS,2020,POINT (99725.53595432038 162342.43282740377),,,Butterflies,
4016,4016,2020-09-21,p7,Muziekbos,blok,V,Dagvlinders,1,Aricia,50.76942774,3.65613034,3,GPS,2020,POINT (99731.363160799 162344.5873601064),,,Butterflies,
4097,4097,2020-10-23,p7,Kemmelberg,sinus,V,Dagvlinders,1,Pieris,50.77307219,2.79706908,3,GPS,2020,POINT (39147.89081203347 163681.45019566081),,,Butterflies,
4098,4098,2020-10-23,p7,Kemmelberg,sinus,V,Bijen,1,Lasioglossum,50.77300119,2.79674437,3,GPS,2020,POINT (39124.825028927255 163674.03863340244),,,Other bees,
4099,4099,2020-10-23,p7,Kemmelberg,sinus,V,Dagvlinders,1,Lycaena,50.77300119,2.79655058,3,GPS,2020,POINT (39111.1588731957 163674.32789895125),,,Butterflies,
4100,4100,2020-10-23,p7,Kemmelberg,sinus,V,Dagvlinders,1,Pieris,50.77284646,2.79631832,3,GPS,2020,POINT (39094.41548489574 163657.46655134857),,,Butterflies,
4101,4101,2020-10-23,p7,Kemmelberg,sinus,V,Bijen,1,Lasioglossum,50.77272727,2.79676239,3,GPS,2020,POINT (39125.45104390579 163643.54809912667),,,Other bees,
4102,4102,2020-10-23,p7,Kemmelberg,sinus,V,Dagvlinders,1,Pieris,50.77300957,2.79753185,3,GPS,2020,POINT (39180.37818692792 163673.7955188714),,,Butterflies,
4103,4103,2020-10-23,p7,Kemmelberg,sinus,V,Bijen,1,Bombus,50.7727556,2.79786469,3,GPS,2020,POINT (39203.252827474746 163645.05409395322),,,Bombus,
4104,4104,2020-10-23,p7,Kemmelberg,sinus,V,Dagvlinders,1,Vanessa,50.77334032,2.79790166,3,GPS,2020,POINT (39207.23532116298 163710.02781191655),,,Butterflies,
4105,4105,2020-10-23,p7,Kemmelberg,sinus,V,Bijen,1,Lasioglossum,50.77318853,2.79746052,3,GPS,2020,POINT (39175.76901952131 163693.80473062117),,,Other bees,
4106,4106,2020-10-23,p7,Kemmelberg,blok,V,Bijen,1,Bombus,50.77832429,2.79721057,3,GPS,2020,POINT (39170.227811815115 164265.34467785526),,,Bombus,
4107,4107,2020-10-23,p7,Kemmelberg,blok,V,Bijen,1,Bombus,50.77820082,2.79720278,3,GPS,2020,POINT (39169.38797227391 164251.62473251205),,,Bombus,
4108,4108,2020-10-23,p7,Kemmelberg,blok,V,Bijen,1,Bombus,50.77789195,2.79665837,3,GPS,2020,POINT (39130.273098173755 164218.08652471006),,,Bombus,
4109,4109,2020-10-23,p7,Kemmelberg,blok,V,Bijen,1,Lasioglossum,50.77783822,2.79703556,3,GPS,2020,POINT (39156.74349084553 164211.54811591376),,,Other bees,
4110,4110,2020-10-23,p7,Kemmelberg,blok,V,Bijen,1,Lasioglossum,50.77800988,2.79656039,3,GPS,2020,POINT (39123.64184761488 164231.34820531774),,,Other bees,
4111,4111,2020-10-23,p7,Kemmelberg,blok,V,Bijen,1,Bombus,50.77790963,2.79687865,3,GPS,2020,POINT (39145.84734005398 164219.72403728962),,,Bombus,
4112,4112,2020-10-23,p7,Kemmelberg,blok,V,Bijen,1,Bombus,50.77678311,2.79560644,3,GPS,2020,POINT (39053.486297550335 164096.33884192724),,,Bombus,
4113,4113,2020-10-23,p7,Kemmelberg,blok,V,Dagvlinders,1,Pieris,50.77778315,2.79674361,3,GPS,2020,POINT (39136.02753503798 164205.85924812965),,,Butterflies,
4114,4114,2020-10-23,p7,Kemmelberg,blok,V,Dagvlinders,1,Pieris,50.77763328,2.79637364,3,GPS,2020,POINT (39109.586881607145 164189.74386249576),,,Butterflies,
4115,4115,2020-10-23,p7,Kemmelberg,blok,V,Dagvlinders,1,Aglais,50.77755785,2.79580451,3,GPS,2020,POINT (39069.27788110457 164182.20475487038),,,Butterflies,
4116,4116,2020-10-23,p7,Kemmelberg,blok,V,Dagvlinders,1,Lycaena,50.77826293,2.79685526,3,GPS,2020,POINT (39145.029601826725 164259.0507721668),,,Butterflies,
4122,4122,2020-10-23,p7,Kemmelberg,blok,V,Bijen,1,Lasioglossum,50.77791894,2.79644606,3,GPS,2020,POINT (39115.36600253888 164221.40508040693),,,Other bees,
6537,6537,2022-04-12,p1,Palingbeek,blok,V,Dagvlinders,1,Aglais,50.8226480428602,2.91209151037308,3,GSM,2022,POINT (47367.57188642003 169029.80926031526),,,Butterflies,
6538,6538,2022-04-12,p1,Palingbeek,blok,V,Dagvlinders,1,Aglais,50.82282984634,2.91116187349232,3,GSM,2022,POINT (47302.47733542904 169051.31395599805),,,Butterflies,
6539,6539,2022-04-12,p1,Palingbeek,blok,V,Dagvlinders,1,Aglais,50.8231416950475,2.91194298304888,3,GSM,2022,POINT (47358.185213909586 169084.9177830983),,,Butterflies,
6544,6544,2022-04-12,p1,Palingbeek,sinus,V,Dagvlinders,1,Aglais,50.820524026687,2.91492367163572,8,GSM,2022,POINT (47562.469208057635 168789.66999817453),,,Butterflies,
6545,6545,2022-04-12,p1,Palingbeek,sinus,V,Dagvlinders,1,Aglais,50.8205464901875,2.91512550786409,10,GSM,2022,POINT (47576.73777615346 168791.89005591348),,,Butterflies,
6546,6546,2022-04-12,p1,Palingbeek,sinus,V,Dagvlinders,1,Aglais,50.8208761027597,2.91494228169227,12,GSM,2022,POINT (47564.54673301168 168828.8017560467),,,Butterflies,
6547,6547,2022-04-12,p1,Palingbeek,sinus,V,Dagvlinders,1,Aglais,50.8211311698433,2.91417768225345,18,GSM,2022,POINT (47511.23546512099 168858.2245633332),,,Butterflies,
6551,6551,2022-04-12,p1,Kemmelberg,sinus,V,Dagvlinders,1,Aglais,50.7731359312786,2.79749404639266,4,GSM,2022,POINT (39178.00955533011 163687.90501671378),,,Butterflies,
6552,6552,2022-04-12,p1,Kemmelberg,sinus,V,Dagvlinders,1,Aglais,50.7732448960196,2.7978839725282,4,GSM,2022,POINT (39205.76354911085 163699.44174046442),,,Butterflies,
6555,6555,2022-04-12,p1,Kemmelberg,blok,V,Dagvlinders,1,Aglais,50.7780722855131,2.79678795486949,55,GSM,2022,POINT (39139.83500515683 164237.94891977962),,,Butterflies,
6559,6559,2022-04-15,p1,Muziekbos,sinus,V,Dagvlinders,1,Aglais,50.7683452126114,3.6552922334556,4,GSM,2022,POINT (99671.08857970328 162224.74144292157),,,Butterflies,
6560,6560,2022-04-15,p1,Muziekbos,sinus,V,Dagvlinders,1,Aglais,50.7686655270408,3.6557259969447298,7,GSM,2022,POINT (99702.02806785492 162260.07743665297),,,Butterflies,
6561,6561,2022-04-15,p1,Muziekbos,sinus,V,Dagvlinders,1,Aglais,50.7684156625073,3.65549021400851,3,GSM,2022,POINT (99685.12932718024 162232.44377076812),,,Butterflies,
6564,6564,2022-04-15,p1,Muziekbos,blok,V,Dagvlinders,1,Aglais,50.7692346163566,3.6563832219724097,12,GSM,2022,POINT (99748.99513520015 162322.9345657574),,,Butterflies,
6566,6566,2022-04-20,p1,Waarmaarde,blok,V,Dagvlinders,1,Aglais,50.7934552990373,3.49222959950891,4,GSM,2022,POINT (88201.73325411897 165140.81246752385),,,Butterflies,
6567,6567,2022-04-23,p1,Waarmaarde2,sinus,V,Dagvlinders,1,Aglais,50.7814536290719,3.47106638364817,5,GSM,2022,POINT (86693.58670374815 163823.66912087612),,,Butterflies,
6572,6572,2022-05-11,p2,Palingbeek,sinus,V,Dagvlinders,1,Aglais,50.8206100250136,2.91528501548144,30,GSM,2022,POINT (47588.11360305565 168798.73640309926),,,Butterflies,
6573,6573,2022-05-11,p2,Palingbeek,sinus,V,Dagvlinders,1,Aglais,50.821167337755504,2.913978276777,3,GSM,2022,POINT (47497.26601011801 168862.5222346196),,,Butterflies,
6574,6574,2022-05-11,p2,Palingbeek,blok,V,Dagvlinders,1,Aglais,50.8224962046843,2.91216686368259,38,GSM,2022,POINT (47372.54923914658 169012.817926283),,,Butterflies,
6577,6577,2022-06-18,p3,Kemmelberg,sinus,V,Dagvlinders,1,Aglais,50.772694978329106,2.79657832363024,32,GSM,2022,POINT (39112.39450896975 163640.23157437798),before,,Butterflies,
6578,6578,2022-06-21,p3,Palingbeek,blok,V,Dagvlinders,1,Aglais,50.8228845491009,2.91284301379132,4,GSM,2022,POINT (47421.02962137475 169055.07517356798),before,,Butterflies,
6579,6579,2022-06-21,p3,Palingbeek,sinus,V,Dagvlinders,1,Aglais,50.8210134460132,2.91329883970591,7,GSM,2022,POINT (47449.06391105827 168846.3443341134),before,,Butterflies,
6580,6580,2022-06-21,p3,Palingbeek,sinus,V,Dagvlinders,1,Aglais,50.8211659128319,2.91324553080174,5,GSM,2022,POINT (47445.640542423265 168863.37507257797),before,,Butterflies,
6581,6581,2022-06-21,p3,Palingbeek,sinus,V,Dagvlinders,1,Aglais,50.820963867056,2.91461421177062,8,GSM,2022,POINT (47541.624967087526 168839.01521384437),before,,Butterflies,
6582,6582,2022-06-21,p3,Palingbeek,sinus,V,Dagvlinders,1,Aglais,50.8207031816048,2.91488702617003,72,GSM,2022,POINT (47560.27748705582 168809.6458955016),before,,Butterflies,
6585,6585,2022-04-12,p1,Kemmelberg,sinus,V,Bijen,1,Andrena,50.772908530245296,2.79809251427911,4,GSM,2022,POINT (39219.67885375825 163661.7222468555),,,Other bees,
6586,6586,2022-04-12,p1,Kemmelberg,sinus,V,Bijen,1,Andrena,50.7729027297894,2.79673208650722,4,GSM,2022,POINT (39123.7270277326 163663.1068498306),,,Other bees,
6587,6587,2022-04-12,p1,Kemmelberg,sinus,V,Bijen,1,Andrena,50.7728889585017,2.79660095460973,4,GSM,2022,POINT (39114.44711074926 163661.77103034966),,,Other bees,
6588,6588,2022-04-12,p1,Kemmelberg,blok,V,Bijen,1,Andrena,50.7776683615993,2.7961272932615,3,GSM,2022,POINT (39092.298722621636 164194.0131910229),,,Other bees,
6591,6591,2022-04-15,p1,Muziekbos,sinus,V,Bijen,1,Andrena,50.7683784049477,3.65528368391437,4,GSM,2022,POINT (99670.52093880443 162228.4393253466),,,Other bees,
6597,6597,2022-04-15,p1,Muziekbos,blok,V,Bijen,1,Andrena,50.7693063235386,3.6561355367336894,4,GSM,2022,POINT (99731.6002338105 162331.07828721404),,,Other bees,
6598,6598,2022-04-15,p1,Muziekbos,blok,V,Bijen,1,Andrena,50.7694491930781,3.65599505603653,10,GSM,2022,POINT (99721.84333834895 162347.0651657367),,,Other bees,
6602,6602,2022-04-20,p1,Waarmaarde,sinus,V,Bijen,1,Andrena,50.7941664433046,3.4939429086829,80,GSM,2022,POINT (88323.45401140957 165218.49062456843),,,Other bees,
6603,6603,2022-04-20,p1,Waarmaarde,sinus,V,Bijen,1,Andrena,50.7941973070155,3.49421896040765,4,GSM,2022,POINT (88342.95596440429 165221.69455618132),,,Other bees,
6604,6604,2022-04-20,p1,Waarmaarde,sinus,V,Bijen,1,Andrena,50.7942186884726,3.49418509292561,41,GSM,2022,POINT (88340.5963121787 165224.10094808787),,,Other bees,
6610,6610,2022-04-20,p1,Waarmaarde,blok,V,Bijen,1,Andrena,50.793252415071,3.49279403686848,3,GSM,2022,POINT (88241.26044935931 165117.7761474466),,,Other bees,
6611,6611,2022-04-20,p1,Waarmaarde,blok,V,Bijen,1,Andrena,50.7934755832429,3.49247602746215,5,GSM,2022,POINT (88219.13320267256 165142.8638004167),,,Other bees,
6612,6612,2022-04-20,p1,Waarmaarde,blok,V,Bijen,1,Andrena,50.79347176947729,3.49235625006583,5,GSM,2022,POINT (88210.68381356826 165142.5391790066),,,Other bees,
6613,6613,2022-04-20,p1,Waarmaarde,blok,V,Bijen,1,Andrena,50.7934133057024,3.49232238717702,3,GSM,2022,POINT (88208.2197556964 165136.06432925444),,,Other bees,
6614,6614,2022-04-20,p1,Waarmaarde,blok,V,Bijen,1,Andrena,50.7933584620739,3.49237719231722,4,GSM,2022,POINT (88212.01161183044 165129.91842435393),,,Other bees,
6618,6618,2022-04-23,p1,Waarmaarde2,sinus,V,Bijen,1,Andrena,50.781139349612495,3.47100544721211,4,GSM,2022,POINT (86688.86720799172 163788.76352242567),,,Other bees,
6619,6619,2022-04-23,p1,Waarmaarde2,sinus,V,Bijen,1,Andrena,50.7809933787684,3.47100737504984,3,GSM,2022,POINT (86688.8069900724 163772.52544626314),,,Other bees,
6627,6627,2022-05-18,p2,Waarmaarde2,blok,V,Bijen,1,Andrena,50.7807018980856,3.46932839602555,8,GSM,2022,POINT (86570.0144379057 163741.53570427746),,,Other bees,
6628,6628,2022-05-18,p2,Waarmaarde2,blok,V,Bijen,1,Andrena,50.780435940298,3.46868148073877,3,GSM,2022,POINT (86524.0359332081 163712.50546705257),,,Other bees,
6629,6629,2022-05-18,p2,Waarmaarde2,blok,V,Bijen,1,Andrena,50.7803561445798,3.46951824613238,4,GSM,2022,POINT (86582.93715800584 163702.91528774612),,,Other bees,
6630,6630,2022-05-18,p2,Waarmaarde2,blok,V,Bijen,1,Andrena,50.7803628081928,3.46956870518947,5,GSM,2022,POINT (86586.50450299529 163703.6134234313),,,Other bees,
6636,6636,2022-05-18,p2,Waarmaarde2,sinus,V,Bijen,1,Andrena,50.7816175790976,3.4713926073196,6,GSM,2022,POINT (86716.81171958339 163841.6275215717),,,Other bees,
6637,6637,2022-05-18,p2,Waarmaarde2,sinus,V,Bijen,1,Andrena,50.7814258430626,3.47118984908188,3,GSM,2022,POINT (86702.25595896144 163820.4732863307),,,Other bees,
6638,6638,2022-05-18,p2,Waarmaarde2,sinus,V,Bijen,1,Andrena,50.7810686901684,3.47094115801478,3,GSM,2022,POINT (86684.23863990424 163780.9588022912),,,Other bees,
6639,6639,2022-05-22,p2,Kemmelberg,sinus,V,Bijen,1,Andrena,50.7729767589371,2.79722599312923,6,GSM,2022,POINT (39158.73181654369 163670.60281323642),,,Other bees,
6640,6640,2022-05-22,p2,Kemmelberg,sinus,V,Bijen,1,Andrena,50.7727473881568,2.7964174747493,3,GSM,2022,POINT (39101.17469342837 163646.3003804488),,,Other bees,
6641,6641,2022-05-22,p2,Kemmelberg,blok,V,Bijen,1,Andrena,50.7779257279362,2.79701661318801,9,GSM,2022,POINT (39155.61343694157 164221.30847624317),,,Other bees,
6645,6645,2022-06-20,p3,Muziekbos,sinus,V,Bijen,1,Andrena,50.7686965400825,3.65504505113107,3,GSM,2022,POINT (99654.02762755273 162263.9881675383),before,,Other bees,
6652,6652,2022-08-02,p4,Waarmaarde,sinus,V,Bijen,1,Andrena,50.7939957641541,3.49369249306944,5,GSM,2022,POINT (88305.57622753741 165199.71360841673),after,Waarmaarde_sinus_2022_06,Other bees,2.7031189588019444
6653,6653,2022-08-02,p4,Waarmaarde,sinus,V,Bijen,1,Andrena,50.7940194011207,3.49369056523171,6,GSM,2022,POINT (88305.47127727309 165202.3443828309),after,Waarmaarde_sinus_2022_06,Other bees,3.395422414807533
6654,6654,2022-08-02,p4,Waarmaarde,sinus,V,Bijen,1,Andrena,50.794194960083,3.49433991127041,4,GSM,2022,POINT (88351.47988017736 165221.33315421268),after,Waarmaarde_sinus_2022_06,Other bees,-1.5493182516167556
6655,6655,2022-08-02,p4,Waarmaarde,sinus,V,Bijen,1,Andrena,50.7939010486479,3.49434443749812,3,GSM,2022,POINT (88351.41427030225 165188.63720294833),after,Waarmaarde_sinus_2022_06,Other bees,-4.129630711744595
6663,6663,2022-08-02,p4,Waarmaarde,blok,V,Bijen,1,Andrena,50.793065959634895,3.49247468635765,3,GSM,2022,POINT (88218.50134132429 165097.30190868862),after,Waarmaarde_blok_2022_06,Other bees,-9.028119512577264
6664,6664,2022-08-02,p4,Waarmaarde,blok,V,Bijen,1,Andrena,50.7933193864777,3.49246202968386,4,GSM,2022,POINT (88217.94146020475 165125.50145303644),after,Waarmaarde_blok_2022_06,Other bees,16.3297290351384
6665,6665,2022-08-02,p4,Waarmaarde,blok,V,Bijen,1,Andrena,50.7931101449543,3.49250736011785,18,GSM,2022,POINT (88220.86283987222 165102.1895387862),after,Waarmaarde_blok_2022_06,Other bees,-5.755825306671784
6670,6670,2022-08-02,p4,Waarmaarde2,blok,V,Bijen,1,Andrena,50.7804468786816,3.46890108660186,4,GSM,2022,POINT (86539.53725726211 163713.53458043654),after,,Other bees,
6671,6671,2022-08-02,p4,Waarmaarde2,blok,V,Bijen,1,Andrena,50.7802293263848,3.4689421579274,5,GSM,2022,POINT (86542.14056696932 163689.30103237182),after,,Other bees,
6675,6675,2022-08-24,p5,Palingbeek,blok,V,Bijen,1,Andrena,50.8229364641487,2.91289994493398,7,GSM,2022,POINT (47425.15347516368 169060.77048268542),,Palingbeek_blok_2022_06,Other bees,40.52638568397536
6680,6680,2022-09-22,p6,Palingbeek,blok,V,Bijen,1,Andrena,50.8228128729861,2.91238177567991,3,GSM,2022,POINT (47388.380031059656 169047.74045710545),,Palingbeek_blok_2022_06,Other bees,29.0418749060992
6683,6683,2022-04-12,p1,Kemmelberg,blok,V,Bijen,1,Andrena,50.7783224543947,2.79717984620288,4,GSM,2022,POINT (39168.05708122095 164265.18637269828),,,Other bees,
6686,6686,2022-04-12,p1,Kemmelberg,sinus,V,Bijen,1,Andrena,50.7728622202303,2.79658821411691,3,GSM,2022,POINT (39113.48569894367 163658.81638831738),,,Other bees,
6689,6689,2022-04-15,p1,Muziekbos,blok,V,Bijen,1,Andrena,50.7693711994688,3.65542776882988,78,GSM,2022,POINT (99681.74458831162 162338.7735880958),,,Other bees,
6693,6693,2022-04-20,p1,Waarmaarde,sinus,V,Bijen,1,Andrena,50.7939936267685,3.49390740506676,3,GSM,2022,POINT (88320.72470257341 165199.29745939374),,,Other bees,
6694,6694,2022-04-20,p1,Waarmaarde,sinus,V,Bijen,1,Andrena,50.7940898091077,3.49380263127711,6,GSM,2022,POINT (88313.46413383159 165210.08293010853),,,Other bees,
6697,6697,2022-04-20,p1,Waarmaarde,blok,V,Bijen,1,Andrena,50.7941867059596,3.4936546723845,68,GSM,2022,POINT (88303.1599983566 165220.98374154046),,,Other bees,
6699,6699,2022-04-23,p1,Waarmaarde2,blok,V,Bijen,1,Andrena,50.7794642510278,3.46805623849734,59,GSM,2022,POINT (86478.63377169249 163604.95819166396),,,Other bees,
6700,6700,2022-04-23,p1,Waarmaarde2,blok,V,Bijen,1,Andrena,50.7796476594106,3.46822821848923,59,GSM,2022,POINT (86491.00927928169 163625.21180983074),,,Other bees,
6701,6701,2022-04-23,p1,Waarmaarde2,sinus,V,Bijen,1,Andrena,50.7812166726689,3.47097116522814,16,GSM,2022,POINT (86686.55359710507 163797.39342632517),,,Other bees,
6704,6704,2022-04-12,p1,Palingbeek,blok,V,Bijen,1,Andrena,50.8223628486048,2.91171960532936,3,GSM,2022,POINT (47340.749602710246 168998.60423534457),,,Other bees,
6705,6705,2022-04-12,p1,Palingbeek,blok,V,Bijen,1,Andrena,50.8223379962619,2.91178381070765,5,GSM,2022,POINT (47345.21857270329 168995.7514672093),,,Other bees,
6712,6712,2022-04-12,p1,Palingbeek,sinus,V,Bijen,1,Andrena,50.8205357613515,2.91453315876695,3,GSM,2022,POINT (47534.98252629457 168791.51368019637),,,Other bees,
6713,6713,2022-04-12,p1,Palingbeek,sinus,V,Bijen,1,Andrena,50.8204334602236,2.91490682401034,7,GSM,2022,POINT (47561.08511218091 168779.62055260874),,,Other bees,
6714,6714,2022-04-12,p1,Palingbeek,sinus,V,Bijen,1,Andrena,50.8211235049811,2.91407085946876,4,GSM,2022,POINT (47503.693038334226 168857.51946999505),,,Other bees,
6715,6715,2022-04-12,p1,Palingbeek,sinus,V,Bijen,1,Andrena,50.8211805392533,2.91362648830089,5,GSM,2022,POINT (47472.51107845937 168864.47595211398),,,Other bees,
6719,6719,2022-04-12,p1,Kemmelberg,sinus,V,Bijen,1,Andrena,50.77327515469,2.79784843325875,3,GSM,2022,POINT (39203.32849115567 163702.8599256603),,,Other bees,
6720,6720,2022-04-12,p1,Kemmelberg,sinus,V,Bijen,1,Andrena,50.7732481230523,2.79788405634723,4,GSM,2022,POINT (39205.777050529156 163699.80050562695),,,Other bees,
6721,6721,2022-04-12,p1,Kemmelberg,sinus,V,Bijen,1,Andrena,50.772855808074304,2.79746253043673,3,GSM,2022,POINT (39175.12797117738 163656.79850857798),,,Other bees,
6722,6722,2022-04-12,p1,Kemmelberg,sinus,V,Bijen,1,Andrena,50.7728922693531,2.79656516388319,4,GSM,2022,POINT (39111.93092124432 163662.19266839325),,,Other bees,
6725,6725,2022-04-12,p1,Kemmelberg,blok,V,Bijen,1,Andrena,50.7770654513045,2.79599846340976,4,GSM,2022,POINT (39081.79464239301 164127.15363836754),,,Other bees,
6726,6726,2022-04-12,p1,Kemmelberg,blok,V,Bijen,1,Andrena,50.7771055587108,2.79551876709125,9,GSM,2022,POINT (39048.063657622886 164132.33050586935),,,Other bees,
6727,6727,2022-04-15,p1,Muziekbos,sinus,V,Bijen,1,Andrena,50.7686323702254,3.65571888077526,4,GSM,2022,POINT (99701.49071299951 162256.3941101916),,,Other bees,
6732,6732,2022-04-15,p1,Muziekbos,blok,V,Bijen,1,Andrena,50.7692918228461,3.65649000741881,6,GSM,2022,POINT (99756.58861856104 162329.2256408669),,,Other bees,
6735,6735,2022-04-12,p1,Palingbeek,sinus,V,Bijen,1,Andrena,50.8205370605465,2.91477673687312,15,GSM,2022,POINT (47552.14580321872 168791.32223157864),,,Other bees,
6736,6736,2022-04-12,p1,Kemmelberg,sinus,V,Dagvlinders,1,Anthocharis,50.7732158108155,2.79759018682203,3,GSM,2022,POINT (39184.97732734996 163696.6452885922),,,Butterflies,
6738,6738,2022-04-12,p1,Kemmelberg,blok,V,Dagvlinders,1,Anthocharis,50.7770535909112,2.79601765796802,4,GSM,2022,POINT (39083.120203255996 164125.80593939405),,,Butterflies,
6739,6739,2022-04-12,p1,Kemmelberg,blok,V,Dagvlinders,1,Anthocharis,50.7776707085322,2.79614724219105,3,GSM,2022,POINT (39093.710916688695 164194.24441824295),,,Butterflies,
6741,6741,2022-04-15,p1,Muziekbos,sinus,V,Dagvlinders,1,Anthocharis,50.7687260024725,3.65523314103824,9,GSM,2022,POINT (99667.32684654056 162267.13797259238),,,Butterflies,
6742,6742,2022-04-23,p1,Waarmaarde2,blok,V,Dagvlinders,1,Anthocharis,50.7801781967758,3.46906268969501,4,GSM,2022,POINT (86550.57163530504 163683.51093035657),,,Butterflies,
6744,6744,2022-05-11,p1,Kemmelberg,sinus,V,Dagvlinders,1,Anthocharis,50.77292145362,2.79618057559235,4,GSM,2022,POINT (39084.87824627949 163666.01252328977),,,Butterflies,
6745,6745,2022-05-11,p1,Kemmelberg,sinus,V,Dagvlinders,1,Anthocharis,50.7729495596613,2.79630507342777,3,GSM,2022,POINT (39093.72407837807 163668.9524148656),,,Butterflies,
6746,6746,2022-05-22,p2,Kemmelberg,sinus,V,Dagvlinders,1,Anthocharis,50.7729401946691,2.79673826345058,36,GSM,2022,POINT (39124.250817027074 163667.2642355319),,,Butterflies,
6747,6747,2022-05-22,p2,Kemmelberg,blok,V,Dagvlinders,1,Anthocharis,50.7774835406344,2.79631454497836,3,GSM,2022,POINT (39105.067322048446 164173.179003953),,,Butterflies,
6748,6748,2022-04-12,p1,Palingbeek,blok,V,Bijen,1,Apis,50.8221580787103,2.91172320954772,20,GSM,2022,POINT (47340.556773919176 168975.82503630966),,,Apis,
6749,6749,2022-04-12,p1,Palingbeek,blok,V,Bijen,1,Apis,50.8230294194545,2.91123848408731,3,GSM,2022,POINT (47308.30994900921 169073.40428948402),,,Apis,
6750,6750,2022-04-12,p1,Palingbeek,blok,V,Bijen,1,Apis,50.8228518488358,2.91168649681183,11,GSM,2022,POINT (47339.48401633382 169053.03590874746),,,Apis,
6751,6751,2022-04-12,p1,Palingbeek,blok,V,Bijen,1,Apis,50.8223186340656,2.91203585453602,11,GSM,2022,POINT (47362.93251795079 168993.24976851884),,,Apis,
6752,6752,2022-04-12,p1,Palingbeek,blok,V,Bijen,1,Apis,50.8223547600686,2.9118346888599,4,GSM,2022,POINT (47348.839446339814 168997.54560829047),,,Apis,
6770,6770,2022-04-12,p1,Kemmelberg,sinus,V,Bijen,1,Apis,50.7732790941845,2.79790056869648,35,GSM,2022,POINT (39207.01435118372 163703.220291269),,,Apis,
6771,6771,2022-04-12,p1,Kemmelberg,sinus,V,Bijen,1,Apis,50.7731918385728,2.79786536470316,4,GSM,2022,POINT (39204.32652246402 163693.5687803235),,,Apis,
6772,6772,2022-04-12,p1,Kemmelberg,sinus,V,Bijen,1,Apis,50.77293476560249,2.79799721204005,4,GSM,2022,POINT (39213.01978745258 163664.78210638463),,,Apis,
6773,6773,2022-04-12,p1,Kemmelberg,sinus,V,Bijen,1,Apis,50.7728845580022,2.79750871472321,4,GSM,2022,POINT (39178.45255867639 163659.92699157074),,,Apis,
6774,6774,2022-04-12,p1,Kemmelberg,sinus,V,Bijen,1,Apis,50.7727781078322,2.79743093066178,4,GSM,2022,POINT (39172.716717819 163648.20432526805),,,Apis,
6775,6775,2022-04-12,p1,Kemmelberg,sinus,V,Bijen,1,Apis,50.7729742641773,2.79728304859995,4,GSM,2022,POINT (39162.74952581299 163670.24022944644),,,Apis,
6776,6776,2022-04-12,p1,Kemmelberg,sinus,V,Bijen,1,Apis,50.7731288904797,2.7972399070885,10,GSM,2022,POINT (39160.07101996624 163687.50115645025),,,Apis,
6777,6777,2022-04-12,p1,Kemmelberg,sinus,V,Bijen,1,Apis,50.773216690915696,2.79713043943308,4,GSM,2022,POINT (39152.5579523186 163697.42910694517),,,Apis,
6778,6778,2022-04-12,p1,Kemmelberg,sinus,V,Bijen,1,Apis,50.772882588255,2.79674168676398,5,GSM,2022,POINT (39124.35663294194 163660.85250735283),,,Apis,
6779,6779,2022-04-12,p1,Kemmelberg,sinus,V,Bijen,1,Apis,50.7729113800927,2.79657689854763,4,GSM,2022,POINT (39112.8034457186 163664.30052612722),,,Apis,
6780,6780,2022-04-12,p1,Kemmelberg,sinus,V,Bijen,1,Apis,50.7729672873865,2.79623743146918,8,GSM,2022,POINT (39088.99567523066 163671.0249710856),,,Apis,
6786,6786,2022-04-12,p1,Kemmelberg,blok,V,Bijen,1,Apis,50.7770577399533,2.79599536210558,3,GSM,2022,POINT (39081.5577958316 164126.30066101812),,,Apis,
6787,6787,2022-04-12,p1,Kemmelberg,blok,V,Bijen,1,Apis,50.7771482645075,2.79524719342849,3,GSM,2022,POINT (39029.01445987199 164137.48563782126),,,Apis,
6788,6788,2022-04-12,p1,Kemmelberg,blok,V,Bijen,1,Apis,50.7773846760865,2.79549412429593,15,GSM,2022,POINT (39046.9835170195 164163.40899370424),,,Apis,
6789,6789,2022-04-12,p1,Kemmelberg,blok,V,Bijen,1,Apis,50.7771440316464,2.79557559639475,3,GSM,2022,POINT (39052.16156194532 164136.52434429992),,,Apis,
6790,6790,2022-04-12,p1,Kemmelberg,blok,V,Bijen,1,Apis,50.777112934786,2.79558808543048,5,GSM,2022,POINT (39052.96896470433 164133.047293826),,,Apis,
6791,6791,2022-04-12,p1,Kemmelberg,blok,V,Bijen,1,Apis,50.7776710018991,2.79616258107386,4,GSM,2022,POINT (39094.79320479775 164194.25414380152),,,Apis,
6792,6792,2022-04-12,p1,Kemmelberg,blok,V,Bijen,1,Apis,50.7781882910533,2.79725801199935,4,GSM,2022,POINT (39173.253045724414 164250.14893698785),,,Apis,
6795,6795,2022-04-15,p1,Muziekbos,blok,V,Bijen,1,Apis,50.7695313357292,3.65606823005122,10,GSM,2022,POINT (99727.09252731258 162356.1526689008),,,Apis,
6796,6796,2022-04-15,p1,Muziekbos,blok,V,Bijen,1,Apis,50.7692145416985,3.65597695112568,15,GSM,2022,POINT (99720.31592660275 162320.97635843232),,,Apis,
6801,6801,2022-04-20,p1,Waarmaarde,sinus,V,Bijen,1,Apis,50.794044714468306,3.49435198121098,7,GSM,2022,POINT (88352.13414814195 165204.61110240687),,,Apis,
6802,6802,2022-04-20,p1,Waarmaarde,sinus,V,Bijen,1,Apis,50.7940579578756,3.4942418430033,4,GSM,2022,POINT (88344.38675971079 165206.17556261364),,,Apis,
6803,6803,2022-04-20,p1,Waarmaarde,sinus,V,Bijen,1,Apis,50.7939648704985,3.49370821061548,10,GSM,2022,POINT (88306.64384609865 165196.26421352848),,,Apis,
6810,6810,2022-04-20,p1,Waarmaarde,blok,V,Bijen,1,Apis,50.7947400090239,3.49438376002528,40,GSM,2022,POINT (88355.2845946842 165281.9233708717),,,Apis,
6811,6811,2022-04-20,p1,Waarmaarde,blok,V,Bijen,1,Apis,50.79347478696209,3.49245004356232,3,GSM,2022,POINT (88217.30027597061 165142.7968321778),,,Apis,
6812,6812,2022-04-20,p1,Waarmaarde,blok,V,Bijen,1,Apis,50.7935836259748,3.492280058566,5,GSM,2022,POINT (88205.45901931234 165155.04449071176),,,Apis,
6813,6813,2022-04-20,p1,Waarmaarde,blok,V,Bijen,1,Apis,50.7935593184556,3.49223731085983,5,GSM,2022,POINT (88202.41339131896 165152.37628020067),,,Apis,
6814,6814,2022-04-20,p1,Waarmaarde,blok,V,Bijen,1,Apis,50.793408108922705,3.49233110435632,4,GSM,2022,POINT (88208.82750556707 165135.47903551534),,,Apis,
6815,6815,2022-04-20,p1,Waarmaarde,blok,V,Bijen,1,Apis,50.7933974219962,3.49234719761041,4,GSM,2022,POINT (88209.94807193347 165134.27693176456),,,Apis,
6820,6820,2022-04-23,p1,Waarmaarde2,blok,V,Bijen,1,Apis,50.7805480901628,3.46916503273273,4,GSM,2022,POINT (86558.28701099986 163724.56701459456),,,Apis,
6821,6821,2022-04-23,p1,Waarmaarde2,blok,V,Bijen,1,Apis,50.7803472593928,3.46830659987097,69,GSM,2022,POINT (86497.47982758174 163702.96173620317),,,Apis,
6822,6822,2022-04-23,p1,Waarmaarde2,blok,V,Bijen,1,Apis,50.780220693024894,3.46905397251571,4,GSM,2022,POINT (86550.0141311443 163688.24525706377),,,Apis,
6823,6823,2022-04-23,p1,Waarmaarde2,blok,V,Bijen,1,Apis,50.7804806996609,3.46931842156077,19,GSM,2022,POINT (86569.01322010148 163716.94018111564),,,Apis,
6825,6825,2022-04-23,p1,Waarmaarde2,sinus,V,Bijen,1,Apis,50.7814551378141,3.47110225819374,4,GSM,2022,POINT (86696.11854773018 163823.80637692753),,,Apis,
6826,6826,2022-04-23,p1,Waarmaarde2,sinus,V,Bijen,1,Apis,50.7810057001664,3.47088273614968,21,GSM,2022,POINT (86680.03412552533 163774.0021637762),,,Apis,
6828,6828,2022-05-11,p2,Palingbeek,sinus,V,Bijen,1,Apis,50.8202646486934,2.91460298002037,12,GSM,2022,POINT (47539.31122976045 168761.26460241154),,,Apis,
6830,6830,2022-05-11,p2,Palingbeek,blok,V,Bijen,1,Apis,50.8229809720545,2.91153654456409,4,GSM,2022,POINT (47329.20192194238 169067.60404964536),,,Apis,
6831,6831,2022-05-11,p2,Palingbeek,blok,V,Bijen,1,Apis,50.8229822712492,2.91155724786493,3,GSM,2022,POINT (47330.6632587287 169067.71993067488),,,Apis,
6832,6832,2022-05-11,p2,Palingbeek,blok,V,Bijen,1,Apis,50.8228045329924,2.91127871722254,4,GSM,2022,POINT (47310.653502795656 169048.33711721096),,,Apis,
6833,6833,2022-05-11,p2,Palingbeek,blok,V,Bijen,1,Apis,50.8226485038652,2.9115051124272,9,GSM,2022,POINT (47326.26215067478 169030.67084658332),,,Apis,
6834,6834,2022-05-11,p2,Palingbeek,blok,V,Bijen,1,Apis,50.8227132540669,2.91137385182353,4,GSM,2022,POINT (47317.15636233798 169038.0536997905),,,Apis,
6836,6836,2022-05-18,p2,Waarmaarde2,blok,V,Bijen,1,Apis,50.780474119866895,3.468705872077,3,GSM,2022,POINT (86525.80744888453 163716.7313681394),,,Apis,
6837,6837,2022-05-18,p2,Waarmaarde2,blok,V,Bijen,1,Apis,50.7801420288633,3.46898348071004,4,GSM,2022,POINT (86544.93707769405 163679.55558863748),,,Apis,
6838,6838,2022-05-18,p2,Waarmaarde2,sinus,V,Bijen,1,Apis,50.7809888944505,3.47094048746253,8,GSM,2022,POINT (86684.084109572 163772.08364329208),,,Apis,
6840,6840,2022-05-22,p2,Kemmelberg,sinus,V,Bijen,1,Apis,50.7727580750837,2.79637522995732,4,GSM,2022,POINT (39098.220717831005 163647.5519804135),,,Apis,
6842,6842,2022-05-22,p2,Kemmelberg,blok,V,Bijen,1,Apis,50.7774486719172,2.79603861272595,5,GSM,2022,POINT (39085.52820058842 164169.713084938),,,Apis,
6843,6843,2022-05-22,p2,Kemmelberg,blok,V,Bijen,1,Apis,50.7779134903576,2.79706950299702,3,GSM,2022,POINT (39159.314060073986 164219.8685696181),,,Apis,
6844,6844,2022-05-22,p2,Kemmelberg,blok,V,Bijen,1,Apis,50.7784291869505,2.7970184572067,8,GSM,2022,POINT (39156.928333884614 164277.2973103989),,,Apis,
6845,6845,2022-05-22,p2,Kemmelberg,blok,V,Bijen,1,Apis,50.778249353218,2.79682349413893,10,GSM,2022,POINT (39142.75775325834 164257.5882518459),,,Apis,
6846,6846,2022-05-22,p2,Kemmelberg,blok,V,Bijen,1,Apis,50.7773400765774,2.79594969650532,18,GSM,2022,POINT (39079.00263488376 164157.76855726168),,,Apis,
6847,6847,2022-05-22,p2,Kemmelberg,blok,V,Bijen,1,Apis,50.7770545967396,2.79550401494167,21,GSM,2022,POINT (39046.90336818293 164126.68487004843),,,Apis,
6848,6848,2022-05-22,p2,Kemmelberg,blok,V,Bijen,1,Apis,50.7769035548444,2.79575907625518,9,GSM,2022,POINT (39064.53309453877 164109.50600241497),,,Apis,
6849,6849,2022-06-14,p3,Waarmaarde2,sinus,V,Bijen,1,Apis,50.7811591728135,3.47136721015299,4,GSM,2022,POINT (86714.40496263416 163790.66030908749),before,,Apis,
6851,6851,2022-06-18,p3,Kemmelberg,sinus,V,Bijen,1,Apis,50.7731093187358,2.79710043221972,3,GSM,2022,POINT (39150.1891574926 163685.53263226617),before,,Apis,
6852,6852,2022-06-18,p3,Kemmelberg,sinus,V,Bijen,1,Apis,50.7729449496149,2.79717662371955,4,GSM,2022,POINT (39155.17540751626 163667.13884904794),before,,Apis,
6853,6853,2022-06-18,p3,Kemmelberg,sinus,V,Bijen,1,Apis,50.7730424311488,2.79655141756199,5,GSM,2022,POINT (39111.31502645956 163678.9132265225),before,,Apis,
6854,6854,2022-06-18,p3,Kemmelberg,sinus,V,Bijen,1,Apis,50.7727954583715,2.79650498181841,6,GSM,2022,POINT (39107.45893126851 163651.515807271),before,,Apis,
6855,6855,2022-06-18,p3,Kemmelberg,sinus,V,Bijen,1,Apis,50.7729058480363,2.79741710052154,8,GSM,2022,POINT (39172.041959935435 163662.43141369522),before,,Apis,
6859,6859,2022-06-18,p3,Kemmelberg,blok,V,Bijen,1,Apis,50.7770784432541,2.79557383619509,9,GSM,2022,POINT (39051.88294146747 164129.2326444965),before,,Apis,
6860,6860,2022-06-18,p3,Kemmelberg,blok,V,Bijen,1,Apis,50.7770790718968,2.79567467049024,3,GSM,2022,POINT (39058.994683043464 164129.15196038317),before,,Apis,
6866,6866,2022-06-20,p3,Muziekbos,sinus,V,Bijen,1,Apis,50.7684090827133,3.65540916100484,3,GSM,2022,POINT (99679.40483477135 162231.76675246842),before,,Apis,
6867,6867,2022-06-20,p3,Muziekbos,sinus,V,Bijen,1,Apis,50.7687774546321,3.65560141909321,44,GSM,2022,POINT (99693.35987517137 162272.61182814557),before,,Apis,
6874,6874,2022-06-20,p3,Muziekbos,blok,V,Bijen,1,Apis,50.7693416532601,3.65642999299211,3,GSM,2022,POINT (99752.40841181797 162334.80901636276),before,,Apis,
6875,6875,2022-06-20,p3,Muziekbos,blok,V,Bijen,1,Apis,50.7693592133473,3.65642823279244,8,GSM,2022,POINT (99752.30297091206 162336.76347352937),before,,Apis,
6876,6876,2022-06-20,p3,Muziekbos,blok,V,Bijen,1,Apis,50.7695268933202,3.65612271242184,36,GSM,2022,POINT (99730.93087731268 162355.62167396117),before,,Apis,
6877,6877,2022-06-21,p3,Palingbeek,sinus,V,Bijen,1,Apis,50.8205827838283,2.91494756005975,4,GSM,2022,POINT (47564.2800896128 168796.17194633838),before,,Apis,
6879,6879,2022-08-02,p4,Waarmaarde,blok,V,Bijen,1,Apis,50.7933294447611,3.49240511656132,3,GSM,2022,POINT (88213.94222874491 165126.66756967735),after,Waarmaarde_blok_2022_06,Apis,19.240785837648275
6880,6880,2022-08-02,p4,Waarmaarde2,sinus,V,Bijen,1,Apis,50.781156448694894,3.47102078609491,5,GSM,2022,POINT (86689.97186786121 163790.65239605028),after,,Apis,
6881,6881,2022-08-02,p4,Waarmaarde2,sinus,V,Bijen,1,Apis,50.781159969094,3.47128892317737,17,GSM,2022,POINT (86708.8853230373 163790.81555669382),after,,Apis,
6886,6886,2022-08-05,p4,Palingbeek,sinus,V,Bijen,1,Apis,50.8201485593345,2.91470247321102,5,GSM,2022,POINT (47546.06796583824 168748.2160828244),after,Palingbeek_sinus_2022_06,Apis,8.956533217694526
6887,6887,2022-08-05,p4,Palingbeek,sinus,V,Bijen,1,Apis,50.8203174127739,2.91500329971584,3,GSM,2022,POINT (47567.629380282335 168766.58088239562),after,Palingbeek_sinus_2022_06,Apis,0.13506009165775318
6888,6888,2022-08-05,p4,Palingbeek,sinus,V,Bijen,1,Apis,50.820384635637296,2.91505786590549,3,GSM,2022,POINT (47571.619992264255 168773.98207831103),after,Palingbeek_sinus_2022_06,Apis,-4.205193416313745
6889,6889,2022-08-05,p4,Palingbeek,sinus,V,Bijen,1,Apis,50.8203861443799,2.9150779824731,3,GSM,2022,POINT (47573.04052379276 168774.12214158475),after,Palingbeek_sinus_2022_06,Apis,-5.632406420025622
6890,6890,2022-08-05,p4,Palingbeek,sinus,V,Bijen,1,Apis,50.820460952866,2.91508401744339,4,GSM,2022,POINT (47573.628529191876 168782.43391790893),after,Palingbeek_sinus_2022_06,Apis,-5.009758498618595
6891,6891,2022-08-05,p4,Palingbeek,sinus,V,Bijen,1,Apis,50.820460952866,2.91508401744339,4,GSM,2022,POINT (47573.628529191876 168782.43391790893),after,Palingbeek_sinus_2022_06,Apis,-5.009758498618595
6892,6892,2022-08-05,p4,Palingbeek,sinus,V,Bijen,1,Apis,50.820566103841,2.91516699828478,3,GSM,2022,POINT (47579.70352860447 168794.0142554203),after,Palingbeek_sinus_2022_06,Apis,1.5136236333938373
6893,6893,2022-08-05,p4,Palingbeek,sinus,V,Bijen,1,Apis,50.8205837896567,2.91515308432552,3,GSM,2022,POINT (47578.761763319344 168796.00043120142),after,Palingbeek_sinus_2022_06,Apis,2.392357053719044
6894,6894,2022-08-05,p4,Palingbeek,sinus,V,Bijen,1,Apis,50.820584627847,2.91514101438495,3,GSM,2022,POINT (47577.913242753886 168796.11029481236),after,Palingbeek_sinus_2022_06,Apis,2.957752383429955
6895,6895,2022-08-05,p4,Palingbeek,blok,V,Bijen,1,Apis,50.8225604100629,2.91140897199782,4,GSM,2022,POINT (47319.296987462294 169021.00606107153),after,Palingbeek_blok_2022_06,Apis,6.446241187846594
6896,6896,2022-08-05,p4,Palingbeek,blok,V,Bijen,1,Apis,50.822709817486896,2.91176428087326,4,GSM,2022,POINT (47344.653890231595 169037.13188965712),after,Palingbeek_blok_2022_06,Apis,10.05708546998536
6897,6897,2022-08-05,p4,Palingbeek,blok,V,Bijen,1,Apis,50.8227435127377,2.9117574915317,4,GSM,2022,POINT (47344.249103627895 169040.88881041482),after,Palingbeek_blok_2022_06,Apis,6.936378994872879
6898,6898,2022-08-06,p4,Muziekbos,sinus,V,Bijen,1,Apis,50.7681869622796,3.6552742961828097,4,GSM,2022,POINT (99669.6543000179 162207.15088402946),after,Muziekbos_sinus_2022_06,Apis,-8.42371953626434
6899,6899,2022-08-06,p4,Muziekbos,sinus,V,Bijen,1,Apis,50.7681436278398,3.6554149445180304,4,GSM,2022,POINT (99679.52939722376 162202.2354164496),after,Muziekbos_sinus_2022_06,Apis,10.672205132578204
6900,6900,2022-08-06,p4,Muziekbos,sinus,V,Bijen,1,Apis,50.7683956716685,3.65550060756844,4,GSM,2022,POINT (99685.84114733564 162230.21308767796),after,Muziekbos_sinus_2022_06,Apis,-2.279620358164389
6901,6901,2022-08-06,p4,Muziekbos,sinus,V,Bijen,1,Apis,50.7683983119677,3.65532928146762,3,GSM,2022,POINT (99673.75864211109 162230.62277247757),after,Muziekbos_sinus_2022_06,Apis,9.562521103855428
6902,6902,2022-08-06,p4,Muziekbos,sinus,V,Bijen,1,Apis,50.7686765492435,3.6554822512005,4,GSM,2022,POINT (99684.84613428946 162261.46845498774),after,Muziekbos_sinus_2022_06,Apis,-0.8275013847868317
6906,6906,2022-08-06,p4,Muziekbos,blok,V,Bijen,1,Apis,50.769524378749296,3.6560009233687505,3,GSM,2022,POINT (99722.3374140932 162355.424349783),after,Muziekbos_blok_2022_06,Apis,-0.7135901053734954
6907,6907,2022-08-06,p4,Muziekbos,blok,V,Bijen,1,Apis,50.769310849766,3.65652185865087,9,GSM,2022,POINT (99758.85564058085 162331.32053739764),after,Muziekbos_blok_2022_06,Apis,4.829668715369554
6908,6908,2022-08-06,p4,Muziekbos,blok,V,Bijen,1,Apis,50.7693147892605,3.656495790932,5,GSM,2022,POINT (99757.02106154079 162331.7763621332),after,Muziekbos_blok_2022_06,Apis,-5.082141911628633
6909,6909,2022-08-10,p4,Kemmelberg,sinus,V,Bijen,1,Apis,50.7729185885291,2.79615956358872,3,GSM,2022,POINT (39083.38972171956 163665.7252598526),after,Kemmelberg_sinus_2022_06,Apis,-7.160497491499253
6912,6912,2022-08-29,p5,Kemmelberg,sinus,V,Bijen,1,Apis,50.7728230348332,2.79635201208553,4,GSM,2022,POINT (39096.736319679505 163654.81105228886),,Kemmelberg_sinus_2022_06,Apis,5.1334367735812965
6914,6914,2022-08-31,p5,Muziekbos,sinus,V,Bijen,1,Apis,50.7685367406526,3.65521157160484,73,GSM,2022,POINT (99665.60323376502 162246.1003627088),,Muziekbos_sinus_2022_06,Apis,3.1214442853124305
6915,6915,2022-09-21,p6,Muziekbos,sinus,V,Bijen,1,Apis,50.7687929738788,3.65494379774076,13,GSM,2022,POINT (99646.98829354969 162274.78341028187),,Muziekbos_sinus_2022_06,Apis,17.762349160698122
6916,6916,2022-09-21,p6,Muziekbos,blok,V,Bijen,1,Apis,50.7695135241847,3.65599111654204,10,GSM,2022,POINT (99721.63407891904 162354.22359442245),,Muziekbos_blok_2022_06,Apis,-2.105065777982833
6917,6917,2022-09-21,p6,Muziekbos,blok,V,Bijen,1,Apis,50.7695310081139,3.65597560942171,4,GSM,2022,POINT (99720.55888580706 162356.17888064403),,Muziekbos_blok_2022_06,Apis,-0.9379986674805022
6920,6920,2022-05-11,p2,Palingbeek,sinus,V,Dagvlinders,1,Araschnia,50.8213849319618,2.91349413804981,5,GSM,2022,POINT (47463.63230848986 168887.39089753293),,,Butterflies,
6921,6921,2022-05-11,p2,Palingbeek,sinus,V,Dagvlinders,1,Araschnia,50.8215314476292,2.91336019523713,58,GSM,2022,POINT (47454.5152971012 168903.87105332967),,,Butterflies,
6923,6923,2022-08-31,p5,Muziekbos,blok,V,Dagvlinders,1,Araschnia,50.7694639033179,3.65619546734137,3,GSM,2022,POINT (99735.99570261364 162348.56587977335),,Muziekbos_blok_2022_06,Butterflies,-0.09433015859554642
6924,6924,2022-06-14,p3,Waarmaarde2,sinus,V,Dagvlinders,1,Aricia,50.7812351128559,3.47095272504116,3,GSM,2022,POINT (86685.27800041075 163799.46025244799),before,,Butterflies,
6925,6925,2022-06-14,p3,Waarmaarde2,sinus,V,Dagvlinders,1,Aricia,50.7813449996064,3.47118163481677,54,GSM,2022,POINT (86701.56807893387 163811.48801131267),before,,Butterflies,
6929,6929,2022-08-02,p4,Waarmaarde,sinus,V,Dagvlinders,1,Aricia,50.7942066947471,3.49434234202233,12,GSM,2022,POINT (88351.66660702914 165222.63640143443),after,Waarmaarde_sinus_2022_06,Butterflies,-1.7039677769009551
6930,6930,2022-08-02,p4,Waarmaarde,sinus,V,Dagvlinders,1,Aricia,50.7944810527309,3.49436618160313,35,GSM,2022,POINT (88353.70639197787 165253.1338640703),after,Waarmaarde_sinus_2022_06,Butterflies,24.48100791104574
6931,6931,2022-08-02,p4,Waarmaarde,blok,V,Dagvlinders,1,Aricia,50.7933174167301,3.49241106771257,3,GSM,2022,POINT (88214.34601156655 165125.32472681068),after,Waarmaarde_blok_2022_06,Butterflies,17.868600543323698
6937,6937,2022-08-02,p4,Waarmaarde2,sinus,V,Dagvlinders,1,Aricia,50.7813630626081,3.4714444074812,4,GSM,2022,POINT (86720.12270077139 163813.2733656466),after,,Butterflies,
6938,6938,2022-08-02,p4,Waarmaarde2,sinus,V,Dagvlinders,1,Aricia,50.7813998172535,3.47140023485149,4,GSM,2022,POINT (86717.05708221914 163817.39922736865),after,,Butterflies,
6939,6939,2022-08-02,p4,Waarmaarde2,sinus,V,Dagvlinders,1,Aricia,50.78149185055,3.4709538985076,3,GSM,2022,POINT (86685.7057963757 163828.01635823678),after,,Butterflies,
6941,6941,2022-08-06,p4,Muziekbos,sinus,V,Dagvlinders,1,Aricia,50.7684910996358,3.65521361120385,3,GSM,2022,POINT (99665.69836523791 162241.0221805526),after,Muziekbos_sinus_2022_06,Butterflies,4.805009666660047
6942,6942,2022-08-06,p4,Muziekbos,sinus,V,Dagvlinders,1,Aricia,50.7685395601334,3.6557164953814305,51,GSM,2022,POINT (99701.2234041173 162246.0721509438),after,Muziekbos_sinus_2022_06,Butterflies,11.668829532984173
6943,6943,2022-08-06,p4,Muziekbos,sinus,V,Dagvlinders,1,Aricia,50.768807055475904,3.6554632242803,4,GSM,2022,POINT (99683.6433074924 162275.9979760386),after,Muziekbos_sinus_2022_06,Butterflies,9.81301017236945
6947,6947,2022-08-06,p4,Muziekbos,blok,V,Dagvlinders,1,Aricia,50.7692462672024,3.65644440986556,4,GSM,2022,POINT (99753.32366689589 162324.18916001264),after,Muziekbos_blok_2022_06,Butterflies,1.6658136186173025
6948,6948,2022-08-06,p4,Muziekbos,blok,V,Dagvlinders,1,Aricia,50.7693134062464,3.6564133968238304,3,GSM,2022,POINT (99751.20762836136 162331.67822697293),after,Muziekbos_blok_2022_06,Butterflies,-4.02313081982105
6954,6954,2022-08-10,p4,Kemmelberg,sinus,V,Dagvlinders,1,Aricia,50.773156131665,2.79744811356328,3,GSM,2022,POINT (39174.8178882779 163690.22010232974),after,Kemmelberg_sinus_2022_06,Butterflies,-1.4889033536247884
6955,6955,2022-08-10,p4,Kemmelberg,sinus,V,Dagvlinders,1,Aricia,50.7733046589892,2.79766738415024,3,GSM,2022,POINT (39190.63030728718 163706.41126215737),after,Kemmelberg_sinus_2022_06,Butterflies,1.570361523094104
6956,6956,2022-08-10,p4,Kemmelberg,sinus,V,Dagvlinders,1,Aricia,50.77327691489,2.79786871746443,4,GSM,2022,POINT (39204.76307471006 163703.02542975172),after,Kemmelberg_sinus_2022_06,Butterflies,3.9611326856563194
6957,6957,2022-08-10,p4,Kemmelberg,sinus,V,Dagvlinders,1,Aricia,50.773028014275,2.7971532382097,3,GSM,2022,POINT (39153.72172104771 163676.41166842822),after,Kemmelberg_sinus_2022_06,Butterflies,-2.952955676262353
6958,6958,2022-08-10,p4,Kemmelberg,sinus,V,Dagvlinders,1,Aricia,50.7731956104292,2.79720948077998,4,GSM,2022,POINT (39158.0823521189 163694.96672566794),after,Kemmelberg_sinus_2022_06,Butterflies,18.85845462620521
6959,6959,2022-08-10,p4,Kemmelberg,sinus,V,Dagvlinders,1,Aricia,50.7727445802196,2.79742841609082,4,GSM,2022,POINT (39172.46050316628 163644.47934867535),after,Kemmelberg_sinus_2022_06,Butterflies,-1.5542455814095082
6960,6960,2022-08-10,p4,Kemmelberg,sinus,V,Dagvlinders,1,Aricia,50.7727426523818,2.79734082520268,4,GSM,2022,POINT (39166.27898423506 163644.39563094825),after,Kemmelberg_sinus_2022_06,Butterflies,-3.6261548112525244
6961,6961,2022-08-10,p4,Kemmelberg,sinus,V,Dagvlinders,1,Aricia,50.7727260562132,2.79710562899969,3,GSM,2022,POINT (39149.65369496055 163642.90085552726),after,Kemmelberg_sinus_2022_06,Butterflies,-3.104317107645323
6962,6962,2022-08-24,p5,Palingbeek,sinus,V,Dagvlinders,1,Aricia,50.8209799603101,2.91458847932788,3,GSM,2022,POINT (47539.8471350162 168840.84057476278),,Palingbeek_sinus_2022_06,Butterflies,2.791815463644702
6963,6963,2022-08-24,p5,Palingbeek,sinus,V,Dagvlinders,1,Aricia,50.8209287049722,2.91456274688515,21,GSM,2022,POINT (47537.922657944495 168835.17551808432),,Palingbeek_sinus_2022_06,Butterflies,0.2290913447073204
6964,6964,2022-08-24,p5,Palingbeek,sinus,V,Dagvlinders,1,Aricia,50.8211342292379,2.91523028165373,26,GSM,2022,POINT (47585.3984162751 168857.1131457314),,Palingbeek_sinus_2022_06,Butterflies,51.15865544568104
6965,6965,2022-08-24,p5,Palingbeek,sinus,V,Dagvlinders,1,Aricia,50.8206841210376,2.91503607295725,4,GSM,2022,POINT (47570.73653425563 168807.32048373017),,Palingbeek_sinus_2022_06,Butterflies,-0.04706839828501305
6966,6966,2022-08-24,p5,Palingbeek,sinus,V,Dagvlinders,1,Aricia,50.8204653533648,2.915064487609,5,GSM,2022,POINT (47572.26219871403 168782.9502632143),,Palingbeek_sinus_2022_06,Butterflies,-3.604203048417892
6967,6967,2022-08-24,p5,Palingbeek,sinus,V,Dagvlinders,1,Aricia,50.8207929181408,2.91416871361705,5,GSM,2022,POINT (47509.8669030326 168820.61704943888),,Palingbeek_sinus_2022_06,Butterflies,4.905499468779753
6968,6968,2022-08-24,p5,Palingbeek,sinus,V,Dagvlinders,1,Aricia,50.8209671359985,2.91326279752227,4,GSM,2022,POINT (47446.42378447064 168841.24355532508),,Palingbeek_sinus_2022_06,Butterflies,0.985521198979202
6969,6969,2022-08-24,p5,Palingbeek,sinus,V,Dagvlinders,1,Aricia,50.8211137773945,2.91298912838372,10,GSM,2022,POINT (47427.46320732379 168857.93064266723),,Palingbeek_sinus_2022_06,Butterflies,-8.995385678641615
6970,6970,2022-08-24,p5,Palingbeek,blok,V,Dagvlinders,1,Aricia,50.8228728035938,2.91151659563454,9,GSM,2022,POINT (47327.560541741506 169055.60127619095),,Palingbeek_blok_2022_06,Butterflies,-14.887898676856047
6971,6971,2022-08-24,p5,Palingbeek,blok,V,Dagvlinders,1,Aricia,50.8227456920325,2.91139078326794,4,GSM,2022,POINT (47318.41993738785 169041.6380012557),,Palingbeek_blok_2022_06,Butterflies,-10.052215379807219
6973,6973,2022-08-25,p5,Waarmaarde,sinus,V,Dagvlinders,1,Aricia,50.794556909887,3.49473924188507,37,GSM,2022,POINT (88380.10608236022 165261.26214932278),,Waarmaarde_sinus_2022_06,Butterflies,45.148425205680255
6974,6974,2022-08-25,p5,Waarmaarde,sinus,V,Dagvlinders,1,Aricia,50.793755790266,3.49431015551415,3,GSM,2022,POINT (88348.80724948473 165172.5083442824),,Waarmaarde_sinus_2022_06,Butterflies,10.913553817777283
6975,6975,2022-08-25,p5,Waarmaarde,sinus,V,Dagvlinders,1,Aricia,50.7945977852719,3.494302540664,39,GSM,2022,POINT (88349.37255921967 165266.170993221),,Waarmaarde_sinus_2022_06,Butterflies,35.97306829785354
6976,6976,2022-08-25,p5,Waarmaarde,blok,V,Dagvlinders,1,Aricia,50.7930848189174,3.49224451929656,4,GSM,2022,POINT (88202.29901453058 165099.59103962127),,Waarmaarde_blok_2022_06,Butterflies,0.3171013163286801
6978,6978,2022-08-25,p5,Waarmaarde2,sinus,V,Dagvlinders,1,Aricia,50.7810338214512,3.47096119076336,3,GSM,2022,POINT (86685.60446771208 163777.0632627951),,,Butterflies,
6986,6986,2022-08-29,p5,Kemmelberg,sinus,V,Dagvlinders,1,Aricia,50.7731252862613,2.79744484462104,3,GSM,2022,POINT (39174.51478817982 163686.7945490172),,Kemmelberg_sinus_2022_06,Butterflies,-0.37557386128819437
6987,6987,2022-08-29,p5,Kemmelberg,sinus,V,Dagvlinders,1,Aricia,50.772917874400704,2.79682734902788,43,GSM,2022,POINT (39130.48064323318 163664.6489527654),,Kemmelberg_sinus_2022_06,Butterflies,12.373169306117399
6988,6988,2022-08-29,p5,Kemmelberg,sinus,V,Dagvlinders,1,Aricia,50.773059865507,2.79697570950053,3,GSM,2022,POINT (39141.27728678919 163680.21888226084),,Kemmelberg_sinus_2022_06,Butterflies,-5.792969928251584
6989,6989,2022-08-29,p5,Kemmelberg,sinus,V,Dagvlinders,1,Aricia,50.7732123323257,2.79784013517461,4,GSM,2022,POINT (39202.59553754692 163695.88559637405),,Kemmelberg_sinus_2022_06,Butterflies,9.984690616090788
6990,6990,2022-08-29,p5,Kemmelberg,sinus,V,Dagvlinders,1,Aricia,50.7731860969688,2.79783267528079,7,GSM,2022,POINT (39202.00775301311 163692.97899263352),,Kemmelberg_sinus_2022_06,Butterflies,10.68842839827412
6991,6991,2022-08-29,p5,Kemmelberg,sinus,V,Dagvlinders,1,Aricia,50.7730567222934,2.79800416901968,3,GSM,2022,POINT (39213.797237081744 163678.33498259913),,Kemmelberg_sinus_2022_06,Butterflies,-4.0075642486827485
6992,6992,2022-08-29,p5,Kemmelberg,sinus,V,Dagvlinders,1,Aricia,50.7729361486162,2.79774449765942,5,GSM,2022,POINT (39195.2014805732 163665.31284382753),,Kemmelberg_sinus_2022_06,Butterflies,8.482161694679762
6993,6993,2022-08-29,p5,Kemmelberg,sinus,V,Dagvlinders,1,Aricia,50.7727858610924,2.79751852154992,3,GSM,2022,POINT (39178.91193750111 163648.93591710273),,Kemmelberg_sinus_2022_06,Butterflies,4.650577008231454
6994,6994,2022-08-29,p5,Kemmelberg,sinus,V,Dagvlinders,1,Aricia,50.7726294128697,2.79625469818971,7,GSM,2022,POINT (39089.417773812835 163633.422944773),,Kemmelberg_sinus_2022_06,Butterflies,4.879668562084734
6999,6999,2022-08-29,p5,Kemmelberg,blok,V,Dagvlinders,1,Aricia,50.7771980530123,2.79608664103112,10,GSM,2022,POINT (39088.324686554 164141.7691093022),,Kemmelberg_blok_2022_06,Butterflies,-5.375684968127537
7000,7000,2022-08-29,p5,Kemmelberg,blok,V,Dagvlinders,1,Aricia,50.7770675886898,2.79614782892428,5,GSM,2022,POINT (39092.3320859932 164127.16832853388),,Kemmelberg_blok_2022_06,Butterflies,14.717812931191288
7001,7001,2022-08-29,p5,Kemmelberg,blok,V,Dagvlinders,1,Aricia,50.776847438002704,2.79545271769426,3,GSM,2022,POINT (39042.79815144652 164103.72259955015),,Kemmelberg_blok_2022_06,Butterflies,64.76176496446848
7002,7002,2022-08-29,p5,Kemmelberg,blok,V,Dagvlinders,1,Aricia,50.7771527907352,2.79503496364019,4,GSM,2022,POINT (39014.05991260808 164138.3060822105),,Kemmelberg_blok_2022_06,Butterflies,61.514921982125635
7003,7003,2022-08-29,p5,Kemmelberg,blok,V,Dagvlinders,1,Aricia,50.7771245437215,2.79522598721347,6,GSM,2022,POINT (39027.463231080575 164134.87924095057),,Kemmelberg_blok_2022_06,Butterflies,-54.01019648646853
7004,7004,2022-08-29,p5,Kemmelberg,blok,V,Dagvlinders,1,Aricia,50.7771203946798,2.79535749927423,4,GSM,2022,POINT (39036.72692853166 164134.2213537041),,Kemmelberg_blok_2022_06,Butterflies,-47.79080259660912
7009,7009,2022-08-31,p5,Muziekbos,sinus,V,Dagvlinders,1,Aricia,50.7684506988628,3.65540815517646,4,GSM,2022,POINT (99679.37831456523 162236.3965350855),,Muziekbos_sinus_2022_06,Butterflies,3.2506001611369246
7010,7010,2022-08-31,p5,Muziekbos,sinus,V,Dagvlinders,1,Aricia,50.7685137907767,3.65546951332803,4,GSM,2022,POINT (99683.77386006535 162243.3729161471),,Muziekbos_sinus_2022_06,Butterflies,2.4680671329643364
7011,7011,2022-08-31,p5,Muziekbos,sinus,V,Dagvlinders,1,Aricia,50.7686682930689,3.6555166170035,3,GSM,2022,POINT (99687.26146661161 162260.52682905085),,Muziekbos_sinus_2022_06,Butterflies,2.6639142193303873
7012,7012,2022-08-31,p5,Muziekbos,sinus,V,Dagvlinders,1,Aricia,50.768720302778,3.65555609576744,3,GSM,2022,POINT (99690.10179400886 162266.28531687427),,Muziekbos_sinus_2022_06,Butterflies,8.15231547029215
7013,7013,2022-08-31,p5,Muziekbos,sinus,V,Dagvlinders,1,Aricia,50.7687269663911,3.65545467473906,3,GSM,2022,POINT (99682.95472883442 162267.09519009385),,Muziekbos_sinus_2022_06,Butterflies,-4.18547184187843
7014,7014,2022-08-31,p5,Muziekbos,sinus,V,Dagvlinders,1,Aricia,50.7686086558278,3.65508335642856,37,GSM,2022,POINT (99656.63579071398 162254.1865647426),,Muziekbos_sinus_2022_06,Butterflies,-2.3139761615689123
7021,7021,2022-08-31,p5,Muziekbos,blok,V,Dagvlinders,1,Aricia,50.7691693970391,3.6563465724270094,4,GSM,2022,POINT (99746.34038736174 162315.7047834862),,Muziekbos_blok_2022_06,Butterflies,12.316095905756459
7022,7022,2022-08-31,p5,Muziekbos,blok,V,Dagvlinders,1,Aricia,50.7692758972298,3.65631457418543,3,GSM,2022,POINT (99744.19683030772 162327.57279094495),,Muziekbos_blok_2022_06,Butterflies,2.387556107150975
7023,7023,2022-08-31,p5,Muziekbos,blok,V,Dagvlinders,1,Aricia,50.7694821339576,3.65600285120648,5,GSM,2022,POINT (99722.42833597337 162350.7240164494),,Muziekbos_blok_2022_06,Butterflies,-4.753117099101513
7024,7024,2022-08-31,p5,Muziekbos,blok,V,Dagvlinders,1,Aricia,50.769472033764,3.6560206208412094,6,GSM,2022,POINT (99723.67100119713 162349.5885176994),,Muziekbos_blok_2022_06,Butterflies,-5.124929614219924
7025,7025,2022-08-31,p5,Muziekbos,blok,V,Dagvlinders,1,Aricia,50.7693758933346,3.65602363832635,35,GSM,2022,POINT (99723.7812952922 162338.89245579205),,Muziekbos_blok_2022_06,Butterflies,2.636384921323532
7026,7026,2022-08-31,p5,Muziekbos,blok,V,Dagvlinders,1,Aricia,50.7695036997858,3.65634798745413,62,GSM,2022,POINT (99746.79664382397 162352.8894373132),,Muziekbos_blok_2022_06,Butterflies,8.54509457548249
7034,7034,2022-09-23,p6,Waarmaarde2,sinus,V,Dagvlinders,1,Aricia,50.7815490989487,3.47116570920075,3,GSM,2022,POINT (86700.7192629916 163834.2036851896),,,Butterflies,
7035,7035,2022-09-23,p6,Waarmaarde2,sinus,V,Dagvlinders,1,Aricia,50.7811770262672,3.47088382579709,4,GSM,2022,POINT (86680.34123946037 163793.05795063358),,,Butterflies,
7036,7036,2022-09-30,p6,Waarmaarde,sinus,V,Dagvlinders,1,Aricia,50.7948270870207,3.49467038580827,41,GSM,2022,POINT (88375.60530201712 165291.37145088706),,Waarmaarde_sinus_2022_06,Butterflies,68.33122504870796
7037,7037,2022-04-12,p1,Palingbeek,blok,V,Bijen,1,Bombus,50.8226072649016,2.91227331385287,4,GSM,2022,POINT (47380.29070414294 169025.0228334209),,,Bombus,
7041,7041,2022-04-12,p1,Kemmelberg,blok,V,Bijen,1,Bombus,50.7770489389552,2.79558263719342,4,GSM,2022,POINT (39052.43403723797 164125.93821700476),,,Bombus,
7042,7042,2022-04-12,p1,Kemmelberg,blok,V,Bijen,1,Bombus,50.7781820046257,2.79722942970953,5,GSM,2022,POINT (39171.22283898367 164249.49244269077),,,Bombus,
7044,7044,2022-05-11,p2,Palingbeek,sinus,V,Bijen,1,Bombus,50.8205878967892,2.91430525481972,5,GSM,2022,POINT (47519.03988811445 168797.62648763973),,,Bombus,
7045,7045,2022-05-11,p2,Palingbeek,blok,V,Bijen,1,Bombus,50.8225291874733,2.91154123842987,13,GSM,2022,POINT (47328.54682398074 169017.35071543045),,,Bombus,
7047,7047,2022-05-14,p2,Muziekbos,sinus,V,Bijen,1,Bombus,50.7682965975727,3.65520170890135,3,GSM,2022,POINT (99664.65106276574 162219.39513583574),,,Bombus,
7048,7048,2022-05-14,p2,Muziekbos,sinus,V,Bijen,1,Bombus,50.7684230385821,3.65535032004458,18,GSM,2022,POINT (99675.26910203579 162233.35894976463),,,Bombus,
7049,7049,2022-05-14,p2,Muziekbos,sinus,V,Bijen,1,Bombus,50.7684729109062,3.6551872920278896,5,GSM,2022,POINT (99663.82239234287 162239.01681279112),,,Bombus,
7050,7050,2022-05-14,p2,Muziekbos,sinus,V,Bijen,1,Bombus,50.7686625514652,3.65523892455143,12,GSM,2022,POINT (99667.66705354246 162260.07619072217),,,Bombus,
7052,7052,2022-05-22,p2,Kemmelberg,sinus,V,Bijen,1,Bombus,50.7726032613318,2.7963881380882,4,GSM,2022,POINT (39098.76651622281 163630.3153124191),,,Bombus,
7053,7053,2022-05-22,p2,Kemmelberg,sinus,V,Bijen,1,Bombus,50.77300789770769,2.79764978215358,5,GSM,2022,POINT (39188.69088075739 163673.43360839225),,,Bombus,
7057,7057,2022-05-22,p2,Kemmelberg,blok,V,Bijen,1,Bombus,50.7783119241248,2.79713437892757,4,GSM,2022,POINT (39164.82629023724 164264.08309958223),,,Bombus,
7058,7058,2022-05-22,p2,Kemmelberg,blok,V,Bijen,1,Bombus,50.7772490149836,2.79570031911395,5,GSM,2022,POINT (39061.20356737013 164148.01365821715),,,Bombus,
7059,7059,2022-05-22,p2,Kemmelberg,blok,V,Bijen,1,Bombus,50.7772040460734,2.79550309293232,4,GSM,2022,POINT (39047.19041510715 164143.30706255883),,,Bombus,
7060,7060,2022-06-14,p3,Waarmaarde2,sinus,V,Bijen,1,Bombus,50.7811737992342,3.4709953889283,4,GSM,2022,POINT (86688.20420556975 163792.6039464837),before,,Bombus,
7063,7063,2022-08-06,p4,Muziekbos,sinus,V,Bijen,1,Bombus,50.7687121304224,3.65532039665026,3,GSM,2022,POINT (99673.46699248694 162265.5358515121),after,Muziekbos_sinus_2022_06,Bombus,3.7480330732668174
7064,7064,2022-08-06,p4,Muziekbos,sinus,V,Bijen,1,Bombus,50.768731995533,3.65529625676912,3,GSM,2022,POINT (99671.78539136982 162267.76185957994),after,Muziekbos_sinus_2022_06,Bombus,4.020330014593135
7066,7066,2022-09-23,p6,Waarmaarde2,blok,V,Bijen,1,Bombus,50.7804463338582,3.46877259202624,4,GSM,2022,POINT (86530.47509705432 163713.58372354042),,,Bombus,
7067,7067,2022-09-30,p6,Waarmaarde,blok,V,Bijen,1,Bombus,50.7934893714737,3.49227972328988,3,GSM,2022,POINT (88205.3117188722 165144.56070915982),,Waarmaarde_blok_2022_06,Bombus,39.0816846586642
7068,7068,2022-04-12,p1,Palingbeek,blok,V,Bijen,1,Bombus,50.8222581586342,2.91203208267959,34,GSM,2022,POINT (47362.534885407615 168986.5289872447),,,Bombus,
7069,7069,2022-04-12,p1,Palingbeek,blok,V,Bijen,1,Bombus,50.82226871983249,2.91183929890665,6,GSM,2022,POINT (47348.97652145913 168987.96996414568),,,Bombus,
7074,7074,2022-04-12,p1,Palingbeek,sinus,V,Bijen,1,Bombus,50.8211805392533,2.91362648830089,6,GSM,2022,POINT (47472.51107845937 168864.47595211398),,,Bombus,
7075,7075,2022-04-23,p1,Waarmaarde2,sinus,V,Bijen,1,Bombus,50.7813924411787,3.47129546106185,8,GSM,2022,POINT (86709.65868094457 163816.66801468842),,,Bombus,
7078,7078,2022-05-14,p2,Muziekbos,blok,V,Bijen,1,Bombus,50.7694412721793,3.6558184493367105,17,GSM,2022,POINT (99709.37734724881 162346.30358338356),,,Bombus,
7088,7088,2022-06-20,p3,Muziekbos,sinus,V,Bijen,1,Bombus,50.7682344038512,3.65545425564391,3,GSM,2022,POINT (99682.39932383341 162212.30611630902),before,,Bombus,
7089,7089,2022-06-20,p3,Muziekbos,sinus,V,Bijen,1,Bombus,50.76831985735431,3.65538669750434,4,GSM,2022,POINT (99677.7249995049 162221.85713076591),before,,Bombus,
7090,7090,2022-06-20,p3,Muziekbos,sinus,V,Bijen,1,Bombus,50.7683665026452,3.65549465641719,12,GSM,2022,POINT (99685.39021572535 162226.97254971508),before,,Bombus,
7091,7091,2022-06-20,p3,Muziekbos,sinus,V,Bijen,1,Bombus,50.76855911878,3.65565961227161,14,GSM,2022,POINT (99697.23176199343 162248.28622146696),before,,Bombus,
7092,7092,2022-06-20,p3,Muziekbos,sinus,V,Bijen,1,Bombus,50.7687774546321,3.65560141909321,44,GSM,2022,POINT (99693.35987517137 162272.61182814557),before,,Bombus,
7093,7093,2022-06-20,p3,Muziekbos,sinus,V,Bijen,1,Bombus,50.7687774546321,3.65560141909321,44,GSM,2022,POINT (99693.35987517137 162272.61182814557),before,,Bombus,
7094,7094,2022-06-20,p3,Muziekbos,sinus,V,Bijen,1,Bombus,50.7687774546321,3.65560141909321,44,GSM,2022,POINT (99693.35987517137 162272.61182814557),before,,Bombus,
7095,7095,2022-06-20,p3,Muziekbos,sinus,V,Bijen,1,Bombus,50.7687774546321,3.65560141909321,44,GSM,2022,POINT (99693.35987517137 162272.61182814557),before,,Bombus,
7096,7096,2022-06-20,p3,Muziekbos,sinus,V,Bijen,1,Bombus,50.7687774546321,3.65560141909321,44,GSM,2022,POINT (99693.35987517137 162272.61182814557),before,,Bombus,
7097,7097,2022-06-20,p3,Muziekbos,sinus,V,Bijen,1,Bombus,50.7687774546321,3.65560141909321,44,GSM,2022,POINT (99693.35987517137 162272.61182814557),before,,Bombus,
7098,7098,2022-06-20,p3,Muziekbos,sinus,V,Bijen,1,Bombus,50.7684901357169,3.6551597993854896,3,GSM,2022,POINT (99661.90146379193 162240.95140533242),before,,Bombus,
7104,7104,2022-06-20,p3,Muziekbos,blok,V,Bijen,1,Bombus,50.7691544434528,3.65635816008193,4,GSM,2022,POINT (99747.14182226826 162314.03361130785),before,,Bombus,
7105,7105,2022-06-20,p3,Muziekbos,blok,V,Bijen,1,Bombus,50.769159388776,3.65637551062149,4,GSM,2022,POINT (99748.3709804865 162314.5719648637),before,,Bombus,
7106,7106,2022-06-20,p3,Muziekbos,blok,V,Bijen,1,Bombus,50.7693398092414,3.6564115528051295,3,GSM,2022,POINT (99751.1057030441 162334.61636698525),before,,Bombus,
7107,7107,2022-06-21,p3,Palingbeek,sinus,V,Bijen,1,Bombus,50.8215341717481,2.91375657543811,4,GSM,2022,POINT (47482.446221383216 168903.62693707924),before,,Bombus,
7108,7108,2022-06-21,p3,Palingbeek,sinus,V,Bijen,1,Bombus,50.8207137723981,2.91499202790744,62,GSM,2022,POINT (47567.69804736003 168810.6789993951),before,,Bombus,
7110,7110,2022-06-14,p3,Waarmaarde2,sinus,V,Bijen,1,Bombus,50.781573657925,3.47118205391193,3,GSM,2022,POINT (86701.90486187284 163836.9214737881),before,,Bombus,
7111,7111,2022-06-14,p3,Waarmaarde,blok,V,Bijen,1,Bombus,50.7930900995164,3.49256445654061,4,GSM,2022,POINT (88224.86191549213 165099.912389989),before,,Bombus,
7114,7114,2022-04-15,p1,Muziekbos,blok,V,Bijen,1,Bombus,50.7692433794508,3.65654665945522,12,GSM,2022,POINT (99760.53313434508 162323.79882432427),,,Bombus,
7115,7115,2022-05-11,p2,Palingbeek,blok,V,Bijen,1,Bombus,50.8225646848332,2.91230055503818,3,GSM,2022,POINT (47382.11694233572 169020.24950662255),,,Bombus,
7116,7116,2022-05-11,p2,Palingbeek,blok,V,Bijen,1,Bombus,50.8224604067834,2.91180677623963,4,GSM,2022,POINT (47347.103510868285 169009.33405802026),,,Bombus,
7117,7117,2022-05-14,p2,Muziekbos,sinus,V,Bijen,1,Bombus,50.7684818442128,3.6550955467116495,4,GSM,2022,POINT (99657.36024029859 162240.072633449),,,Bombus,
7118,7118,2022-05-14,p2,Muziekbos,blok,V,Bijen,1,Bombus,50.7692016335677,3.65645388141615,4,GSM,2022,POINT (99753.94419460482 162319.21800863743),,,Bombus,
7121,7121,2022-05-18,p2,Waarmaarde,sinus,V,Bijen,1,Bombus,50.7939287927474,3.49377681501535,3,GSM,2022,POINT (88311.4331988527 165192.1942790514),,,Bombus,
7122,7122,2022-05-18,p2,Waarmaarde,sinus,V,Bijen,1,Bombus,50.7937426306783,3.49420462735322,4,GSM,2022,POINT (88341.35025869182 165171.13214088697),,,Bombus,
7123,7123,2022-05-18,p2,Waarmaarde,sinus,V,Bijen,1,Bombus,50.7940132823314,3.49383448250917,3,GSM,2022,POINT (88315.60941195086 165201.54430619907),,,Bombus,
7125,7125,2022-05-18,p2,Waarmaarde,blok,V,Bijen,1,Bombus,50.7934317039802,3.49233764224079,4,GSM,2022,POINT (88209.31938642813 165138.09811035078),,,Bombus,
7126,7126,2022-05-18,p2,Waarmaarde,blok,V,Bijen,1,Bombus,50.7931471383672,3.49279110320237,9,GSM,2022,POINT (88240.91557902133 165106.0685102651),,,Bombus,
7128,7128,2022-05-18,p2,Waarmaarde2,blok,V,Bijen,1,Bombus,50.7802609680693,3.4691202733698,4,GSM,2022,POINT (86554.74392278276 163692.6684641065),,,Bombus,
7130,7130,2022-05-18,p2,Waarmaarde2,sinus,V,Bijen,1,Bombus,50.7812642818789,3.47115598619307,6,GSM,2022,POINT (86699.6509172946 163802.53157292213),,,Bombus,
7134,7134,2022-05-22,p2,Kemmelberg,sinus,V,Bijen,1,Bombus,50.7730313251271,2.79710018076263,8,GSM,2022,POINT (39149.98787978284 163676.85905371234),,,Bombus,
7135,7135,2022-05-22,p2,Kemmelberg,sinus,V,Bijen,1,Bombus,50.7729729032619,2.79696422629318,4,GSM,2022,POINT (39140.26281813704 163670.56463136617),,,Bombus,
7136,7136,2022-05-22,p2,Kemmelberg,sinus,V,Bijen,1,Bombus,50.7725720387425,2.7964227553483,3,GSM,2022,POINT (39101.13425223935 163626.79125471972),,,Bombus,
7137,7137,2022-05-22,p2,Kemmelberg,sinus,V,Bijen,1,Bombus,50.772909871350095,2.79690898955128,4,GSM,2022,POINT (39136.21914314467 163663.63705849368),,,Bombus,
7138,7138,2022-05-22,p2,Kemmelberg,sinus,V,Bijen,1,Bombus,50.7728794450416,2.79738558456562,4,GSM,2022,POINT (39169.75731220064 163659.54206083436),,,Bombus,
7144,7144,2022-05-22,p2,Kemmelberg,blok,V,Bijen,1,Bombus,50.777465519542496,2.79604054056368,3,GSM,2022,POINT (39085.703814528795 164171.58389387652),,,Bombus,
7145,7145,2022-05-22,p2,Kemmelberg,blok,V,Bijen,1,Bombus,50.7774594007532,2.79635469429455,3,GSM,2022,POINT (39107.84156344122 164170.4343811227),,,Bombus,
7146,7146,2022-05-22,p2,Kemmelberg,blok,V,Bijen,1,Bombus,50.7777282502975,2.79668024741373,9,GSM,2022,POINT (39131.43039950254 164199.84821160417),,,Bombus,
7147,7147,2022-05-22,p2,Kemmelberg,blok,V,Bijen,1,Bombus,50.777350352193,2.79605747200809,21,GSM,2022,POINT (39086.62650678291 164158.75042197015),,,Bombus,
7148,7148,2022-05-22,p2,Kemmelberg,blok,V,Bijen,1,Bombus,50.777608137625,2.79610541649423,3,GSM,2022,POINT (39090.61429964856 164187.34811989404),,,Bombus,
7180,7180,2022-06-14,p3,Waarmaarde2,blok,V,Bijen,1,Bombus,50.7802856946837,3.46881911158884,3,GSM,2022,POINT (86533.53924664452 163695.67599833757),before,,Bombus,
7181,7181,2022-06-14,p3,Waarmaarde2,blok,V,Bijen,1,Bombus,50.7802794920753,3.46883185208166,3,GSM,2022,POINT (86534.42935239819 163694.9751969576),before,,Bombus,
7182,7182,2022-06-14,p3,Waarmaarde2,blok,V,Bijen,1,Bombus,50.7800855348359,3.46922923811103,18,GSM,2022,POINT (86562.19190954964 163673.06188996416),before,,Bombus,
7183,7183,2022-06-14,p3,Waarmaarde2,blok,V,Bijen,1,Bombus,50.7801923621918,3.46909588203157,27,GSM,2022,POINT (86552.93144656181 163685.05821681023),before,,Bombus,
7184,7184,2022-06-14,p3,Waarmaarde2,blok,V,Bijen,1,Bombus,50.780648614034,3.46919981633467,4,GSM,2022,POINT (86560.87530635999 163735.7186503429),before,,Bombus,
7192,7192,2022-06-14,p3,Waarmaarde2,sinus,V,Bijen,1,Bombus,50.78149859798209,3.47113654017771,30,GSM,2022,POINT (86698.59445608781 163828.61127632484),before,,Bombus,
7193,7193,2022-06-14,p3,Waarmaarde2,sinus,V,Bijen,1,Bombus,50.781222120906,3.47158497199739,4,GSM,2022,POINT (86729.84582311104 163797.47663145326),before,,Bombus,
7194,7194,2022-06-14,p3,Waarmaarde2,sinus,V,Bijen,1,Bombus,50.7811233820866,3.47120937891627,3,GSM,2022,POINT (86703.22679410258 163786.8137130011),before,,Bombus,
7195,7195,2022-06-14,p3,Waarmaarde2,sinus,V,Bijen,1,Bombus,50.7812904334168,3.47108054906453,3,GSM,2022,POINT (86694.36632959227 163805.50469046552),before,,Bombus,
7201,7201,2022-06-14,p3,Waarmaarde,sinus,V,Bijen,1,Bombus,50.7942000730436,3.49354379810718,11,GSM,2022,POINT (88295.36091746975 165222.56264223158),before,,Bombus,
7202,7202,2022-06-14,p3,Waarmaarde,sinus,V,Bijen,1,Bombus,50.794025980914704,3.4936582949045,3,GSM,2022,POINT (88303.20484285215 165203.1030551456),before,,Bombus,
7203,7203,2022-06-14,p3,Waarmaarde,sinus,V,Bijen,1,Bombus,50.7939705765347,3.49416456185606,3,GSM,2022,POINT (88338.8240545812 165196.52013297658),before,,Bombus,
7206,7206,2022-06-14,p3,Waarmaarde,blok,V,Bijen,1,Bombus,50.7931825099989,3.49287056364444,4,GSM,2022,POINT (88246.56400911078 165109.93690978456),before,,Bombus,
7207,7207,2022-06-14,p3,Waarmaarde,blok,V,Bijen,1,Bombus,50.7930546021562,3.49230855703679,3,GSM,2022,POINT (88206.77411151471 165096.1767340852),before,,Bombus,
7212,7212,2022-06-18,p3,Kemmelberg,sinus,V,Bijen,1,Bombus,50.7731456123765,2.79709548689685,6,GSM,2022,POINT (39149.925823168494 163689.57636015117),before,,Bombus,
7213,7213,2022-06-18,p3,Kemmelberg,sinus,V,Bijen,1,Bombus,50.7729430217768,2.79729740694425,4,GSM,2022,POINT (39163.68856878913 163666.74422440678),before,,Bombus,
7214,7214,2022-06-18,p3,Kemmelberg,sinus,V,Bijen,1,Bombus,50.772694978329106,2.79657832363024,32,GSM,2022,POINT (39112.39450896975 163640.23157437798),before,,Bombus,
7215,7215,2022-06-18,p3,Kemmelberg,sinus,V,Bijen,1,Bombus,50.7726121461491,2.79648536816499,3,GSM,2022,POINT (39105.64419849661 163631.15827145614),before,,Bombus,
7216,7216,2022-06-18,p3,Kemmelberg,sinus,V,Bijen,1,Bombus,50.7729168283294,2.7978424821075,3,GSM,2022,POINT (39202.06595302382 163663.0180113474),before,,Bombus,
7221,7221,2022-06-18,p3,Kemmelberg,blok,V,Bijen,1,Bombus,50.777194993618,2.79535280540845,4,GSM,2022,POINT (39036.57169565701 164142.5247899033),before,,Bombus,
7222,7222,2022-06-18,p3,Kemmelberg,blok,V,Bijen,1,Bombus,50.7771324646203,2.79575211927555,4,GSM,2022,POINT (39064.581689584054 164134.97429923527),before,,Bombus,
7223,7223,2022-06-18,p3,Kemmelberg,blok,V,Bijen,1,Bombus,50.7785384450583,2.7972639631506,87,GSM,2022,POINT (39174.496621297236 164289.08201731462),before,,Bombus,
7231,7231,2022-06-20,p3,Muziekbos,sinus,V,Bijen,1,Bombus,50.7681721263109,3.65519533865494,5,GSM,2022,POINT (99664.06877597616 162205.5541020399),before,,Bombus,
7232,7232,2022-06-20,p3,Muziekbos,sinus,V,Bijen,1,Bombus,50.7683055662094,3.6553075723384,4,GSM,2022,POINT (99672.12825015953 162220.32105617598),before,,Bombus,
7233,7233,2022-06-20,p3,Muziekbos,sinus,V,Bijen,1,Bombus,50.7682480747246,3.65544879325978,43,GSM,2022,POINT (99682.02860118315 162213.83047070634),before,,Bombus,
7234,7234,2022-06-20,p3,Muziekbos,sinus,V,Bijen,1,Bombus,50.7687774546321,3.65560141909321,44,GSM,2022,POINT (99693.35987517137 162272.61182814557),before,,Bombus,
7235,7235,2022-06-20,p3,Muziekbos,sinus,V,Bijen,1,Bombus,50.768548306125,3.65546548739416,3,GSM,2022,POINT (99683.52671862138 162247.21489788033),before,,Bombus,
7236,7236,2022-06-20,p3,Muziekbos,sinus,V,Bijen,1,Bombus,50.7687774546321,3.65560141909321,44,GSM,2022,POINT (99693.35987517137 162272.61182814557),before,,Bombus,
7237,7237,2022-06-20,p3,Muziekbos,sinus,V,Bijen,1,Bombus,50.768507821533,3.65518670529467,4,GSM,2022,POINT (99663.81828765322 162242.90043431427),before,,Bombus,
7243,7243,2022-06-20,p3,Muziekbos,blok,V,Bijen,1,Bombus,50.7693559444054,3.65639965050262,4,GSM,2022,POINT (99750.28333513424 162336.41918220185),before,,Bombus,
7244,7244,2022-06-20,p3,Muziekbos,blok,V,Bijen,1,Bombus,50.7693921542267,3.6564095411483697,3,GSM,2022,POINT (99751.01961057348 162340.4402345987),before,,Bombus,
7245,7245,2022-06-21,p3,Palingbeek,blok,V,Bijen,1,Bombus,50.8225368988242,2.91191481985422,3,GSM,2022,POINT (47354.88188977784 169017.69210141618),before,,Bombus,
7246,7246,2022-06-21,p3,Palingbeek,blok,V,Bijen,1,Bombus,50.8224855177577,2.91216761805388,5,GSM,2022,POINT (47372.57907521227 169011.62829903234),before,,Bombus,
7247,7247,2022-06-21,p3,Palingbeek,blok,V,Bijen,1,Bombus,50.8225341327961,2.9125773254809,3,GSM,2022,POINT (47401.54837336604 169016.46926354524),before,,Bombus,
7248,7248,2022-06-21,p3,Palingbeek,blok,V,Bijen,1,Bombus,50.8228347078439,2.91152246296676,12,GSM,2022,POINT (47327.89075932765 169051.35621099174),before,,Bombus,
7249,7249,2022-06-21,p3,Palingbeek,blok,V,Bijen,1,Bombus,50.8229107317056,2.9109958279905,3,GSM,2022,POINT (47290.95631237565 169060.5394742079),before,,Bombus,
7250,7250,2022-06-21,p3,Palingbeek,blok,V,Bijen,1,Bombus,50.8228960214659,2.91096867062422,4,GSM,2022,POINT (47289.01102344053 169058.9409704022),before,,Bombus,
7251,7251,2022-06-21,p3,Palingbeek,blok,V,Bijen,1,Bombus,50.8232294954832,2.91213467717441,3,GSM,2022,POINT (47371.88109731724 169094.41798098292),before,,Bombus,
7252,7252,2022-06-21,p3,Palingbeek,blok,V,Bijen,1,Bombus,50.8232108876582,2.91226912290129,3,GSM,2022,POINT (47381.31187385459 169092.16271411628),before,,Bombus,
7253,7253,2022-06-21,p3,Palingbeek,blok,V,Bijen,1,Bombus,50.8232134860482,2.91228337213668,3,GSM,2022,POINT (47382.321363121126 169092.4320198903),before,,Bombus,
7254,7254,2022-06-21,p3,Palingbeek,blok,V,Bijen,1,Bombus,50.8229686925664,2.91269266046854,4,GSM,2022,POINT (47410.62098666234 169064.64112133067),before,,Bombus,
7255,7255,2022-06-21,p3,Palingbeek,blok,V,Bijen,1,Bombus,50.8228755277123,2.91299231350693,3,GSM,2022,POINT (47431.52781898335 169053.86567677278),before,,Bombus,
7256,7256,2022-06-21,p3,Palingbeek,blok,V,Bijen,1,Bombus,50.8227835363253,2.91290572844717,9,GSM,2022,POINT (47425.22754346859 169043.7540724054),before,,Bombus,
7274,7274,2022-06-21,p3,Palingbeek,sinus,V,Bijen,1,Bombus,50.8208069159191,2.91405002586814,3,GSM,2022,POINT (47501.53570713934 168822.33761776984),before,,Bombus,
7275,7275,2022-06-21,p3,Palingbeek,sinus,V,Bijen,1,Bombus,50.821251953068,2.91403116658601,84,GSM,2022,POINT (47501.176437581395 168871.86005579308),before,,Bombus,
7276,7276,2022-06-21,p3,Palingbeek,sinus,V,Bijen,1,Bombus,50.8205854688214,2.91437782668047,4,GSM,2022,POINT (47524.14739272995 168797.25633973256),before,,Bombus,
7277,7277,2022-06-21,p3,Palingbeek,sinus,V,Bijen,1,Bombus,50.820819991688,2.9138968884972,3,GSM,2022,POINT (47490.775494826914 168824.00319167413),before,,Bombus,
7313,7313,2022-08-02,p4,Waarmaarde,sinus,V,Bijen,1,Bombus,50.7938742679503,3.4943591433048,4,GSM,2022,POINT (88352.41597711197 165185.6461471077),after,Waarmaarde_sinus_2022_06,Bombus,-6.824770203007053
7314,7314,2022-08-02,p4,Waarmaarde,blok,V,Bijen,1,Bombus,50.7933169557254,3.49241844378737,4,GSM,2022,POINT (88214.86542672693 165125.26731573604),after,Waarmaarde_blok_2022_06,Bombus,17.569413057340704
7315,7315,2022-08-02,p4,Waarmaarde2,sinus,V,Bijen,1,Bombus,50.7810179796542,3.47105724737371,3,GSM,2022,POINT (86692.35700114482 163775.21932878438),after,,Bombus,
7326,7326,2022-08-05,p4,Palingbeek,sinus,V,Bijen,1,Bombus,50.8204852184754,2.91459610685977,5,GSM,2022,POINT (47539.307264578456 168785.80554783903),after,Palingbeek_sinus_2022_06,Bombus,18.822467604402025
7327,7327,2022-08-05,p4,Palingbeek,sinus,V,Bijen,1,Bombus,50.8202623017608,2.91468210518631,4,GSM,2022,POINT (47544.88064044833 168760.89444870967),after,Palingbeek_sinus_2022_06,Bombus,0.3172735714056245
7328,7328,2022-08-05,p4,Palingbeek,sinus,V,Bijen,1,Bombus,50.8201584499802,2.9147830233005,3,GSM,2022,POINT (47551.76442196833 168749.20501771104),after,Palingbeek_sinus_2022_06,Bombus,-5.394909365096192
7329,7329,2022-08-05,p4,Palingbeek,sinus,V,Bijen,1,Bombus,50.8201467572256,2.91481470689449,4,GSM,2022,POINT (47553.97114176277 168747.86087166145),after,Palingbeek_sinus_2022_06,Bombus,-6.307308570379887
7330,7330,2022-08-05,p4,Palingbeek,sinus,V,Bijen,1,Bombus,50.8202717140446,2.91507755016821,4,GSM,2022,POINT (47572.760992392126 168761.39595285244),after,Palingbeek_sinus_2022_06,Bombus,6.45049741450884
7331,7331,2022-08-05,p4,Palingbeek,sinus,V,Bijen,1,Bombus,50.8202836756136,2.91504126973721,4,GSM,2022,POINT (47570.23100296258 168762.77632648684),after,Palingbeek_sinus_2022_06,Bombus,3.5707416246494894
7332,7332,2022-08-05,p4,Palingbeek,sinus,V,Bijen,1,Bombus,50.8207359211992,2.91481722146544,5,GSM,2022,POINT (47555.43093198794 168813.38340973202),after,Palingbeek_sinus_2022_06,Bombus,-7.020068331442819
7333,7333,2022-08-05,p4,Palingbeek,sinus,V,Bijen,1,Bombus,50.820702267858,2.91482711211118,4,GSM,2022,POINT (47556.05447593618 168809.62689161114),after,Palingbeek_sinus_2022_06,Bombus,-3.468037394190375
7334,7334,2022-08-05,p4,Palingbeek,sinus,V,Bijen,1,Bombus,50.8206160180747,2.91438220069083,4,GSM,2022,POINT (47524.52207491959 168800.64795159642),after,Palingbeek_sinus_2022_06,Bombus,11.904691928421162
7335,7335,2022-08-05,p4,Palingbeek,sinus,V,Bijen,1,Bombus,50.8206277108293,2.91430525481972,3,GSM,2022,POINT (47519.12659539841 168802.0545499511),after,Palingbeek_sinus_2022_06,Bombus,6.74335852831061
7336,7336,2022-08-05,p4,Palingbeek,sinus,V,Bijen,1,Bombus,50.8207419843235,2.91392451721688,4,GSM,2022,POINT (47492.55203859332 168815.28919641394),after,Palingbeek_sinus_2022_06,Bombus,1.2900101068845018
7337,7337,2022-08-05,p4,Palingbeek,sinus,V,Bijen,1,Bombus,50.8208098495855,2.913888422775,8,GSM,2022,POINT (47490.156981659864 168822.88688315265),after,Palingbeek_sinus_2022_06,Bombus,9.004108577190209
7338,7338,2022-08-05,p4,Palingbeek,sinus,V,Bijen,1,Bombus,50.8208612725611,2.91344149969789,3,GSM,2022,POINT (47458.7828179482 168829.22288742103),after,Palingbeek_sinus_2022_06,Bombus,-5.402798901570283
7339,7339,2022-08-05,p4,Palingbeek,sinus,V,Bijen,1,Bombus,50.820905026096,2.91327201761576,4,GSM,2022,POINT (47446.93798840133 168834.3230510056),after,Palingbeek_sinus_2022_06,Bombus,5.411442030347204
7340,7340,2022-08-05,p4,Palingbeek,sinus,V,Bijen,1,Bombus,50.8211170044272,2.91334544308754,7,GSM,2022,POINT (47452.572834870705 168857.79762203805),after,Palingbeek_sinus_2022_06,Bombus,7.111242285682478
7341,7341,2022-08-05,p4,Palingbeek,sinus,V,Bijen,1,Bombus,50.8211412700369,2.91402462870153,4,GSM,2022,POINT (47500.47474794487 168859.55906237382),after,Palingbeek_sinus_2022_06,Bombus,2.9361729458507195
7345,7345,2022-08-05,p4,Palingbeek,blok,V,Bijen,1,Bombus,50.8228534413974,2.91157501749965,5,GSM,2022,POINT (47331.633996873614 169053.36709594913),after,Palingbeek_blok_2022_06,Bombus,-10.544316220396883
7346,7346,2022-08-05,p4,Palingbeek,blok,V,Bijen,1,Bombus,50.822885334539,2.91158750653538,3,GSM,2022,POINT (47332.58341135591 169056.89694606885),after,Palingbeek_blok_2022_06,Bombus,-12.613301576770722
7347,7347,2022-08-05,p4,Palingbeek,blok,V,Bijen,1,Bombus,50.8227979193378,2.91174746356956,4,GSM,2022,POINT (47343.66134769951 169046.95369400177),after,Palingbeek_blok_2022_06,Bombus,1.941529325289157
7348,7348,2022-08-05,p4,Palingbeek,blok,V,Bijen,1,Bombus,50.822666063952,2.91157619096609,4,GSM,2022,POINT (47331.30782718674 169032.52561750636),after,Palingbeek_blok_2022_06,Bombus,4.969116835024189
7349,7349,2022-08-05,p4,Palingbeek,blok,V,Bijen,1,Bombus,50.8226752651218,2.91159293266561,4,GSM,2022,POINT (47332.50732679278 169033.52582078334),after,Palingbeek_blok_2022_06,Bombus,4.957417052067564
7350,7350,2022-08-05,p4,Palingbeek,blok,V,Bijen,1,Bombus,50.8226437680896,2.91147669777545,3,GSM,2022,POINT (47324.250053114825 169030.183413364),after,Palingbeek_blok_2022_06,Bombus,2.324852446800114
7351,7351,2022-08-05,p4,Palingbeek,blok,V,Bijen,1,Bombus,50.8225760842215,2.9113446828005,3,GSM,2022,POINT (47314.802119325366 169022.83818270545),after,Palingbeek_blok_2022_06,Bombus,2.2845275924923243
7352,7352,2022-08-05,p4,Palingbeek,blok,V,Bijen,1,Bombus,50.8229929162662,2.91184147820147,3,GSM,2022,POINT (47350.709883592106 169068.51106713992),after,Palingbeek_blok_2022_06,Bombus,-9.546432266944963
7353,7353,2022-08-05,p4,Palingbeek,blok,V,Bijen,1,Bombus,50.8229993703317,2.91185455397042,3,GSM,2022,POINT (47351.645122023416 169069.21081134863),after,Palingbeek_blok_2022_06,Bombus,-9.494645403483501
7354,7354,2022-08-05,p4,Palingbeek,blok,V,Bijen,1,Bombus,50.8227524813737,2.91179487481984,3,GSM,2022,POINT (47346.90225326219 169041.83463081066),after,Palingbeek_blok_2022_06,Bombus,7.939071365668286
7355,7355,2022-08-05,p4,Palingbeek,blok,V,Bijen,1,Bombus,50.8227535710212,2.91179479100081,3,GSM,2022,POINT (47346.89872550717 169041.9559357129),after,Palingbeek_blok_2022_06,Bombus,7.844523715595415
7356,7356,2022-08-05,p4,Palingbeek,blok,V,Bijen,1,Bombus,50.8222390898045,2.91206745431098,4,GSM,2022,POINT (47364.98518556524 168984.3593085194),after,Palingbeek_blok_2022_06,Bombus,63.5653772523195
7357,7357,2022-08-05,p4,Palingbeek,blok,V,Bijen,1,Bombus,50.8222504472836,2.91208983399245,4,GSM,2022,POINT (47366.586582122385 168985.5915517332),after,Palingbeek_blok_2022_06,Bombus,63.62941938822709
7358,7358,2022-08-05,p4,Palingbeek,blok,V,Bijen,1,Bombus,50.8224349908573,2.91242837093197,4,GSM,2022,POINT (47390.838559618016 169005.64856827073),after,Palingbeek_blok_2022_06,Bombus,64.01511016675425
7359,7359,2022-08-05,p4,Palingbeek,blok,V,Bijen,1,Bombus,50.822550980421504,2.91251773014935,3,GSM,2022,POINT (47397.38670824027 169018.42534280568),after,Palingbeek_blok_2022_06,Bombus,58.58629517519603
7360,7360,2022-08-05,p4,Palingbeek,blok,V,Bijen,1,Bombus,50.8226733493524,2.91301054580991,4,GSM,2022,POINT (47432.37155030633 169031.3545011906),after,Palingbeek_blok_2022_06,Bombus,67.66581229694586
7361,7361,2022-08-05,p4,Palingbeek,blok,V,Bijen,1,Bombus,50.8227139246192,2.91306674480709,3,GSM,2022,POINT (47436.41911400641 169035.78963474743),after,Palingbeek_blok_2022_06,Bombus,66.49855906114385
7362,7362,2022-08-05,p4,Palingbeek,blok,V,Bijen,1,Bombus,50.8227552095589,2.91298897036036,4,GSM,2022,POINT (47431.0300339823 169040.48867124598),after,Palingbeek_blok_2022_06,Bombus,59.47683885267222
7363,7363,2022-08-05,p4,Palingbeek,blok,V,Bijen,1,Bombus,50.8228108194198,2.91289189830693,4,GSM,2022,POINT (47424.312711145976 169046.80755767133),after,Palingbeek_blok_2022_06,Bombus,50.399122921887596
7364,7364,2022-08-05,p4,Palingbeek,blok,V,Bijen,1,Bombus,50.8224365251947,2.91195932599473,4,GSM,2022,POINT (47357.79833231446 169006.46719173994),after,Palingbeek_blok_2022_06,Bombus,41.92332228198904
7371,7371,2022-08-06,p4,Muziekbos,sinus,V,Bijen,1,Bombus,50.7681265706669,3.65557671524924,74,GSM,2022,POINT (99690.92254160406 162200.22857658472),after,Muziekbos_sinus_2022_06,Bombus,16.50893926329303
7372,7372,2022-08-06,p4,Muziekbos,sinus,V,Bijen,1,Bombus,50.7682702783971,3.65545249544424,4,GSM,2022,POINT (99682.31345759955 162216.29775193147),after,Muziekbos_sinus_2022_06,Bombus,1.688154776714024
7373,7373,2022-08-06,p4,Muziekbos,sinus,V,Bijen,1,Bombus,50.7682702783971,3.65545249544424,4,GSM,2022,POINT (99682.31345759955 162216.29775193147),after,Muziekbos_sinus_2022_06,Bombus,1.688154776714024
7374,7374,2022-08-06,p4,Muziekbos,sinus,V,Bijen,1,Bombus,50.7682730863346,3.6554079875384,4,GSM,2022,POINT (99679.17686427291 162216.64022139553),after,Muziekbos_sinus_2022_06,Bombus,3.4686455724433762
7375,7375,2022-08-06,p4,Muziekbos,sinus,V,Bijen,1,Bombus,50.7687430177359,3.65534294396979,7,GSM,2022,POINT (99675.09044658553 162268.9562822869),after,Muziekbos_sinus_2022_06,Bombus,1.250730244188114
7376,7376,2022-08-06,p4,Muziekbos,blok,V,Bijen,1,Bombus,50.7694921503319,3.6562500335310095,4,GSM,2022,POINT (99739.87483058486 162351.67098842096),after,Muziekbos_blok_2022_06,Bombus,4.267356542017009
7377,7377,2022-08-06,p4,Muziekbos,blok,V,Bijen,1,Bombus,50.7692493265967,3.65643594414336,6,GSM,2022,POINT (99752.72976808836 162324.53518998343),after,Muziekbos_blok_2022_06,Bombus,1.6055995816421975
7378,7378,2022-08-06,p4,Muziekbos,blok,V,Bijen,1,Bombus,50.7693886757369,3.65632077679378,4,GSM,2022,POINT (99744.75460545151 162340.11332669202),after,Muziekbos_blok_2022_06,Bombus,-3.5414093525565358
7379,7379,2022-08-06,p4,Muziekbos,blok,V,Bijen,1,Bombus,50.7693602610852,3.65612782538277,4,GSM,2022,POINT (99731.11381382603 162337.08315600455),after,Muziekbos_blok_2022_06,Bombus,0.1
7381,7381,2022-08-10,p4,Kemmelberg,sinus,V,Bijen,1,Bombus,50.7729873620449,2.79613927938304,4,GSM,2022,POINT (39082.12121425608 163673.40409852564),after,Kemmelberg_sinus_2022_06,Bombus,-6.82138963001778
7397,7397,2022-08-24,p5,Palingbeek,sinus,V,Bijen,1,Bombus,50.8209739253398,2.91424649767849,24,GSM,2022,POINT (47515.7410926382 168840.64110789355),,Palingbeek_sinus_2022_06,Bombus,7.739574875715466
7398,7398,2022-08-24,p5,Palingbeek,sinus,V,Bijen,1,Bombus,50.8204437699645,2.91452829726311,5,GSM,2022,POINT (47534.43971723699 168781.2892310284),,Palingbeek_sinus_2022_06,Bombus,13.266819073177672
7402,7402,2022-08-29,p5,Kemmelberg,blok,V,Bijen,1,Bombus,50.7779118558868,2.79642485082409,4,GSM,2022,POINT (39113.853800012555 164220.64888888504),,Kemmelberg_blok_2022_06,Bombus,67.51128728107942
7403,7403,2022-08-29,p5,Kemmelberg,blok,V,Bijen,1,Bombus,50.7778320601682,2.79713563621304,3,GSM,2022,POINT (39163.7856892688 164210.71373339836),,Kemmelberg_blok_2022_06,Bombus,96.6043852045813
7408,7408,2022-08-31,p5,Muziekbos,sinus,V,Bijen,1,Bombus,50.7683024649052,3.65534344688398,6,GSM,2022,POINT (99674.65553013625 162219.9517960865),,Muziekbos_sinus_2022_06,Bombus,4.515130862728598
7409,7409,2022-08-31,p5,Muziekbos,sinus,V,Bijen,1,Bombus,50.7683626961184,3.6553135718418095,95,GSM,2022,POINT (99672.6124571788 162226.6717416756),,Muziekbos_sinus_2022_06,Bombus,8.559444949432727
7410,7410,2022-08-31,p5,Muziekbos,sinus,V,Bijen,1,Bombus,50.7684650797431,3.65547426628247,36,GSM,2022,POINT (99684.05713140272 162237.95140933245),,Muziekbos_sinus_2022_06,Bombus,0.1
7411,7411,2022-08-31,p5,Muziekbos,sinus,V,Bijen,1,Bombus,50.768354600342704,3.65517790429634,5,GSM,2022,POINT (99663.03383075714 162225.8630968891),,Muziekbos_sinus_2022_06,Bombus,5.695269043925073
7413,7413,2022-08-31,p5,Muziekbos,blok,V,Bijen,1,Bombus,50.7692432497169,3.65636025555772,3,GSM,2022,POINT (99747.38432043718 162323.91041138582),,Muziekbos_blok_2022_06,Bombus,4.428795538109449
7414,7414,2022-08-31,p5,Muziekbos,blok,V,Bijen,1,Bombus,50.7694729138641,3.6563267279450304,4,GSM,2022,POINT (99745.26420976018 162349.4793910319),,Muziekbos_blok_2022_06,Bombus,4.812176841818468
7423,7423,2022-09-21,p6,Muziekbos,sinus,V,Bijen,1,Bombus,50.7683031354572,3.65537990816277,3,GSM,2022,POINT (99677.22822575865 162220.00169594772),,Muziekbos_sinus_2022_06,Bombus,6.113532419512217
7424,7424,2022-09-21,p6,Muziekbos,sinus,V,Bijen,1,Bombus,50.7682997826959,3.6555157788131902,3,GSM,2022,POINT (99686.80896647097 162219.53677066974),,Muziekbos_sinus_2022_06,Bombus,2.667351524459824
7425,7425,2022-09-21,p6,Muziekbos,sinus,V,Bijen,1,Bombus,50.7685426064311,3.65558685735208,4,GSM,2022,POINT (99692.08203088767 162246.49874216225),,Muziekbos_sinus_2022_06,Bombus,-4.23822239935889
7426,7426,2022-09-22,p6,Palingbeek,blok,V,Bijen,1,Bombus,50.8226665668662,2.91284579783949,3,GSM,2022,POINT (47420.75055195083 169030.82764259074),,Palingbeek_blok_2022_06,Bombus,60.79958258451495
7429,7429,2022-09-22,p6,Palingbeek,sinus,V,Bijen,1,Bombus,50.8206819417428,2.91523983702335,23,GSM,2022,POINT (47585.08723647418 168806.7971680751),,Palingbeek_sinus_2022_06,Bombus,9.908867528772998
7430,7430,2022-09-22,p6,Palingbeek,sinus,V,Bijen,1,Bombus,50.8202573983472,2.91461572051319,26,GSM,2022,POINT (47540.1930355614 168760.44065661263),,Palingbeek_sinus_2022_06,Bombus,-3.4258499422300424
7433,7433,2022-09-22,p6,Kemmelberg,blok,V,Bijen,1,Bombus,50.7779578725348,2.7971413359072,7,GSM,2022,POINT (39164.483663928564 164224.6972988937),,Kemmelberg_blok_2022_06,Bombus,106.8026978536023
7435,7435,2022-09-30,p6,Waarmaarde,sinus,V,Bijen,1,Bombus,50.7939005457337,3.49392685108212,3,GSM,2022,POINT (88321.97375073978 165188.92778099142),,Waarmaarde_sinus_2022_06,Bombus,-0.8036003761694266
7436,7436,2022-09-30,p6,Waarmaarde,sinus,V,Bijen,1,Bombus,50.7943448704209,3.49422885105339,4,GSM,2022,POINT (88343.84642554261 165238.10004248284),,Waarmaarde_sinus_2022_06,Bombus,7.421661813220096
7445,7445,2022-05-22,p2,Kemmelberg,sinus,V,Bijen,1,Bombus,50.7726266049324,2.79638788663111,4,GSM,2022,POINT (39098.80374335927 163632.9118139902),,,Bombus,
7446,7446,2022-05-22,p2,Kemmelberg,sinus,V,Bijen,1,Bombus,50.772814652930094,2.79680714942775,5,GSM,2022,POINT (39128.813196269824 163653.19946620706),,,Bombus,
7447,7447,2022-05-22,p2,Kemmelberg,sinus,V,Bijen,1,Bombus,50.7730154414202,2.79702239670119,3,GSM,2022,POINT (39144.46513505191 163675.20864447765),,,Bombus,
7448,7448,2022-09-22,p6,Palingbeek,sinus,V,Bijen,1,Bombus,50.820852974477,2.91468093171987,44,GSM,2022,POINT (47546.08400608371 168826.5898729209),,Palingbeek_sinus_2022_06,Bombus,-7.775872072803012
7450,7450,2022-04-12,p1,Palingbeek,blok,V,Bijen,1,Bombus,50.8224632638048,2.91183108464154,4,GSM,2022,POINT (47348.82223606593 169009.61822170764),,,Bombus,
7451,7451,2022-04-12,p1,Palingbeek,blok,V,Bijen,1,Bombus,50.822645151104,2.91210341267558,4,GSM,2022,POINT (47368.40407630293 169029.47119939607),,,Bombus,
7453,7453,2022-04-12,p1,Palingbeek,sinus,V,Bijen,1,Bombus,50.8205664391174,2.91449711658332,6,GSM,2022,POINT (47532.51010110199 168794.9753331039),,,Bombus,
7454,7454,2022-04-12,p1,Kemmelberg,sinus,V,Bijen,1,Bombus,50.7729022438179,2.79740653932355,3,GSM,2022,POINT (39171.28869768452 163662.04633220378),,,Bombus,
7459,7459,2022-04-15,p1,Muziekbos,sinus,V,Bijen,1,Bombus,50.768392486545,3.65558476187629,5,GSM,2022,POINT (99691.77398340088 162229.8018297702),,,Bombus,
7460,7460,2022-04-15,p1,Muziekbos,sinus,V,Bijen,1,Bombus,50.7685146108745,3.65507539362055,5,GSM,2022,POINT (99655.9736452414 162243.73102809396),,,Bombus,
7463,7463,2022-04-20,p1,Waarmaarde,sinus,V,Bijen,1,Bombus,50.7946517882485,3.49428281630321,40,GSM,2022,POINT (88348.052702136 165272.19418798853),,,Bombus,
7464,7464,2022-04-20,p1,Waarmaarde,blok,V,Bijen,1,Bombus,50.793476463343104,3.49259194918302,6,GSM,2022,POINT (88227.30691526839 165142.86532489117),,,Bombus,
7466,7466,2022-04-23,p1,Waarmaarde2,blok,V,Bijen,1,Bombus,50.7805819949608,3.46914215013707,5,GSM,2022,POINT (86556.71899436647 163728.35780264158),,,Bombus,
7467,7467,2022-04-23,p1,Waarmaarde2,blok,V,Bijen,1,Bombus,50.780164115178096,3.46894023008967,3,GSM,2022,POINT (86541.91677760906 163682.04919707775),,,Bombus,
7469,7469,2022-04-23,p1,Waarmaarde2,sinus,V,Bijen,1,Bombus,50.7811206579684,3.47113922238673,5,GSM,2022,POINT (86698.27577065982 163786.5704699261),,,Bombus,
7486,7486,2022-05-11,p2,Palingbeek,sinus,V,Bijen,1,Bombus,50.8205804788049,2.91510991752419,15,GSM,2022,POINT (47575.7133927594 168795.69171892293),,,Bombus,
7487,7487,2022-05-11,p2,Palingbeek,sinus,V,Bijen,1,Bombus,50.8203234058346,2.91495007463071,3,GSM,2022,POINT (47563.89262020837 168767.32081456948),,,Bombus,
7488,7488,2022-05-11,p2,Palingbeek,sinus,V,Bijen,1,Bombus,50.8204946062069,2.91437851265344,3,GSM,2022,POINT (47523.99784927715 168787.14977950044),,,Bombus,
7489,7489,2022-05-11,p2,Palingbeek,sinus,V,Bijen,1,Bombus,50.8204819076239,2.91439862922105,4,GSM,2022,POINT (47525.38743995241 168785.70971081592),,,Bombus,
7490,7490,2022-05-11,p2,Palingbeek,sinus,V,Bijen,1,Bombus,50.8205326181381,2.91433434002372,4,GSM,2022,POINT (47520.96859876023 168791.43834921252),,,Bombus,
7494,7494,2022-05-11,p2,Palingbeek,blok,V,Bijen,1,Bombus,50.8228430478378,2.9120180849013,6,GSM,2022,POINT (47362.82453744768 169051.59888796043),,,Bombus,
7495,7495,2022-05-11,p2,Palingbeek,blok,V,Bijen,1,Bombus,50.8228116576101,2.91185145266625,7,GSM,2022,POINT (47351.01714982654 169048.3379487563),,,Bombus,
7496,7496,2022-05-11,p2,Palingbeek,blok,V,Bijen,1,Bombus,50.8228763239931,2.91127368808063,3,GSM,2022,POINT (47310.45588250598 169056.3285631342),,,Bombus,
7497,7497,2022-05-11,p2,Palingbeek,blok,V,Bijen,1,Bombus,50.8227845421537,2.91127561591836,10,GSM,2022,POINT (47310.39139500249 169046.11805138458),,,Bombus,
7498,7498,2022-05-11,p2,Palingbeek,blok,V,Bijen,1,Bombus,50.8226638008382,2.91292366571995,6,GSM,2022,POINT (47426.23018199748 169030.41248731967),,,Bombus,
7499,7499,2022-05-11,p2,Palingbeek,blok,V,Bijen,1,Bombus,50.8225536234691,2.91194658390622,15,GSM,2022,POINT (47357.15610093475 169019.50830377173),,,Bombus,
7510,7510,2022-05-14,p1,Muziekbos,sinus,V,Bijen,1,Bombus,50.7685309974952,3.6555287707631,4,GSM,2022,POINT (99687.9722299737 162245.24676113855),,,Bombus,
7511,7511,2022-05-14,p1,Muziekbos,sinus,V,Bijen,1,Bombus,50.768460002775,3.6554441973601,3,GSM,2022,POINT (99681.93065595526 162237.40703815315),,,Bombus,
7512,7512,2022-05-14,p1,Muziekbos,sinus,V,Bijen,1,Bombus,50.768384523737,3.65537052043122,3,GSM,2022,POINT (99676.65291234921 162229.06113889161),,,Bombus,
7513,7513,2022-05-14,p2,Muziekbos,sinus,V,Bijen,1,Bombus,50.7683260599624,3.65517782047731,3,GSM,2022,POINT (99662.99743765205 162222.68851315603),,,Bombus,
7514,7514,2022-05-14,p2,Muziekbos,sinus,V,Bijen,1,Bombus,50.7683036383717,3.65513138473374,4,GSM,2022,POINT (99659.69791331032 162220.2259364631),,,Bombus,
7515,7515,2022-05-14,p2,Muziekbos,sinus,V,Bijen,1,Bombus,50.7684012037246,3.65509173833174,7,GSM,2022,POINT (99657.0054653837 162231.10530582536),,,Bombus,
7516,7516,2022-05-14,p2,Muziekbos,sinus,V,Bijen,1,Bombus,50.7686137687887,3.65514471195978,5,GSM,2022,POINT (99660.96924421571 162254.713738407),,,Bombus,
7517,7517,2022-05-14,p2,Muziekbos,sinus,V,Bijen,1,Bombus,50.768648134592,3.6552170477841504,4,GSM,2022,POINT (99666.10848148986 162258.48736967146),,,Bombus,
7518,7518,2022-05-14,p2,Muziekbos,sinus,V,Bijen,1,Bombus,50.768726924481506,3.65538954735142,3,GSM,2022,POINT (99678.36063760862 162267.1346218204),,,Bombus,
7529,7529,2022-05-14,p2,Muziekbos,blok,V,Bijen,1,Bombus,50.7692928286742,3.65629957057876,4,GSM,2022,POINT (99743.15655116836 162329.46627721656),,,Bombus,
7530,7530,2022-05-14,p2,Muziekbos,blok,V,Bijen,1,Bombus,50.7692304254051,3.6562750954215,57,GSM,2022,POINT (99741.3635661605 162322.54150365666),,,Bombus,
7531,7531,2022-05-14,p2,Muziekbos,blok,V,Bijen,1,Bombus,50.7692884700848,3.65627283230764,4,GSM,2022,POINT (99741.26582444095 162328.99953733385),,,Bombus,
7532,7532,2022-05-14,p2,Muziekbos,blok,V,Bijen,1,Bombus,50.7692240132494,3.65643242374403,4,GSM,2022,POINT (99752.45445743119 162321.72188191302),,,Bombus,
7533,7533,2022-05-14,p2,Muziekbos,blok,V,Bijen,1,Bombus,50.7692217920451,3.65645874291998,4,GSM,2022,POINT (99754.30860887427 162321.45701674465),,,Bombus,
7534,7534,2022-05-14,p2,Muziekbos,blok,V,Bijen,1,Bombus,50.7694889652087,3.65656921640379,4,GSM,2022,POINT (99762.38603911517 162351.10090173874),,,Bombus,
7535,7535,2022-05-14,p2,Muziekbos,blok,V,Bijen,1,Bombus,50.7694397634368,3.6565201822702305,3,GSM,2022,POINT (99758.87480899121 162345.6611690456),,,Bombus,
7536,7536,2022-05-14,p2,Muziekbos,blok,V,Bijen,1,Bombus,50.7695222413643,3.65619513206524,4,GSM,2022,POINT (99736.03426770057 162355.05524231028),,,Bombus,
7537,7537,2022-05-14,p2,Muziekbos,blok,V,Bijen,1,Bombus,50.7694465946882,3.65610452369196,6,GSM,2022,POINT (99729.56223123676 162346.70209121983),,,Bombus,
7538,7538,2022-05-14,p2,Muziekbos,blok,V,Bijen,1,Bombus,50.7694636937706,3.65589061752302,4,GSM,2022,POINT (99714.49189230661 162348.74878182355),,,Bombus,
7539,7539,2022-05-17,p2,Palingbeek,blok,V,Bijen,1,Bombus,50.7782666618477,2.79688040726147,4,GSM,2022,POINT (39146.81158317003 164259.42827785015),,,Bombus,
7540,7540,2022-05-17,p2,Palingbeek,blok,V,Bijen,1,Bombus,50.7782720681752,2.7971220575299,8,GSM,2022,POINT (39163.8636846516 164259.66895220615),,,Bombus,
7544,7544,2022-05-18,p2,Waarmaarde2,blok,V,Bijen,1,Bombus,50.7804150274496,3.46898247488166,3,GSM,2022,POINT (86545.23385095743 163709.9222448906),,,Bombus,
7546,7546,2022-05-18,p2,Waarmaarde2,sinus,V,Bijen,1,Bombus,50.7812639546087,3.47122508310319,4,GSM,2022,POINT (86704.5231028955 163802.43631190248),,,Bombus,
7547,7547,2022-05-18,p2,Waarmaarde2,sinus,V,Bijen,1,Bombus,50.7809880562599,3.47101642750526,4,GSM,2022,POINT (86689.4382085239 163771.92570743337),,,Bombus,
7560,7560,2022-05-22,p2,Kemmelberg,sinus,V,Bijen,1,Bombus,50.7729401946691,2.79673826345058,36,GSM,2022,POINT (39124.250817027074 163667.2642355319),,,Bombus,
7561,7561,2022-05-22,p2,Kemmelberg,sinus,V,Bijen,1,Bombus,50.773024871061295,2.79714334756396,3,GSM,2022,POINT (39153.01683184989 163676.0768589722),,,Bombus,
7562,7562,2022-05-22,p2,Kemmelberg,sinus,V,Bijen,1,Bombus,50.7729401946691,2.79673826345058,36,GSM,2022,POINT (39124.250817027074 163667.2642355319),,,Bombus,
7563,7563,2022-05-22,p2,Kemmelberg,sinus,V,Bijen,1,Bombus,50.7729636412586,2.79695601202808,3,GSM,2022,POINT (39139.66174559087 163669.54682905506),,,Bombus,
7564,7564,2022-05-22,p2,Kemmelberg,sinus,V,Bijen,1,Bombus,50.7729187561671,2.79663691297433,3,GSM,2022,POINT (39117.0530608877 163665.0312615931),,,Bombus,
7565,7565,2022-05-22,p2,Kemmelberg,sinus,V,Bijen,1,Bombus,50.7727248801457,2.79655894230847,4,GSM,2022,POINT (39111.09811395305 163643.58599534258),,,Bombus,
7566,7566,2022-05-22,p2,Kemmelberg,sinus,V,Bijen,1,Bombus,50.7726113079588,2.79638445005081,4,GSM,2022,POINT (39098.52537704265 163631.21571288165),,,Bombus,
7567,7567,2022-05-22,p2,Kemmelberg,sinus,V,Bijen,1,Bombus,50.7728894614159,2.79694754630587,4,GSM,2022,POINT (39138.89015184497 163661.3096528966),,,Bombus,
7568,7568,2022-05-22,p2,Kemmelberg,sinus,V,Bijen,1,Bombus,50.7728668353967,2.79735105564099,4,GSM,2022,POINT (39167.29264056038 163658.19121315796),,,Bombus,
7569,7569,2022-05-22,p2,Kemmelberg,sinus,V,Bijen,1,Bombus,50.772981662350404,2.79766352847479,4,GSM,2022,POINT (39189.59855911696 163670.49537255988),,,Bombus,
7576,7576,2022-05-22,p2,Kemmelberg,blok,V,Bijen,1,Bombus,50.7775115781005,2.79619351029656,3,GSM,2022,POINT (39096.59873640802 164176.47784908023),,,Bombus,
7577,7577,2022-05-22,p2,Kemmelberg,blok,V,Bijen,1,Bombus,50.7775105722721,2.79656021856032,4,GSM,2022,POINT (39122.45431667588 164175.81856896635),,,Bombus,
7578,7578,2022-05-22,p2,Kemmelberg,blok,V,Bijen,1,Bombus,50.7781099621679,2.79702709056697,3,GSM,2022,POINT (39156.78581417873 164241.78222888336),,,Bombus,
7579,7579,2022-05-22,p2,Kemmelberg,blok,V,Bijen,1,Bombus,50.7780670064428,2.79707671150725,4,GSM,2022,POINT (39160.18363460945 164236.93091901205),,,Bombus,
7580,7580,2022-05-22,p2,Kemmelberg,blok,V,Bijen,1,Bombus,50.778428767855,2.79702683910988,3,GSM,2022,POINT (39157.51837497014 164277.23819416482),,,Bombus,
7581,7581,2022-05-22,p2,Kemmelberg,blok,V,Bijen,1,Bombus,50.7782137720387,2.79668133706114,4,GSM,2022,POINT (39132.650134210475 164253.84329085425),,,Bombus,
7582,7582,2022-05-22,p2,Kemmelberg,blok,V,Bijen,1,Bombus,50.7780278195168,2.79648067429922,7,GSM,2022,POINT (39118.06309403264 164233.46231321152),,,Bombus,
7583,7583,2022-05-22,p2,Kemmelberg,blok,V,Bijen,1,Bombus,50.7780345921973,2.7965245873758,7,GSM,2022,POINT (39121.17547692219 164234.149981549),,,Bombus,
7584,7584,2022-05-22,p2,Kemmelberg,blok,V,Bijen,1,Bombus,50.7770041045034,2.79557609369697,8,GSM,2022,POINT (39051.86701399533 164120.9617842771),,,Bombus,
7585,7585,2022-05-22,p2,Kemmelberg,blok,V,Bijen,1,Bombus,50.776958414401,2.79574239626787,4,GSM,2022,POINT (39063.48612677901 164115.63204746973),,,Bombus,
7597,7597,2022-06-14,p3,Waarmaarde2,sinus,V,Bijen,1,Bombus,50.781106408733,3.47126302309657,4,GSM,2022,POINT (86706.98692050404 163784.8800622318),before,,Bombus,
7598,7598,2022-06-14,p3,Waarmaarde2,sinus,V,Bijen,1,Bombus,50.7811727514966,3.47099639475668,4,GSM,2022,POINT (86688.27372738058 163792.48654895555),before,,Bombus,
7600,7600,2022-06-14,p3,Waarmaarde,sinus,V,Bijen,1,Bombus,50.7941132784366,3.49378670566109,4,GSM,2022,POINT (88312.37212088553 165212.70667784754),before,,Bombus,
7601,7601,2022-06-14,p3,Waarmaarde,sinus,V,Bijen,1,Bombus,50.7941162121023,3.49448625929979,3,GSM,2022,POINT (88361.6943005632 165212.45249944925),before,,Bombus,
7605,7605,2022-06-14,p3,Waarmaarde,blok,V,Bijen,1,Bombus,50.7929746807094,3.49238407798436,19,GSM,2022,POINT (88211.99359031986 165087.22416295484),before,,Bombus,
7618,7618,2022-06-18,p3,Kemmelberg,sinus,V,Bijen,1,Bombus,50.7731623761828,2.79709967784844,3,GSM,2022,POINT (39150.260820864074 163691.43447033037),before,,Bombus,
7619,7619,2022-06-18,p3,Kemmelberg,sinus,V,Bijen,1,Bombus,50.773094063672,2.79709942639134,3,GSM,2022,POINT (39150.08232593523 163683.83756188955),before,,Bombus,
7620,7620,2022-06-18,p3,Kemmelberg,sinus,V,Bijen,1,Bombus,50.7729354940448,2.79708464652913,4,GSM,2022,POINT (39148.666874777555 163666.2245106753),before,,Bombus,
7621,7621,2022-06-18,p3,Kemmelberg,sinus,V,Bijen,1,Bombus,50.772694978329106,2.79657832363024,32,GSM,2022,POINT (39112.39450896975 163640.23157437798),before,,Bombus,
7622,7622,2022-06-18,p3,Kemmelberg,sinus,V,Bijen,1,Bombus,50.772694978329106,2.79657832363024,32,GSM,2022,POINT (39112.39450896975 163640.23157437798),before,,Bombus,
7623,7623,2022-06-18,p3,Kemmelberg,sinus,V,Bijen,1,Bombus,50.7726005372136,2.79642711393795,4,GSM,2022,POINT (39101.50871977009 163629.95416572876),before,,Bombus,
7633,7633,2022-06-18,p3,Kemmelberg,blok,V,Bijen,1,Bombus,50.7775748235145,2.79594247469038,64,GSM,2022,POINT (39079.046241584365 164183.88642493822),before,,Bombus,
7634,7634,2022-06-18,p3,Kemmelberg,blok,V,Bijen,1,Bombus,50.7771447915982,2.79541369290208,4,GSM,2022,POINT (39040.746855412464 164136.85068668704),before,,Bombus,
7635,7635,2022-06-18,p3,Kemmelberg,blok,V,Bijen,1,Bombus,50.7770946203275,2.79582898132763,4,GSM,2022,POINT (39069.912425906805 164130.65071196575),before,,Bombus,
7636,7636,2022-06-18,p3,Kemmelberg,blok,V,Bijen,1,Bombus,50.7775748235145,2.79594247469038,64,GSM,2022,POINT (39079.046241584365 164183.88642493822),before,,Bombus,
7637,7637,2022-06-18,p3,Kemmelberg,blok,V,Bijen,1,Bombus,50.77713506301,2.79571624472997,8,GSM,2022,POINT (39062.0581438177 164135.31685128435),before,,Bombus,
7638,7638,2022-06-18,p3,Kemmelberg,blok,V,Bijen,1,Bombus,50.7775748235145,2.79594247469038,64,GSM,2022,POINT (39079.046241584365 164183.88642493822),before,,Bombus,
7639,7639,2022-06-18,p3,Kemmelberg,blok,V,Bijen,1,Bombus,50.7780833877786,2.79710574100597,4,GSM,2022,POINT (39162.26913821716 164238.70943475235),before,,Bombus,
7640,7640,2022-06-18,p3,Kemmelberg,blok,V,Bijen,1,Bombus,50.7782455813612,2.79690605588517,11,GSM,2022,POINT (39148.570517616114 164257.04556225426),before,,Bombus,
7641,7641,2022-06-18,p3,Kemmelberg,blok,V,Bijen,1,Bombus,50.7775320165806,2.79678813835973,35,GSM,2022,POINT (39138.576257205525 164177.8632993726),before,,Bombus,
7642,7642,2022-06-18,p3,Kemmelberg,blok,V,Bijen,1,Bombus,50.7773499750076,2.7964832726892,6,GSM,2022,POINT (39116.65049247621 164158.0727978442),before,,Bombus,
7650,7650,2022-06-20,p3,Muziekbos,sinus,V,Bijen,1,Bombus,50.7687774546321,3.65560141909321,44,GSM,2022,POINT (99693.35987517137 162272.61182814557),before,,Bombus,
7651,7651,2022-06-20,p3,Muziekbos,sinus,V,Bijen,1,Bombus,50.7687774546321,3.65560141909321,44,GSM,2022,POINT (99693.35987517137 162272.61182814557),before,,Bombus,
7652,7652,2022-06-20,p3,Muziekbos,sinus,V,Bijen,1,Bombus,50.7687774546321,3.65560141909321,44,GSM,2022,POINT (99693.35987517137 162272.61182814557),before,,Bombus,
7653,7653,2022-06-20,p3,Muziekbos,sinus,V,Bijen,1,Bombus,50.7685156167029,3.65548216738147,5,GSM,2022,POINT (99684.66842259621 162243.56745332852),before,,Bombus,
7654,7654,2022-06-20,p3,Muziekbos,sinus,V,Bijen,1,Bombus,50.7686299067503,3.65482669655087,36,GSM,2022,POINT (99638.55382069839 162256.72425674554),before,,Bombus,
7655,7655,2022-06-20,p3,Muziekbos,sinus,V,Bijen,1,Bombus,50.7686408842455,3.65509651601654,4,GSM,2022,POINT (99657.59848556016 162257.76252434496),before,,Bombus,
7656,7656,2022-06-20,p3,Muziekbos,sinus,V,Bijen,1,Bombus,50.7686931873213,3.65504228510302,7,GSM,2022,POINT (99653.82893213448 162263.61710253358),before,,Bombus,
7664,7664,2022-06-20,p3,Muziekbos,blok,V,Bijen,1,Bombus,50.7692331076141,3.65625724196774,3,GSM,2022,POINT (99740.10706787794 162322.8519276604),before,,Bombus,
7665,7665,2022-06-20,p3,Muziekbos,blok,V,Bijen,1,Bombus,50.7693489874257,3.65640509873969,6,GSM,2022,POINT (99750.66022827619 162335.64165059477),before,,Bombus,
7666,7666,2022-06-20,p3,Muziekbos,blok,V,Bijen,1,Bombus,50.7693654159559,3.65641850978476,4,GSM,2022,POINT (99751.62373768567 162337.4599838769),before,,Bombus,
7667,7667,2022-06-20,p3,Muziekbos,blok,V,Bijen,1,Bombus,50.7693848200615,3.6564043443684,3,GSM,2022,POINT (99750.64521873629 162339.62794438843),before,,Bombus,
7668,7668,2022-06-20,p3,Muziekbos,blok,V,Bijen,1,Bombus,50.7693844428762,3.65640333854002,4,GSM,2022,POINT (99750.57386706035 162339.58666883968),before,,Bombus,
7669,7669,2022-06-20,p3,Muziekbos,blok,V,Bijen,1,Bombus,50.76937371404009,3.6562920268659,4,GSM,2022,POINT (99742.71067741571 162338.46852745954),before,,Bombus,
7670,7670,2022-06-20,p3,Muziekbos,blok,V,Bijen,1,Bombus,50.769544662955,3.65600612014872,3,GSM,2022,POINT (99722.72562355845 162357.67711424828),before,,Bombus,
7671,7671,2022-06-20,p3,Muziekbos,blok,V,Bijen,1,Bombus,50.769601123812095,3.6562177050624305,49,GSM,2022,POINT (99737.7106484255 162363.81433507055),before,,Bombus,
7672,7672,2022-06-20,p3,Muziekbos,blok,V,Bijen,1,Bombus,50.7694722014024,3.6561388056759294,4,GSM,2022,POINT (99732.00773545052 162349.52722460218),before,,Bombus,
7673,7673,2022-06-21,p3,Palingbeek,blok,V,Bijen,1,Bombus,50.8223546343397,2.91144048795375,30,GSM,2022,POINT (47321.068214114755 168998.07641489245),before,,Bombus,
7674,7674,2022-06-21,p3,Palingbeek,blok,V,Bijen,1,Bombus,50.8223680453848,2.91217222810062,3,GSM,2022,POINT (47372.6476387812 168998.55681682006),before,,Bombus,
7675,7675,2022-06-21,p3,Palingbeek,blok,V,Bijen,1,Bombus,50.8224490564789,2.91206628084453,10,GSM,2022,POINT (47365.36048731893 169007.71312920284),before,,Bombus,
7676,7676,2022-06-21,p3,Palingbeek,blok,V,Bijen,1,Bombus,50.8222974697601,2.91203401051732,3,GSM,2022,POINT (47362.756445251696 168990.89845191315),before,,Bombus,
7677,7677,2022-06-21,p3,Palingbeek,blok,V,Bijen,1,Bombus,50.8220951725274,2.91180870496007,4,GSM,2022,POINT (47346.44261074514 168968.7105539674),before,,Bombus,
7693,7693,2022-06-21,p3,Palingbeek,sinus,V,Bijen,1,Bombus,50.8208055748146,2.91391147300872,13,GSM,2022,POINT (47491.77158378791 168822.37964184023),before,,Bombus,
7694,7694,2022-06-21,p3,Palingbeek,sinus,V,Bijen,1,Bombus,50.8214416774463,2.91385062039169,3,GSM,2022,POINT (47488.8701916781 168893.2100677695),before,,Bombus,
7695,7695,2022-06-21,p3,Palingbeek,sinus,V,Bijen,1,Bombus,50.8209598018329,2.91487648152086,35,GSM,2022,POINT (47560.09325278697 168838.2013882026),before,,Bombus,
7696,7696,2022-06-21,p3,Palingbeek,sinus,V,Bijen,1,Bombus,50.8205221407588,2.91501075960967,41,GSM,2022,POINT (47568.60058526248 168789.34016172495),before,,Bombus,
7697,7697,2022-06-21,p3,Palingbeek,sinus,V,Bijen,1,Bombus,50.82011754629271,2.91485577822003,6,GSM,2022,POINT (47556.80111157967 168744.55543309078),before,,Bombus,
7698,7698,2022-06-21,p3,Palingbeek,sinus,V,Bijen,1,Bombus,50.8207655512269,2.91402236558768,3,GSM,2022,POINT (47499.496907982204 168817.77525932342),before,,Bombus,
7709,7709,2022-08-02,p4,Waarmaarde,sinus,V,Bijen,1,Bombus,50.7939067064326,3.49423857406107,3,GSM,2022,POINT (88343.95829957508 165189.35435753968),after,Waarmaarde_sinus_2022_06,Bombus,-0.7684000017577766
7715,7715,2022-08-05,p4,Palingbeek,sinus,V,Bijen,1,Bombus,50.8203484677251,2.91459124535593,3,GSM,2022,POINT (47538.667005761046 168770.60302399937),after,Palingbeek_sinus_2022_06,Bombus,4.288383441901809
7716,7716,2022-08-05,p4,Palingbeek,sinus,V,Bijen,1,Bombus,50.8202684624593,2.91502190754089,3,GSM,2022,POINT (47568.833784328745 168761.11103799473),after,Palingbeek_sinus_2022_06,Bombus,3.231777775849411
7717,7717,2022-08-05,p4,Palingbeek,sinus,V,Bijen,1,Bombus,50.8203145210176,2.91500329971584,4,GSM,2022,POINT (47567.623085620085 168766.25926523935),after,Palingbeek_sinus_2022_06,Bombus,0.1
7718,7718,2022-08-05,p4,Palingbeek,sinus,V,Bijen,1,Bombus,50.8203823725238,2.91510304436359,6,GSM,2022,POINT (47574.79796809002 168773.6680857716),after,Palingbeek_sinus_2022_06,Bombus,-7.3259402515419145
7719,7719,2022-08-05,p4,Palingbeek,sinus,V,Bijen,1,Bombus,50.8205088554423,2.91515082121166,4,GSM,2022,POINT (47578.439226318456 168787.66947031766),after,Palingbeek_sinus_2022_06,Bombus,-1.5131397471993586
7720,7720,2022-08-05,p4,Palingbeek,sinus,V,Bijen,1,Bombus,50.8207154274463,2.91484043933722,5,GSM,2022,POINT (47557.02204451428 168811.07210441027),after,Palingbeek_sinus_2022_06,Bombus,-4.286300070389544
7721,7721,2022-08-05,p4,Palingbeek,sinus,V,Bijen,1,Bombus,50.8207243960824,2.91478662751886,3,GSM,2022,POINT (47553.25045979097 168812.1437927941),after,Palingbeek_sinus_2022_06,Bombus,-6.389432276389023
7722,7722,2022-08-05,p4,Palingbeek,sinus,V,Bijen,1,Bombus,50.8206257152046,2.91396348338514,4,GSM,2022,POINT (47495.043980730465 168802.30413893983),after,Palingbeek_sinus_2022_06,Bombus,-11.280993218983307
7723,7723,2022-08-05,p4,Palingbeek,sinus,V,Bijen,1,Bombus,50.8207501285251,2.9138072859523,4,GSM,2022,POINT (47484.31069801352 168816.3567557307),after,Palingbeek_sinus_2022_06,Bombus,2.45254819933971
7724,7724,2022-08-05,p4,Palingbeek,sinus,V,Bijen,1,Bombus,50.82079207995049,2.91382941417667,3,GSM,2022,POINT (47485.9610496636 168820.99199798517),after,Palingbeek_sinus_2022_06,Bombus,6.959430756084879
7725,7725,2022-08-05,p4,Palingbeek,sinus,V,Bijen,1,Bombus,50.820812573704,2.91336991824481,11,GSM,2022,POINT (47453.63370722199 168823.9054785017),after,Palingbeek_sinus_2022_06,Bombus,12.27675998143235
7726,7726,2022-08-05,p4,Palingbeek,sinus,V,Bijen,1,Bombus,50.8209499111875,2.91338995099339,4,GSM,2022,POINT (47455.34431888485 168839.15230707824),after,Palingbeek_sinus_2022_06,Bombus,1.5905608695106719
7729,7729,2022-08-05,p4,Palingbeek,blok,V,Bijen,1,Bombus,50.8227277271881,2.9114885633638,4,GSM,2022,POINT (47325.269164727404 169039.50482611358),after,Palingbeek_blok_2022_06,Bombus,-4.056849795172494
7730,7730,2022-08-05,p4,Palingbeek,blok,V,Bijen,1,Bombus,50.8228454753629,2.91149131168873,35,GSM,2022,POINT (47325.719708426856 169052.5968141826),after,Palingbeek_blok_2022_06,Bombus,-13.794758997477784
7731,7731,2022-08-05,p4,Palingbeek,blok,V,Bijen,1,Bombus,50.8226834564011,2.91125910356911,3,GSM,2022,POINT (47309.0075249378 169034.898262633),after,Palingbeek_blok_2022_06,Bombus,-10.59239241429942
7732,7732,2022-08-05,p4,Palingbeek,blok,V,Bijen,1,Bombus,50.822607809725,2.91136295534941,3,GSM,2022,POINT (47316.15862312206 169026.3413906796),after,Palingbeek_blok_2022_06,Bombus,0.3576456590033692
7733,7733,2022-08-05,p4,Palingbeek,blok,V,Bijen,1,Bombus,50.8226447320085,2.91286264546486,3,GSM,2022,POINT (47421.88983916749 169028.37593558524),after,Palingbeek_blok_2022_06,Bombus,63.445399684837994
7734,7734,2022-08-05,p4,Palingbeek,blok,V,Bijen,1,Bombus,50.8228779165547,2.9129420220879,4,GSM,2022,POINT (47427.99009708976 169054.20079966076),after,Palingbeek_blok_2022_06,Bombus,47.1114128439832
7735,7735,2022-08-05,p4,Palingbeek,blok,V,Bijen,1,Bombus,50.8225928480282,2.9122718051103,4,GSM,2022,POINT (47380.152974588505 169023.4214929361),after,Palingbeek_blok_2022_06,Bombus,43.72624024427262
7736,7736,2022-08-05,p4,Palingbeek,blok,V,Bijen,1,Bombus,50.8225739468362,2.91220994666489,3,GSM,2022,POINT (47375.75392381704 169021.40478183515),after,Palingbeek_blok_2022_06,Bombus,42.22810252416507
7747,7747,2022-08-06,p4,Muziekbos,sinus,V,Bijen,1,Bombus,50.7682067435707,3.65526515990836,8,GSM,2022,POINT (99669.03094877957 162209.35740909725),after,Muziekbos_sinus_2022_06,Bombus,-7.048310347488342
7748,7748,2022-08-06,p4,Muziekbos,sinus,V,Bijen,1,Bombus,50.7679487727145,3.65532488602377,18,GSM,2022,POINT (99672.96858876708 162180.6220181994),after,Muziekbos_sinus_2022_06,Bombus,32.61355236287841
7749,7749,2022-08-06,p4,Muziekbos,sinus,V,Bijen,1,Bombus,50.7684319653089,3.65549641661686,3,GSM,2022,POINT (99685.5842615757 162234.25298620947),after,Muziekbos_sinus_2022_06,Bombus,-2.50929940683103
7750,7750,2022-08-06,p4,Muziekbos,sinus,V,Bijen,1,Bombus,50.7684192248164,3.6553667485748,4,GSM,2022,POINT (99676.42389613751 162232.9236082863),after,Muziekbos_sinus_2022_06,Bombus,6.284915650297848
7751,7751,2022-08-06,p4,Muziekbos,sinus,V,Bijen,1,Bombus,50.768425469334,3.65535208024425,3,GSM,2022,POINT (99675.39586161132 162233.62813847512),after,Muziekbos_sinus_2022_06,Bombus,7.135435130843938
7752,7752,2022-08-06,p4,Muziekbos,sinus,V,Bijen,1,Bombus,50.7685395601334,3.6557164953814305,51,GSM,2022,POINT (99701.2234041173 162246.0721509438),after,Muziekbos_sinus_2022_06,Bombus,11.668829532984173
7753,7753,2022-08-06,p4,Muziekbos,sinus,V,Bijen,1,Bombus,50.7684150757744,3.65537563339216,5,GSM,2022,POINT (99677.04620000641 162232.45608086418),after,Muziekbos_sinus_2022_06,Bombus,5.8552631267564665
7754,7754,2022-08-06,p4,Muziekbos,sinus,V,Bijen,1,Bombus,50.768395755487504,3.65527706221086,4,GSM,2022,POINT (99670.07237182569 162230.37376712728),after,Muziekbos_sinus_2022_06,Bombus,11.27878962420598
7755,7755,2022-08-06,p4,Muziekbos,sinus,V,Bijen,1,Bombus,50.7684042212097,3.6552334763143697,4,GSM,2022,POINT (99667.0068680289 162231.34495356865),after,Muziekbos_sinus_2022_06,Bombus,9.424278020390197
7756,7756,2022-08-06,p4,Muziekbos,sinus,V,Bijen,1,Bombus,50.768402209553,3.65521327592772,4,GSM,2022,POINT (99665.57978695925 162231.13487062603),after,Muziekbos_sinus_2022_06,Bombus,8.28481672530666
7762,7762,2022-08-06,p4,Muziekbos,blok,V,Bijen,1,Bombus,50.7694027154247,3.6560953874175,22,GSM,2022,POINT (99728.87097195184 162341.8274338888),after,Muziekbos_blok_2022_06,Bombus,-2.3624090254854484
7763,7763,2022-08-06,p4,Muziekbos,blok,V,Bijen,1,Bombus,50.7697183778985,3.65603847429496,11,GSM,2022,POINT (99725.19312590752 162376.97812200524),after,Muziekbos_blok_2022_06,Bombus,19.02862361063477
7764,7764,2022-08-06,p4,Muziekbos,blok,V,Bijen,1,Bombus,50.7694634842227,3.6561315972392,12,GSM,2022,POINT (99731.48996738157 162348.5624589948),after,Muziekbos_blok_2022_06,Bombus,-2.2104390650035666
7765,7765,2022-08-06,p4,Muziekbos,blok,V,Bijen,1,Bombus,50.7695411425556,3.6561460141126494,3,GSM,2022,POINT (99732.58973391342 162357.19090401754),after,Muziekbos_blok_2022_06,Bombus,5.694762612548861
7766,7766,2022-08-06,p4,Muziekbos,blok,V,Bijen,1,Bombus,50.769498604397,3.65631675348026,3,GSM,2022,POINT (99744.58802123397 162352.34377929382),after,Muziekbos_blok_2022_06,Bombus,7.045899084592774
7767,7767,2022-08-06,p4,Muziekbos,blok,V,Bijen,1,Bombus,50.7693661703269,3.6564330104772496,3,GSM,2022,POINT (99752.64739824923 162337.53409157693),after,Muziekbos_blok_2022_06,Bombus,-2.107693896101126
7768,7768,2022-08-06,p4,Muziekbos,blok,V,Bijen,1,Bombus,50.76944546313089,3.6560972314362,3,GSM,2022,POINT (99729.04664082726 162346.5811566515),after,Muziekbos_blok_2022_06,Bombus,-5.106210262986564
7779,7779,2022-08-10,p4,Kemmelberg,sinus,V,Bijen,1,Bombus,50.7732604863598,2.7977180108454,5,GSM,2022,POINT (39194.096590062574 163701.42314327322),after,Kemmelberg_sinus_2022_06,Bombus,6.927827829274172
7780,7780,2022-08-10,p4,Kemmelberg,sinus,V,Bijen,1,Bombus,50.773277669261,2.79802042991183,3,GSM,2022,POINT (39215.46361853875 163702.88305692933),after,Kemmelberg_sinus_2022_06,Bombus,4.560457011825358
7781,7781,2022-08-10,p4,Kemmelberg,sinus,V,Bijen,1,Bombus,50.7729581930216,2.79786536470316,3,GSM,2022,POINT (39203.776944603 163667.58420040645),after,Kemmelberg_sinus_2022_06,Bombus,0.522230285336075
7782,7782,2022-08-10,p4,Kemmelberg,sinus,V,Bijen,1,Bombus,50.7729069758498,2.79783003386608,4,GSM,2022,POINT (39201.164920325 163661.94084811956),after,Kemmelberg_sinus_2022_06,Bombus,3.5585873501502796
7783,7783,2022-08-10,p4,Kemmelberg,sinus,V,Bijen,1,Bombus,50.7726643654059,2.79798765667043,4,GSM,2022,POINT (39211.70995532851 163634.72415930033),after,Kemmelberg_sinus_2022_06,Bombus,8.100443696068169
7784,7784,2022-08-10,p4,Kemmelberg,sinus,V,Bijen,1,Bombus,50.772810587707,2.79745590873323,4,GSM,2022,POINT (39174.55460974027 163651.7792653134),after,Kemmelberg_sinus_2022_06,Bombus,5.820413051060773
7785,7785,2022-08-10,p4,Kemmelberg,sinus,V,Bijen,1,Bombus,50.7728071511264,2.79743864201269,3,GSM,2022,POINT (39173.328862159775 163651.42283123266),after,Kemmelberg_sinus_2022_06,Bombus,5.063859928000471
7786,7786,2022-08-10,p4,Kemmelberg,sinus,V,Bijen,1,Bombus,50.7729854274487,2.79714277743789,4,GSM,2022,POINT (39152.883804911835 163671.691041667),after,Kemmelberg_sinus_2022_06,Bombus,1.2606139293954017
7787,7787,2022-08-10,p4,Kemmelberg,sinus,V,Bijen,1,Bombus,50.7731413460557,2.79722668830391,4,GSM,2022,POINT (39159.16813760689 163688.9061105214),after,Kemmelberg_sinus_2022_06,Bombus,-13.25138268025417
7788,7788,2022-08-10,p4,Kemmelberg,sinus,V,Bijen,1,Bombus,50.7726346096496,2.79694586992524,3,GSM,2022,POINT (39138.17212268931 163632.96916342154),after,Kemmelberg_sinus_2022_06,Bombus,2.0471835096574615
7789,7789,2022-08-10,p4,Kemmelberg,sinus,V,Bijen,1,Bombus,50.7726048119839,2.79661168344579,3,GSM,2022,POINT (39114.534815719235 163630.15405126382),after,Kemmelberg_sinus_2022_06,Bombus,-2.803161016880285
7790,7790,2022-08-10,p4,Kemmelberg,sinus,V,Bijen,1,Bombus,50.7726601325448,2.79622653499506,3,GSM,2022,POINT (39087.50401132727 163636.8814404225),after,Kemmelberg_sinus_2022_06,Bombus,3.421239877254484
7791,7791,2022-08-10,p4,Kemmelberg,sinus,V,Bijen,1,Bombus,50.7726839371498,2.79622393660507,3,GSM,2022,POINT (39087.37682180514 163639.53271608986),after,Kemmelberg_sinus_2022_06,Bombus,3.320276195466865
7792,7792,2022-08-10,p4,Kemmelberg,sinus,V,Bijen,1,Bombus,50.7728623040493,2.7964523434665,3,GSM,2022,POINT (39103.90421053098 163659.02853791136),after,Kemmelberg_sinus_2022_06,Bombus,10.437896555785597
7802,7802,2022-08-10,p4,Kemmelberg,blok,V,Bijen,1,Bombus,50.7782044262166,2.79711761512122,3,GSM,2022,POINT (39163.39125662499 164252.15286154766),after,Kemmelberg_blok_2022_06,Bombus,125.05149327640494
7803,7803,2022-08-10,p4,Kemmelberg,blok,V,Bijen,1,Bombus,50.7782706265078,2.79710556011224,4,GSM,2022,POINT (39162.697016900056 164259.53323412407),after,Kemmelberg_blok_2022_06,Bombus,129.66831183945823
7804,7804,2022-08-10,p4,Kemmelberg,blok,V,Bijen,1,Bombus,50.7783765905078,2.7970927208688,3,GSM,2022,POINT (39162.04105906401 164271.33705016598),after,Kemmelberg_blok_2022_06,Bombus,137.37966024395556
7805,7805,2022-08-10,p4,Kemmelberg,blok,V,Bijen,1,Bombus,50.7783697533497,2.79701458769793,4,GSM,2022,POINT (39156.51561103953 164270.69324785192),after,Kemmelberg_blok_2022_06,Bombus,132.9515826739607
7806,7806,2022-08-10,p4,Kemmelberg,blok,V,Bijen,1,Bombus,50.7780867862059,2.79661134816966,4,GSM,2022,POINT (39127.41610011773 164239.8251758814),after,Kemmelberg_blok_2022_06,Bombus,90.58010191568691
7807,7807,2022-08-10,p4,Kemmelberg,blok,V,Bijen,1,Bombus,50.7780200243469,2.79674202204011,3,GSM,2022,POINT (39136.47313458921 164232.20530829113),after,Kemmelberg_blok_2022_06,Bombus,91.82356328167548
7808,7808,2022-08-10,p4,Kemmelberg,blok,V,Bijen,1,Bombus,50.7779853246668,2.79676537055735,35,GSM,2022,POINT (39138.037829411 164228.31138007808),after,Kemmelberg_blok_2022_06,Bombus,90.25129112983609
7809,7809,2022-08-10,p4,Kemmelberg,blok,V,Bijen,1,Bombus,50.7778491173412,2.79617163352928,8,GSM,2022,POINT (39095.85093755927 164214.04951533303),after,Kemmelberg_blok_2022_06,Bombus,49.962607426740334
7810,7810,2022-08-10,p4,Kemmelberg,blok,V,Bijen,1,Bombus,50.7775530685215,2.79613542370758,4,GSM,2022,POINT (39092.60053848504 164181.17887692712),after,Kemmelberg_blok_2022_06,Bombus,24.829852962736194
7811,7811,2022-08-10,p4,Kemmelberg,blok,V,Bijen,1,Bombus,50.7775536552547,2.79610809870324,4,GSM,2022,POINT (39090.67513543976 164181.28492677957),after,Kemmelberg_blok_2022_06,Bombus,23.515912683703515
7812,7812,2022-08-10,p4,Kemmelberg,blok,V,Bijen,1,Bombus,50.777551266412,2.79610466212294,3,GSM,2022,POINT (39090.427184452084 164181.02438560687),after,Kemmelberg_blok_2022_06,Bombus,23.156592989719766
7813,7813,2022-08-10,p4,Kemmelberg,blok,V,Bijen,1,Bombus,50.7775256177886,2.79570233077071,7,GSM,2022,POINT (39061.99693560338 164178.7726827748),after,Kemmelberg_blok_2022_06,Bombus,1.1082196843928476
7814,7814,2022-08-10,p4,Kemmelberg,blok,V,Bijen,1,Bombus,50.7771124318714,2.79543427750728,3,GSM,2022,POINT (39042.12212851987 164133.22109403554),after,Kemmelberg_blok_2022_06,Bombus,-44.59647472841609
7815,7815,2022-08-10,p4,Kemmelberg,blok,V,Bijen,1,Bombus,50.777124334174,2.79508156702182,3,GSM,2022,POINT (39017.27905837208 164135.07169482764),after,Kemmelberg_blok_2022_06,Bombus,61.41559883107991
7816,7816,2022-08-10,p4,Kemmelberg,blok,V,Bijen,1,Bombus,50.7769588754053,2.79571046121678,5,GSM,2022,POINT (39061.23532871129 164115.73101005796),after,Kemmelberg_blok_2022_06,Bombus,-42.949819289299256
7817,7817,2022-08-10,p4,Kemmelberg,blok,V,Bijen,1,Bombus,50.7769534271683,2.79566603712997,3,GSM,2022,POINT (39058.089953606206 164115.19143701904),after,Kemmelberg_blok_2022_06,Bombus,-45.590521365325664
7818,7818,2022-08-10,p4,Kemmelberg,blok,V,Bijen,1,Bombus,50.7773066405679,2.79629970900974,3,GSM,2022,POINT (39103.60466555129 164153.52743283007),after,Kemmelberg_blok_2022_06,Bombus,13.587750533495468
7829,7829,2022-08-24,p5,Palingbeek,sinus,V,Bijen,1,Bombus,50.8210160444035,2.91497454978797,8,GSM,2022,POINT (47567.124678802415 168844.32138112746),,Palingbeek_sinus_2022_06,Bombus,30.142181440791372
7830,7830,2022-08-24,p5,Palingbeek,sinus,V,Bijen,1,Bombus,50.8207637910273,2.91478537023338,7,GSM,2022,POINT (47553.24764871481 168816.5269785244),,Palingbeek_sinus_2022_06,Bombus,-10.71999832231492
7831,7831,2022-08-24,p5,Palingbeek,sinus,V,Bijen,1,Bombus,50.8207326522573,2.91496172547611,4,GSM,2022,POINT (47565.604300954365 168812.82057532202),,Palingbeek_sinus_2022_06,Bombus,-3.9681470498492497
7832,7832,2022-08-24,p5,Palingbeek,sinus,V,Bijen,1,Bombus,50.8205520222436,2.91518334299597,5,GSM,2022,POINT (47580.82438933273 168792.42558477446),,Palingbeek_sinus_2022_06,Bombus,0.04803417545908254
7833,7833,2022-08-24,p5,Palingbeek,sinus,V,Bijen,1,Bombus,50.8205008507251,2.91500849649581,9,GSM,2022,POINT (47568.394802233 168786.9754338609),,Palingbeek_sinus_2022_06,Bombus,1.6841044575699382
7834,7834,2022-08-24,p5,Palingbeek,sinus,V,Bijen,1,Bombus,50.8203532454102,2.91506406851384,7,GSM,2022,POINT (47571.9886507522 168770.48234803602),,Palingbeek_sinus_2022_06,Bombus,-4.153551073641275
7835,7835,2022-08-24,p5,Palingbeek,sinus,V,Bijen,1,Bombus,50.8209603047471,2.91327637620541,3,GSM,2022,POINT (47447.36552657471 168840.4650477348),,Palingbeek_sinus_2022_06,Bombus,0.5749021491022087
7836,7836,2022-08-24,p5,Palingbeek,sinus,V,Bijen,1,Bombus,50.8210320119288,2.91311695240709,4,GSM,2022,POINT (47436.290274979285 168848.66031549778),,Palingbeek_sinus_2022_06,Bombus,-0.07367452878936426
7837,7837,2022-08-24,p5,Palingbeek,sinus,V,Bijen,1,Bombus,50.8215117920663,2.91354845278236,4,GSM,2022,POINT (47467.735214521934 168901.42513473704),,Palingbeek_sinus_2022_06,Bombus,3.8820544615014994
7844,7844,2022-08-24,p5,Palingbeek,blok,V,Bijen,1,Bombus,50.8228275832262,2.9115516319898,6,GSM,2022,POINT (47329.93011384239 169050.52350671124),,Palingbeek_blok_2022_06,Bombus,-9.486146535419982
7845,7845,2022-08-24,p5,Palingbeek,blok,V,Bijen,1,Bombus,50.822704159702,2.91147334501418,3,GSM,2022,POINT (47324.14563426317 169036.90471748915),,Palingbeek_blok_2022_06,Bombus,-2.7605265057249837
7846,7846,2022-08-24,p5,Palingbeek,blok,V,Bijen,1,Bombus,50.8225499745931,2.91143973358246,3,GSM,2022,POINT (47321.44132156114 169019.8029239783),,Palingbeek_blok_2022_06,Bombus,8.758834173984287
7847,7847,2022-08-24,p5,Palingbeek,blok,V,Bijen,1,Bombus,50.8225048799541,2.91175816208395,4,GSM,2022,POINT (47343.77573601779 169014.34748001676),,Palingbeek_blok_2022_06,Bombus,26.929940979835468
7848,7848,2022-08-24,p5,Palingbeek,blok,V,Bijen,1,Bombus,50.8225111663818,2.91188749484989,4,GSM,2022,POINT (47352.90075141928 169014.86793169193),,Palingbeek_blok_2022_06,Bombus,32.35206257401275
7849,7849,2022-08-24,p5,Palingbeek,blok,V,Bijen,1,Bombus,50.8225302638361,2.91217766063596,4,GSM,2022,POINT (47373.38415157501 169016.59102173895),,Palingbeek_blok_2022_06,Bombus,44.332312125017076
7850,7850,2022-08-24,p5,Palingbeek,blok,V,Bijen,1,Bombus,50.822274000431506,2.91222210042449,7,GSM,2022,POINT (47375.95597550849 168988.02837088238),,Palingbeek_blok_2022_06,Bombus,67.73403713622024
7851,7851,2022-08-24,p5,Palingbeek,blok,V,Bijen,1,Bombus,50.8224102901771,2.91250733658942,4,GSM,2022,POINT (47396.34772271241 169002.7923238231),,Palingbeek_blok_2022_06,Bombus,69.81722729507068
7852,7852,2022-08-24,p5,Palingbeek,blok,V,Bijen,1,Bombus,50.822765012319,2.91293397546085,3,GSM,2022,POINT (47427.177112799414 169041.65485469624),,Palingbeek_blok_2022_06,Bombus,56.259001271983095
7853,7853,2022-08-24,p5,Palingbeek,blok,V,Bijen,1,Bombus,50.8230542103856,2.91237853679804,4,GSM,2022,POINT (47388.6781411042 169074.58614495676),,Palingbeek_blok_2022_06,Bombus,6.571811833052319
7854,7854,2022-08-24,p5,Palingbeek,blok,V,Bijen,1,Bombus,50.8228829037874,2.91231237352165,4,GSM,2022,POINT (47383.643505720625 169055.6250531897),,Palingbeek_blok_2022_06,Bombus,19.84994097697128
7857,7857,2022-08-25,p5,Waarmaarde,sinus,V,Bijen,1,Bombus,50.7941626478462,3.49398426711884,4,GSM,2022,POINT (88326.36479646048 165218.0341239674),,Waarmaarde_sinus_2022_06,Bombus,5.175552672114932
7858,7858,2022-08-25,p5,Waarmaarde,sinus,V,Bijen,1,Bombus,50.794084696146705,3.49378519691852,4,GSM,2022,POINT (88312.22831901838 165209.52868089173),,Waarmaarde_sinus_2022_06,Bombus,-4.131623698947982
7871,7871,2022-08-29,p5,Kemmelberg,sinus,V,Bijen,1,Bombus,50.772917874400704,2.79682734902788,43,GSM,2022,POINT (39130.48064323318 163664.6489527654),,Kemmelberg_sinus_2022_06,Bombus,12.373169306117399
7872,7872,2022-08-29,p5,Kemmelberg,sinus,V,Bijen,1,Bombus,50.7730585663124,2.79693773947916,37,GSM,2022,POINT (39138.596569589296 163680.1310597863),,Kemmelberg_sinus_2022_06,Bombus,-4.768820729902475
7873,7873,2022-08-29,p5,Kemmelberg,sinus,V,Bijen,1,Bombus,50.7730688341438,2.79701015912256,4,GSM,2022,POINT (39143.727793837184 163681.16490632202),,Kemmelberg_sinus_2022_06,Bombus,-7.5439596210239825
7874,7874,2022-08-29,p5,Kemmelberg,sinus,V,Bijen,1,Bombus,50.7732203789528,2.79788078740499,4,GSM,2022,POINT (39205.48126576554 163696.71985788923),,Kemmelberg_sinus_2022_06,Bombus,7.015298627238707
7875,7875,2022-08-29,p5,Kemmelberg,sinus,V,Bijen,1,Bombus,50.7731372519885,2.79781518973414,4,GSM,2022,POINT (39200.659772863204 163687.57284353022),,Kemmelberg_sinus_2022_06,Bombus,11.470581784397508
7876,7876,2022-08-29,p5,Kemmelberg,sinus,V,Bijen,1,Bombus,50.7730409224059,2.79800467193387,3,GSM,2022,POINT (39213.79554180088 163676.577068978),,Kemmelberg_sinus_2022_06,Bombus,-4.619679138824037
7877,7877,2022-08-29,p5,Kemmelberg,sinus,V,Bijen,1,Bombus,50.7727049338176,2.79782940633855,7,GSM,2022,POINT (39200.64541535798 163639.47194939293),,Kemmelberg_sinus_2022_06,Bombus,1.7914289685723448
7878,7878,2022-08-29,p5,Kemmelberg,sinus,V,Bijen,1,Bombus,50.772716371342895,2.79669630840737,4,GSM,2022,POINT (39120.76525905864 163642.43465375062),,Kemmelberg_sinus_2022_06,Bombus,8.288559457719352
7879,7879,2022-08-29,p5,Kemmelberg,sinus,V,Bijen,1,Bombus,50.7726850267972,2.79656214639804,3,GSM,2022,POINT (39111.23024879108 163639.14897718094),,Kemmelberg_sinus_2022_06,Bombus,6.552100827663967
7891,7891,2022-08-29,p5,Kemmelberg,blok,V,Bijen,1,Bombus,50.7770808664933,2.79608645479418,4,GSM,2022,POINT (39088.03559717843 164128.7366372347),,Kemmelberg_blok_2022_06,Bombus,15.148028085036627
7892,7892,2022-08-29,p5,Kemmelberg,blok,V,Bijen,1,Bombus,50.777046969207696,2.79588622972629,3,GSM,2022,POINT (39073.837030488154 164125.26576470397),,Kemmelberg_blok_2022_06,Bombus,-27.25806855167495
7893,7893,2022-08-29,p5,Kemmelberg,blok,V,Bijen,1,Bombus,50.7768281177159,2.79560116119943,3,GSM,2022,POINT (39053.22008349879 164101.35220099892),,Kemmelberg_blok_2022_06,Bombus,-58.69508315246735
7894,7894,2022-08-29,p5,Kemmelberg,blok,V,Bijen,1,Bombus,50.7771297405015,2.79508994892499,3,GSM,2022,POINT (39017.88284100665 164135.66042971984),,Kemmelberg_blok_2022_06,Bombus,60.572313223256955
7895,7895,2022-08-29,p5,Kemmelberg,blok,V,Bijen,1,Bombus,50.7771156589045,2.79521240853033,4,GSM,2022,POINT (39026.48480657546 164133.91141275223),,Kemmelberg_blok_2022_06,Bombus,-55.38629352343259
7896,7896,2022-08-29,p5,Kemmelberg,blok,V,Bijen,1,Bombus,50.777234472382,2.79554265551529,4,GSM,2022,POINT (39050.05181012578 164146.63179436605),,Kemmelberg_blok_2022_06,Bombus,-29.584096043124607
7897,7897,2022-08-29,p5,Kemmelberg,blok,V,Bijen,1,Bombus,50.777986677429105,2.79680728258896,33,GSM,2022,POINT (39140.99635558021 164228.39927698392),,Kemmelberg_blok_2022_06,Bombus,92.44418317160007
7898,7898,2022-08-29,p5,Kemmelberg,blok,V,Bijen,1,Bombus,50.7778072078256,2.79716371558867,4,GSM,2022,POINT (39165.70717272915 164207.90791460127),,Kemmelberg_blok_2022_06,Bombus,96.04364735974283
7899,7899,2022-08-29,p5,Kemmelberg,blok,V,Bijen,1,Bombus,50.7778041903405,2.79712499119601,4,GSM,2022,POINT (39162.969488913484 164207.63010743167),,Kemmelberg_blok_2022_06,Bombus,93.8782249002637
7909,7909,2022-08-31,p5,Muziekbos,sinus,V,Bijen,1,Bombus,50.7682783250241,3.65537186153573,4,GSM,2022,POINT (99676.63412665615 162217.24739796855),,Muziekbos_sinus_2022_06,Bombus,3.5690914782942453
7910,7910,2022-08-31,p5,Muziekbos,sinus,V,Bijen,1,Bombus,50.7682609325747,3.65541653707963,3,GSM,2022,POINT (99679.76697393713 162215.282530169),,Muziekbos_sinus_2022_06,Bombus,1.9949855327467372
7911,7911,2022-08-31,p5,Muziekbos,sinus,V,Bijen,1,Bombus,50.7683237549393,3.6554307863150304,5,GSM,2022,POINT (99680.83918545287 162222.26082154457),,Muziekbos_sinus_2022_06,Bombus,3.4404417216453345
7912,7912,2022-08-31,p5,Muziekbos,sinus,V,Bijen,1,Bombus,50.7683705270588,3.65549206169013,35,GSM,2022,POINT (99685.21147994022 162227.4219550714),,Muziekbos_sinus_2022_06,Bombus,-1.2236604712439685
7913,7913,2022-08-31,p5,Muziekbos,sinus,V,Bijen,1,Bombus,50.76836264697,3.6554959137026706,4,GSM,2022,POINT (99685.47478862025 162226.54281909857),,Muziekbos_sinus_2022_06,Bombus,-1.2572630745473634
7914,7914,2022-08-31,p5,Muziekbos,sinus,V,Bijen,1,Bombus,50.7684283191811,3.65539306775075,3,GSM,2022,POINT (99678.29015664705 162233.91738432087),,Muziekbos_sinus_2022_06,Bombus,4.233716978347681
7915,7915,2022-08-31,p5,Muziekbos,sinus,V,Bijen,1,Bombus,50.7685285248335,3.65557403304023,3,GSM,2022,POINT (99691.16237764897 162244.94108012784),,Muziekbos_sinus_2022_06,Bombus,-2.429372101197902
7916,7916,2022-08-31,p5,Muziekbos,sinus,V,Bijen,1,Bombus,50.7685789419814,3.65562591702086,24,GSM,2022,POINT (99694.87606832114 162250.5140275592),,Muziekbos_sinus_2022_06,Bombus,9.317523387108038
7917,7917,2022-08-31,p5,Muziekbos,sinus,V,Bijen,1,Bombus,50.7687485917012,3.65551737137479,3,GSM,2022,POINT (99687.40039595444 162269.4582009511),,Muziekbos_sinus_2022_06,Bombus,8.715189934355482
7918,7918,2022-08-31,p5,Muziekbos,sinus,V,Bijen,1,Bombus,50.7684971681815,3.65503002391354,79,GSM,2022,POINT (99652.7546470212 162241.82155276276),,Muziekbos_sinus_2022_06,Bombus,-7.602066401745926
7928,7928,2022-08-31,p5,Muziekbos,blok,V,Bijen,1,Bombus,50.7694340637426,3.6563923582468703,4,GSM,2022,POINT (99749.85223830212 162345.11358735524),,Muziekbos_blok_2022_06,Bombus,3.0416718991827607
7929,7929,2022-08-31,p5,Muziekbos,blok,V,Bijen,1,Bombus,50.7694589999049,3.6563833896104705,4,GSM,2022,POINT (99749.24619180261 162347.8933837805),,Muziekbos_blok_2022_06,Bombus,5.232473609403365
7930,7930,2022-08-31,p5,Muziekbos,blok,V,Bijen,1,Bombus,50.7694915635984,3.65628263913435,3,GSM,2022,POINT (99742.17414732507 162351.5836754935),,Muziekbos_blok_2022_06,Bombus,5.261939715198643
7965,7965,2022-09-21,p6,Muziekbos,sinus,V,Bijen,1,Bombus,50.7680979464675,3.65534042939884,69,GSM,2022,POINT (99674.22430516145 162197.204580185),,Muziekbos_sinus_2022_06,Bombus,16.02195510870402
7966,7966,2022-09-21,p6,Muziekbos,sinus,V,Bijen,1,Bombus,50.7681802986662,3.6554535850916494,4,GSM,2022,POINT (99682.29426216248 162206.28827234078),,Muziekbos_sinus_2022_06,Bombus,7.265949861681213
7967,7967,2022-09-21,p6,Muziekbos,sinus,V,Bijen,1,Bombus,50.7682924066214,3.6553715262596,4,GSM,2022,POINT (99676.62551101382 162218.81396744307),,Muziekbos_sinus_2022_06,Bombus,4.832569308688758
7968,7968,2022-09-21,p6,Muziekbos,sinus,V,Bijen,1,Bombus,50.7682985673203,3.65536976605994,4,GSM,2022,POINT (99676.50792417358 162219.50043409597),,Muziekbos_sinus_2022_06,Bombus,5.257299649178776
7969,7969,2022-09-21,p6,Muziekbos,sinus,V,Bijen,1,Bombus,50.7688279264151,3.65524630062622,6,GSM,2022,POINT (99668.36395804693 162278.4663980063),,Muziekbos_sinus_2022_06,Bombus,9.249752276059336
7970,7970,2022-09-21,p6,Muziekbos,sinus,V,Bijen,1,Bombus,50.7687339233707,3.6549986992065295,7,GSM,2022,POINT (99650.79792351052 162268.17783358973),,Muziekbos_sinus_2022_06,Bombus,10.272443235573737
7976,7976,2022-09-21,p6,Muziekbos,blok,V,Bijen,1,Bombus,50.7694307528912,3.6566083598916,10,GSM,2022,POINT (99765.08510799795 162344.59929323383),,Muziekbos_blok_2022_06,Bombus,9.834495446707177
7977,7977,2022-09-21,p6,Muziekbos,blok,V,Bijen,1,Bombus,50.7694922760601,3.6564807035062894,3,GSM,2022,POINT (99756.14602253822 162351.52901136596),,Muziekbos_blok_2022_06,Bombus,11.661439176987844
7978,7978,2022-09-21,p6,Muziekbos,blok,V,Bijen,1,Bombus,50.7694730395924,3.65604467690331,5,GSM,2022,POINT (99725.3689474294 162349.6841267813),,Muziekbos_blok_2022_06,Bombus,-4.201637398364748
7979,7979,2022-09-21,p6,Muziekbos,blok,V,Bijen,1,Bombus,50.7699613692711,3.65626721643251,28,GSM,2022,POINT (99741.5872326713 162403.85216259025),,Muziekbos_blok_2022_06,Bombus,50.50803810473582
7983,7983,2022-09-22,p6,Palingbeek,blok,V,Bijen,1,Bombus,50.8228153037383,2.91192345321449,4,GSM,2022,POINT (47356.09740249715 169048.64397854637),,Palingbeek_blok_2022_06,Bombus,8.935112437996372
7984,7984,2022-09-22,p6,Palingbeek,blok,V,Bijen,1,Bombus,50.8227043692499,2.91153646074506,5,GSM,2022,POINT (47328.592482130654 169036.84078917652),,Palingbeek_blok_2022_06,Bombus,0.1
7985,7985,2022-09-22,p6,Palingbeek,blok,V,Bijen,1,Bombus,50.8228910342332,2.91254991665753,11,GSM,2022,POINT (47400.39566429607 169056.2012055386),,Palingbeek_blok_2022_06,Bombus,28.301116367694117
7986,7986,2022-09-22,p6,Palingbeek,blok,V,Bijen,1,Bombus,50.8222797839444,2.91209637187692,3,GSM,2022,POINT (47367.11115560251 168988.84530138597),,Palingbeek_blok_2022_06,Bombus,61.4478346242884
7991,7991,2022-09-22,p6,Palingbeek,sinus,V,Bijen,1,Bombus,50.8208911959558,2.91457858868214,4,GSM,2022,POINT (47538.95705527639 168830.98196655512),,Palingbeek_sinus_2022_06,Bombus,-0.2608319998682288
7992,7992,2022-09-22,p6,Palingbeek,sinus,V,Bijen,1,Bombus,50.8209329378333,2.91455327533456,3,GSM,2022,POINT (47537.264595157656 168835.65935503598),,Palingbeek_sinus_2022_06,Bombus,0.6684159479962404
7993,7993,2022-09-22,p6,Palingbeek,sinus,V,Bijen,1,Bombus,50.8206401579558,2.91480883956226,16,GSM,2022,POINT (47554.631935030266 168802.74431201722),,Palingbeek_sinus_2022_06,Bombus,2.9105681851586866
7994,7994,2022-09-22,p6,Palingbeek,sinus,V,Bijen,1,Bombus,50.8206767449628,2.91538576595756,55,GSM,2022,POINT (47595.356812736645 168806.0180155374),,Palingbeek_sinus_2022_06,Bombus,16.872395987975874
7995,7995,2022-09-22,p6,Palingbeek,sinus,V,Bijen,1,Bombus,50.8204896189748,2.91509801522168,4,GSM,2022,POINT (47574.677090869736 168785.60282332357),,Palingbeek_sinus_2022_06,Bombus,-2.439009519886674
7996,7996,2022-09-22,p6,Palingbeek,sinus,V,Bijen,1,Bombus,50.8202744555201,2.91447817348215,68,GSM,2022,POINT (47530.539723529044 168762.5274519287),,Palingbeek_sinus_2022_06,Bombus,5.893752243274815
7997,7997,2022-09-22,p6,Palingbeek,sinus,V,Bijen,1,Bombus,50.8213079441812,2.91393452324244,3,GSM,2022,POINT (47494.48984069798 168878.22066050582),,Palingbeek_sinus_2022_06,Bombus,3.3425852203610056
8006,8006,2022-09-22,p6,Kemmelberg,sinus,V,Bijen,1,Bombus,50.772641524719695,2.79699976556263,3,GSM,2022,POINT (39141.989171099965 163633.65778083168),,Kemmelberg_sinus_2022_06,Bombus,-1.0216062966616013
8007,8007,2022-09-22,p6,Kemmelberg,sinus,V,Bijen,1,Bombus,50.77291745382551,2.79682688332526,43,GSM,2022,POINT (39130.44681169522 163664.6028741328),,Kemmelberg_sinus_2022_06,Bombus,12.42816421831537
8008,8008,2022-09-22,p6,Kemmelberg,sinus,V,Bijen,1,Bombus,50.7726269402082,2.79670539312325,3,GSM,2022,POINT (39121.195407044346 163632.475132945),,Kemmelberg_sinus_2022_06,Bombus,-1.2808478209272423
8009,8009,2022-09-22,p6,Kemmelberg,sinus,V,Bijen,1,Bombus,50.772910458083,2.79623776674531,5,GSM,2022,POINT (39088.88550742195 163664.70427807514),,Kemmelberg_sinus_2022_06,Bombus,-3.1323221934667407
8010,8010,2022-09-22,p6,Kemmelberg,sinus,V,Bijen,1,Bombus,50.7730163634296,2.79709448106847,3,GSM,2022,POINT (39149.550725084104 163675.20361412037),,Kemmelberg_sinus_2022_06,Bombus,-2.660691183444578
8011,8011,2022-09-22,p6,Kemmelberg,sinus,V,Bijen,1,Bombus,50.7731024063324,2.79761147732585,4,GSM,2022,POINT (39186.21194497452 163684.00139975082),,Kemmelberg_sinus_2022_06,Bombus,10.994125614409302
8012,8012,2022-09-22,p6,Kemmelberg,sinus,V,Bijen,1,Bombus,50.7730540819939,2.79809444211684,3,GSM,2022,POINT (39220.15712092188 163677.90671709832),,Kemmelberg_sinus_2022_06,Bombus,10.269526307887064
8018,8018,2022-09-22,p6,Kemmelberg,blok,V,Bijen,1,Bombus,50.777287948923906,2.79557056725285,3,GSM,2022,POINT (39052.145951227416 164152.5374311544),,Kemmelberg_blok_2022_06,Bombus,-23.980427564513477
8019,8019,2022-09-22,p6,Kemmelberg,blok,V,Bijen,1,Bombus,50.7770916447516,2.79509874992332,3,GSM,2022,POINT (39018.41367031586 164131.41051155794),,Kemmelberg_blok_2022_06,Bombus,63.136422887136085
8020,8020,2022-09-22,p6,Kemmelberg,blok,V,Bijen,1,Bombus,50.7772812853108,2.79589343816302,4,GSM,2022,POINT (39074.89717656071 164151.3141676411),,Kemmelberg_blok_2022_06,Bombus,-8.433755074909076
8021,8021,2022-09-22,p6,Kemmelberg,blok,V,Bijen,1,Bombus,50.778184770653695,2.79726907611153,3,GSM,2022,POINT (39174.0249221516 164249.7409131378),,Kemmelberg_blok_2022_06,Bombus,131.04194467594368
8028,8028,2022-09-23,p6,Waarmaarde2,sinus,V,Bijen,1,Bombus,50.7811859110846,3.47091944888557,4,GSM,2022,POINT (86682.86527969461 163794.0158602735),,,Bombus,
8029,8029,2022-09-23,p6,Waarmaarde2,sinus,V,Bijen,1,Bombus,50.7813189318879,3.47139579244281,5,GSM,2022,POINT (86716.63515720228 163808.4060766222),,,Bombus,
8030,8030,2022-09-23,p6,Waarmaarde2,sinus,V,Bijen,1,Bombus,50.7814068580522,3.47146544605816,8,GSM,2022,POINT (86721.66513679127 163818.12684677262),,,Bombus,
8033,8033,2022-09-23,p6,Waarmaarde2,blok,V,Bijen,1,Bombus,50.7804497704382,3.46878977492774,3,GSM,2022,POINT (86531.69146352253 163713.95129999705),,,Bombus,
8034,8034,2022-09-23,p6,Waarmaarde2,blok,V,Bijen,1,Bombus,50.7803325914322,3.46925555728699,4,GSM,2022,POINT (86564.38061194374 163700.51967622805),,,Bombus,
8039,8039,2022-09-30,p6,Waarmaarde,sinus,V,Bijen,1,Bombus,50.794212548041294,3.49393105929518,40,GSM,2022,POINT (88322.67900984117 165223.62875625677),,Waarmaarde_sinus_2022_06,Bombus,-0.6697420580229018
8040,8040,2022-09-30,p6,Waarmaarde,sinus,V,Bijen,1,Bombus,50.7946832661742,3.49440050248788,41,GSM,2022,POINT (88356.39065083949 165275.59789128602),,Waarmaarde_sinus_2022_06,Bombus,46.6661474499954
8043,8043,2022-09-30,p6,Waarmaarde,blok,V,Bijen,1,Bombus,50.79320283611369,3.49276511930254,3,GSM,2022,POINT (88239.15671973675 165112.28544419166),,Waarmaarde_blok_2022_06,Bombus,-4.936896391030471
8044,8044,2022-09-30,p6,Waarmaarde,blok,V,Bijen,1,Bombus,50.7934745774146,3.49224778823879,3,GSM,2022,POINT (88203.04086658629 165142.94170230348),,Waarmaarde_blok_2022_06,Bombus,38.521990866147824
8045,8045,2022-04-12,p1,Palingbeek,sinus,V,Bijen,1,Bombus,50.820577126044,2.91447649710151,4,GSM,2022,POINT (47531.08069954468 168796.1923599895),,,Bombus,
8049,8049,2022-04-15,p1,Muziekbos,sinus,V,Bijen,1,Bombus,50.7683437876876,3.6552885454182,5,GSM,2022,POINT (99670.82690412228 162224.58544136118),,,Bombus,
8051,8051,2022-04-15,p1,Muziekbos,blok,V,Bijen,1,Bombus,50.7694401825319,3.6559442617033104,27,GSM,2022,POINT (99718.25077882182 162346.09725517593),,,Bombus,
8055,8055,2022-04-20,p1,Waarmaarde,sinus,V,Bijen,1,Bombus,50.7939244760673,3.49387647584406,3,GSM,2022,POINT (88318.45363401642 165191.63139962964),,,Bombus,
8056,8056,2022-04-20,p1,Waarmaarde,sinus,V,Bijen,1,Bombus,50.7939235540583,3.49372878671017,6,GSM,2022,POINT (88308.04034152819 165191.65144398436),,,Bombus,
8058,8058,2022-04-23,p1,Waarmaarde2,blok,V,Bijen,1,Bombus,50.7804747904192,3.46860604361022,45,GSM,2022,POINT (86518.76846199238 163716.89123227727),,,Bombus,
8062,8062,2022-04-23,p1,Waarmaarde2,sinus,V,Bijen,1,Bombus,50.7814519526913,3.47104492597605,4,GSM,2022,POINT (86692.07128964935 163823.50093680527),,,Bombus,
8063,8063,2022-04-23,p1,Waarmaarde2,sinus,V,Bijen,1,Bombus,50.7813380426268,3.47116872668589,3,GSM,2022,POINT (86700.64846804902 163810.72517743986),,,Bombus,
8082,8082,2022-05-11,p2,Palingbeek,blok,V,Bijen,1,Bombus,50.8227490028839,2.91140226647528,3,GSM,2022,POINT (47319.23613291659 169041.99035707396),,,Bombus,
8083,8083,2022-05-11,p2,Palingbeek,blok,V,Bijen,1,Bombus,50.8223567298158,2.91226325556907,4,GSM,2022,POINT (47379.03573083492 168997.17256419547),,,Bombus,
8084,8084,2022-05-11,p2,Palingbeek,blok,V,Bijen,1,Bombus,50.8225065982442,2.91190174408528,6,GSM,2022,POINT (47353.89462388317 169014.34018076677),,,Bombus,
8089,8089,2022-05-14,p2,Muziekbos,sinus,V,Bijen,1,Bombus,50.7683975156869,3.65520522930068,3,GSM,2022,POINT (99665.00716610621 162230.61820593476),,,Bombus,
8090,8090,2022-05-14,p2,Muziekbos,sinus,V,Bijen,1,Bombus,50.7684113877366,3.65506055765194,4,GSM,2022,POINT (99654.81686209244 162232.2592278039),,,Bombus,
8091,8091,2022-05-14,p2,Muziekbos,sinus,V,Bijen,1,Bombus,50.7684864476795,3.65531662479383,4,GSM,2022,POINT (99672.95995051548 162240.43496866617),,,Bombus,
8094,8094,2022-05-14,p2,Muziekbos,blok,V,Bijen,1,Bombus,50.7696194295312,3.65651263855738,14,GSM,2022,POINT (99758.53420836349 162365.65112938173),,,Bombus,
8095,8095,2022-05-14,p2,Muziekbos,blok,V,Bijen,1,Bombus,50.76939274096,3.6562641989473694,3,GSM,2022,POINT (99740.76802902292 162340.6037728479),,,Bombus,
8096,8096,2022-05-14,p2,Muziekbos,blok,V,Bijen,1,Bombus,50.7694697287406,3.65586052649063,12,GSM,2022,POINT (99712.37576124005 162349.4404310407),,,Bombus,
8097,8097,2022-05-14,p2,Muziekbos,blok,V,Bijen,1,Bombus,50.7695938228174,3.65576153621418,4,GSM,2022,POINT (99705.52557822753 162363.3108113045),,,Bombus,
8104,8104,2022-05-22,p2,Kemmelberg,sinus,V,Bijen,1,Bombus,50.773034384521694,2.79710219241939,4,GSM,2022,POINT (39150.13694238968 163677.1962982593),,,Bombus,
8105,8105,2022-05-22,p2,Kemmelberg,sinus,V,Bijen,1,Bombus,50.7729912177201,2.7971912920501,3,GSM,2022,POINT (39156.31870392198 163672.26260623056),,,Bombus,
8106,8106,2022-05-22,p2,Kemmelberg,sinus,V,Bijen,1,Bombus,50.772979231598796,2.79660631902776,6,GSM,2022,POINT (39115.03792212656 163671.80262150802),,,Bombus,
8107,8107,2022-05-22,p2,Kemmelberg,sinus,V,Bijen,1,Bombus,50.772805223289,2.79660791158936,4,GSM,2022,POINT (39114.740602650054 163652.44814885035),,,Bombus,
8108,8108,2022-05-22,p2,Kemmelberg,sinus,V,Bijen,1,Bombus,50.7728593284737,2.79682466760538,4,GSM,2022,POINT (39130.153745620424 163658.14184947405),,,Bombus,
8109,8109,2022-05-22,p2,Kemmelberg,sinus,V,Bijen,1,Bombus,50.7729013637181,2.79725968837998,3,GSM,2022,POINT (39160.93061003936 163662.1675587045),,,Bombus,
8116,8116,2022-05-22,p2,Kemmelberg,blok,V,Bijen,1,Bombus,50.7774491748317,2.796215806159,4,GSM,2022,POINT (39098.02396112414 164169.50446112826),,,Bombus,
8117,8117,2022-05-22,p2,Kemmelberg,blok,V,Bijen,1,Bombus,50.7781940326567,2.79699322767816,16,GSM,2022,POINT (39154.59590680731 164251.18255569972),,,Bombus,
8118,8118,2022-05-22,p2,Kemmelberg,blok,V,Bijen,1,Bombus,50.7782981630866,2.79707549220101,4,GSM,2022,POINT (39160.64165549107 164262.6405455377),,,Bombus,
8119,8119,2022-05-22,p2,Kemmelberg,blok,V,Bijen,1,Bombus,50.776901082183,2.79576360248289,11,GSM,2022,POINT (39064.846435614745 164109.22424911987),,,Bombus,
8120,8120,2022-05-22,p2,Kemmelberg,blok,V,Bijen,1,Bombus,50.7770767668738,2.79577324167154,4,GSM,2022,POINT (39065.93993299003 164128.74840172566),,,Bombus,
8138,8138,2022-06-18,p3,Kemmelberg,sinus,V,Bijen,1,Bombus,50.772694978329106,2.79657832363024,32,GSM,2022,POINT (39112.39450896975 163640.23157437798),before,,Bombus,
8139,8139,2022-06-18,p3,Kemmelberg,sinus,V,Bijen,1,Bombus,50.7733620750262,2.79783795587979,4,GSM,2022,POINT (39202.794082250315 163712.54228336457),before,,Bombus,
8143,8143,2022-06-20,p3,Muziekbos,sinus,V,Bijen,1,Bombus,50.7682554005186,3.65544453263623,3,GSM,2022,POINT (99681.73587718463 162214.64822742622),before,,Bombus,
8144,8144,2022-06-20,p3,Muziekbos,sinus,V,Bijen,1,Bombus,50.7683248864962,3.65534788929266,4,GSM,2022,POINT (99674.99283784244 162222.44281552825),before,,Bombus,
8145,8145,2022-06-20,p3,Muziekbos,sinus,V,Bijen,1,Bombus,50.7685960829733,3.65546087734741,4,GSM,2022,POINT (99683.25253187456 162252.53239557054),before,,Bombus,
8146,8146,2022-06-20,p3,Muziekbos,sinus,V,Bijen,1,Bombus,50.7684861543133,3.65501747466964,4,GSM,2022,POINT (99651.85766146079 162240.60494496394),before,,Bombus,
8153,8153,2022-06-20,p3,Muziekbos,blok,V,Bijen,1,Bombus,50.7692331495236,3.65625757724387,3,GSM,2022,POINT (99740.13076249206 162322.85636266973),before,,Bombus,
8154,8154,2022-06-20,p3,Muziekbos,blok,V,Bijen,1,Bombus,50.7692970196257,3.6564128100906,3,GSM,2022,POINT (99751.14877081747 162329.85588512663),before,,Bombus,
8155,8155,2022-06-20,p3,Muziekbos,blok,V,Bijen,1,Bombus,50.7693924056838,3.6564082838628895,3,GSM,2022,POINT (99750.93119174612 162340.46905504633),before,,Bombus,
8156,8156,2022-06-20,p3,Muziekbos,blok,V,Bijen,1,Bombus,50.7693826407666,3.65634097718042,3,GSM,2022,POINT (99746.17307392944 162339.42837806977),before,,Bombus,
8157,8157,2022-06-20,p3,Muziekbos,blok,V,Bijen,1,Bombus,50.7695933618127,3.65615389310164,6,GSM,2022,POINT (99733.20119617609 162362.9940977106),before,,Bombus,
8158,8158,2022-06-21,p3,Palingbeek,blok,V,Bijen,1,Bombus,50.8222150756522,2.91185824200782,4,GSM,2022,POINT (47350.19401829151 168981.97755822353),before,,Bombus,
8159,8159,2022-06-21,p3,Palingbeek,blok,V,Bijen,1,Bombus,50.822798162746,2.91128491983088,6,GSM,2022,POINT (47311.07656253698 169047.62005330622),before,,Bombus,
8164,8164,2022-06-21,p3,Palingbeek,sinus,V,Bijen,1,Bombus,50.821157321381506,2.91306842118772,35,GSM,2022,POINT (47433.144346117275 168862.6640618518),before,,Bombus,
8165,8165,2022-06-21,p3,Palingbeek,sinus,V,Bijen,1,Bombus,50.8204077277808,2.91465494782004,7,GSM,2022,POINT (47543.283985082584 168777.1059845835),before,,Bombus,
8168,8168,2022-08-05,p4,Palingbeek,sinus,V,Bijen,1,Bombus,50.8204190852593,2.914570290598,5,GSM,2022,POINT (47537.34446860707 168778.48591069877),after,Palingbeek_sinus_2022_06,Bombus,11.24439173623215
8169,8169,2022-08-05,p4,Palingbeek,sinus,V,Bijen,1,Bombus,50.8201538818433,2.91472502053055,8,GSM,2022,POINT (47547.668059978096 168748.77694856375),after,Palingbeek_sinus_2022_06,Bombus,7.617380518362892
8170,8170,2022-08-05,p4,Palingbeek,sinus,V,Bijen,1,Bombus,50.8201263472914,2.91484865360233,4,GSM,2022,POINT (47556.318326633904 168745.54409300722),after,Palingbeek_sinus_2022_06,Bombus,-8.444654097836748
8171,8171,2022-08-05,p4,Palingbeek,sinus,V,Bijen,1,Bombus,50.8202151954647,2.91494655423137,3,GSM,2022,POINT (47563.40904427064 168755.29066077247),after,Palingbeek_sinus_2022_06,Bombus,-1.6047338118429404
8172,8172,2022-08-05,p4,Palingbeek,sinus,V,Bijen,1,Bombus,50.8202301990714,2.91518376209113,7,GSM,2022,POINT (47580.15347007349 168756.63227396086),after,Palingbeek_sinus_2022_06,Bombus,15.240114554433264
8173,8173,2022-08-05,p4,Palingbeek,sinus,V,Bijen,1,Bombus,50.8203858510133,2.91521242819997,9,GSM,2022,POINT (47582.51182281233 168773.9041479528),after,Palingbeek_sinus_2022_06,Bombus,15.215730243479644
8174,8174,2022-08-05,p4,Palingbeek,sinus,V,Bijen,1,Bombus,50.8204509364914,2.91503163054856,4,GSM,2022,POINT (47569.91598359677 168781.39214263018),after,Palingbeek_sinus_2022_06,Bombus,-2.419559695929235
8175,8175,2022-08-05,p4,Palingbeek,sinus,V,Bijen,1,Bombus,50.820704195696,2.9148245137212,4,GSM,2022,POINT (47555.87561300487 168809.8448863821),after,Palingbeek_sinus_2022_06,Bombus,-3.7111387071166844
8176,8176,2022-08-05,p4,Palingbeek,sinus,V,Bijen,1,Bombus,50.8206782117959,2.9139470960972,5,GSM,2022,POINT (47494.003829358786 168808.16534873378),after,Palingbeek_sinus_2022_06,Bombus,-5.596556413890652
8177,8177,2022-08-05,p4,Palingbeek,sinus,V,Bijen,1,Bombus,50.8207065007191,2.91388716548952,3,GSM,2022,POINT (47489.843265932126 168811.39430134743),after,Palingbeek_sinus_2022_06,Bombus,-2.2828763745287386
8178,8178,2022-08-05,p4,Palingbeek,sinus,V,Bijen,1,Bombus,50.82088708882289,2.91323924437436,6,GSM,2022,POINT (47444.58999006677 168832.37333684042),after,Palingbeek_sinus_2022_06,Bombus,7.976911499208733
8179,8179,2022-08-05,p4,Palingbeek,sinus,V,Bijen,1,Bombus,50.8211471373688,2.91411850601706,5,GSM,2022,POINT (47507.10124115576 168860.0820929194),after,Palingbeek_sinus_2022_06,Bombus,-3.4781311233156815
8180,8180,2022-08-05,p4,Palingbeek,blok,V,Bijen,1,Bombus,50.8225939186399,2.91131848949857,4,GSM,2022,POINT (47312.99576271551 169024.85790833924),after,Palingbeek_blok_2022_06,Bombus,1.081682619206294
8182,8182,2022-09-21,p6,Muziekbos,blok,V,Bijen,1,Bombus,50.7697357703476,3.65617384203118,13,GSM,2022,POINT (99734.76023265248 162378.82118364424),,Muziekbos_blok_2022_06,Bombus,25.56519540236905
8185,8185,2022-08-24,p5,Palingbeek,sinus,V,Dagvlinders,1,Carcharodus,50.8207023935869,2.91497765109214,4,GSM,2022,POINT (47566.66041318567 168809.43328748923),,Palingbeek_sinus_2022_06,Butterflies,-0.6079807770275155
8186,8186,2022-08-24,p5,Palingbeek,sinus,V,Dagvlinders,1,Carcharodus,50.8208885875421,2.91336130684677,4,GSM,2022,POINT (47453.1926758293 168832.37151789758),,Palingbeek_sinus_2022_06,Butterflies,-5.308168772408253
8187,8187,2022-08-24,p5,Palingbeek,blok,V,Dagvlinders,1,Carcharodus,50.8223315002873,2.91237867437574,6,GSM,2022,POINT (47387.11182380993 168994.2071359232),,Palingbeek_blok_2022_06,Butterflies,70.26940216754073
8188,8188,2022-08-25,p5,Waarmaarde,sinus,V,Dagvlinders,1,Carcharodus,50.7938992046292,3.49378025159565,3,GSM,2022,POINT (88311.63672421568 165188.90029717702),,Waarmaarde_sinus_2022_06,Butterflies,0.5982485768690806
8191,8191,2022-08-29,p5,Kemmelberg,sinus,V,Dagvlinders,1,Carcharodus,50.773076838861,2.79799737967811,6,GSM,2022,POINT (39213.36576405537 163680.5823455928),,Kemmelberg_sinus_2022_06,Butterflies,-2.776001775706054
8192,8192,2022-08-29,p5,Kemmelberg,sinus,V,Dagvlinders,1,Carcharodus,50.7725978550045,2.79626634903512,4,GSM,2022,POINT (39090.16509738419 163629.89588533808),,Kemmelberg_sinus_2022_06,Butterflies,5.023911517887996
8195,8195,2022-09-22,p6,Palingbeek,sinus,V,Dagvlinders,1,Carcharodus,50.8212309564008,2.91381893679771,4,GSM,2022,POINT (47486.1790144242 168869.8176856637),,Palingbeek_sinus_2022_06,Butterflies,14.916321092287939
8197,8197,2022-05-14,p1,Muziekbos,sinus,V,Bijen,1,Chelestoma,50.7685123477607,3.65556171164257,4,GSM,2022,POINT (99690.27596257624 162243.14999120496),,,Other bees,
8198,8198,2022-06-14,p3,Waarmaarde,sinus,V,Bijen,1,Chelestoma,50.7940463070299,3.49394587800232,3,GSM,2022,POINT (88323.50602662915 165205.12522820476),before,,Other bees,
8199,8199,2022-08-24,p5,Palingbeek,sinus,V,Bijen,1,Chelestoma,50.8207373042132,2.91501503438028,3,GSM,2022,POINT (47569.37010514403 168813.26445296872),,Palingbeek_sinus_2022_06,Other bees,5.232106462880933
8247,8247,2022-08-10,p4,Kemmelberg,sinus,V,Dagvlinders,1,Coenonympha,50.7731558802082,2.79742472805343,4,GSM,2022,POINT (39173.16814529114 163690.22702623252),after,Kemmelberg_sinus_2022_06,Butterflies,-3.0910684303089684
8248,8248,2022-08-10,p4,Kemmelberg,sinus,V,Dagvlinders,1,Coenonympha,50.773264844949104,2.79814699664972,10,GSM,2022,POINT (39224.358951843635 163701.2680686228),after,Kemmelberg_sinus_2022_06,Butterflies,12.29816639108403
8249,8249,2022-08-10,p4,Kemmelberg,sinus,V,Dagvlinders,1,Coenonympha,50.7731455285575,2.79844027944169,42,GSM,2022,POINT (39244.760725110216 163687.5611368511),after,Kemmelberg_sinus_2022_06,Butterflies,32.06454369883577
8250,8250,2022-08-10,p4,Kemmelberg,sinus,V,Dagvlinders,1,Coenonympha,50.7732417108963,2.79729598202071,3,GSM,2022,POINT (39164.290909594696 163699.96465928666),after,Kemmelberg_sinus_2022_06,Butterflies,14.132755678800914
8290,8290,2022-08-05,p4,Palingbeek,sinus,V,Dagvlinders,1,Colias,50.8204931393742,2.91458554566177,4,GSM,2022,POINT (47538.580458172786 168786.7010659352),after,Palingbeek_sinus_2022_06,Butterflies,18.461288084305377
8291,8291,2022-08-05,p4,Palingbeek,blok,V,Dagvlinders,1,Colias,50.8230044832929,2.91207415983352,4,GSM,2022,POINT (47367.12702021396 169069.47604235914),after,Palingbeek_blok_2022_06,Butterflies,-0.5431925805348177
8292,8292,2022-08-10,p4,Kemmelberg,blok,V,Dagvlinders,1,Colias,50.7781250915031,2.7971931360688,3,GSM,2022,POINT (39168.529749014124 164243.21706749965),after,Kemmelberg_blok_2022_06,Butterflies,122.55882341370891
8293,8293,2022-08-24,p5,Palingbeek,blok,V,Dagvlinders,1,Colias,50.8225151477854,2.91214364581081,4,GSM,2022,POINT (47370.95488975388 169014.95682744402),,Palingbeek_blok_2022_06,Butterflies,43.99787962552527
8294,8294,2022-08-25,p5,Waarmaarde,sinus,V,Dagvlinders,1,Colias,50.7947282512575,3.49440529463662,35,GSM,2022,POINT (88356.78736981296 165280.5976731209),,Waarmaarde_sinus_2022_06,Butterflies,51.604251361626346
8297,8297,2022-08-25,p5,Waarmaarde2,sinus,V,Dagvlinders,1,Colias,50.7813848136468,3.47107828595067,4,GSM,2022,POINT (86694.33356324164 163816.00459481217),,,Butterflies,
8299,8299,2022-08-29,p5,Kemmelberg,sinus,V,Dagvlinders,1,Colias,50.772917874400704,2.79682734902788,43,GSM,2022,POINT (39130.48064323318 163664.6489527654),,Kemmelberg_sinus_2022_06,Butterflies,12.373169306117399
8300,8300,2022-08-29,p5,Kemmelberg,sinus,V,Dagvlinders,1,Colias,50.772811803083,2.79637732543311,4,GSM,2022,POINT (39098.49499045535 163653.52413715702),,Kemmelberg_sinus_2022_06,Butterflies,7.298879320979246
8301,8301,2022-08-29,p5,Kemmelberg,blok,V,Dagvlinders,1,Colias,50.777986677429105,2.79680728258896,33,GSM,2022,POINT (39140.99635558021 164228.39927698392),,Kemmelberg_blok_2022_06,Butterflies,92.44418317160007
8303,8303,2022-08-31,p5,Muziekbos,sinus,V,Dagvlinders,1,Colias,50.7687370665844,3.6554751265828,3,GSM,2022,POINT (99684.40817180631 162268.20482225064),,Muziekbos_sinus_2022_06,Butterflies,6.085869608563882
8304,8304,2022-09-21,p6,Muziekbos,sinus,V,Dagvlinders,1,Colias,50.7683677180214,3.6552704405073504,4,GSM,2022,POINT (99669.57533807048 162227.25955144316),,Muziekbos_sinus_2022_06,Butterflies,8.125240193794069
8307,8307,2022-09-22,p6,Palingbeek,blok,V,Dagvlinders,1,Colias,50.8228453528612,2.91195589117977,4,GSM,2022,POINT (47358.44814110824 169051.94118035864),,Palingbeek_blok_2022_06,Butterflies,7.937125012714436
8308,8308,2022-09-22,p6,Palingbeek,blok,V,Dagvlinders,1,Colias,50.8226446839656,2.91149885915823,4,GSM,2022,POINT (47325.81328344587 169030.2546455674),,Palingbeek_blok_2022_06,Butterflies,3.237030803819352
8309,8309,2022-09-22,p6,Palingbeek,blok,V,Dagvlinders,1,Colias,50.822878670926,2.91322776116702,3,GSM,2022,POINT (47448.12148358961 169053.8902020268),,Palingbeek_blok_2022_06,Butterflies,63.072572286763986
8310,8310,2022-09-22,p6,Palingbeek,blok,V,Dagvlinders,1,Colias,50.8226883598145,2.91287580505284,3,GSM,2022,POINT (47422.91201656239 169033.20998931397),,Palingbeek_blok_2022_06,Butterflies,60.26924046391573
8311,8311,2022-09-22,p6,Palingbeek,blok,V,Dagvlinders,1,Colias,50.8222764730926,2.9121682047871,3,GSM,2022,POINT (47372.16448147998 168988.37783277035),,Palingbeek_blok_2022_06,Butterflies,65.0165030406888
8315,8315,2022-09-22,p6,Palingbeek,sinus,V,Dagvlinders,1,Colias,50.820520632016304,2.91440416127714,23,GSM,2022,POINT (47525.861510649615 168790.00895285234),,Palingbeek_sinus_2022_06,Butterflies,12.196267951822637
8316,8316,2022-09-22,p6,Palingbeek,sinus,V,Dagvlinders,1,Colias,50.8212309564008,2.91381893679771,4,GSM,2022,POINT (47486.1790144242 168869.8176856637),,Palingbeek_sinus_2022_06,Butterflies,14.916321092287939
8317,8317,2022-09-22,p6,Palingbeek,sinus,V,Dagvlinders,1,Colias,50.8212920185651,2.91393762454661,3,GSM,2022,POINT (47494.673636980646 168876.44515604526),,Palingbeek_sinus_2022_06,Butterflies,4.1426866177262065
8318,8318,2022-09-30,p6,Waarmaarde,sinus,V,Dagvlinders,1,Colias,50.7943586167421,3.49419934675422,6,GSM,2022,POINT (88341.78438657575 165239.65354643576),,Waarmaarde_sinus_2022_06,Butterflies,8.571748654801384
8319,8319,2022-09-30,p6,Waarmaarde,sinus,V,Dagvlinders,1,Colias,50.7946138912626,3.49423116337353,52,GSM,2022,POINT (88344.36161567079 165268.02170612477),,Waarmaarde_sinus_2022_06,Butterflies,36.8925782686567
8320,8320,2022-09-30,p6,Waarmaarde,blok,V,Dagvlinders,1,Colias,50.7935012737762,3.49233957007852,3,GSM,2022,POINT (88209.54657075851 165145.8348532291),,Waarmaarde_blok_2022_06,Butterflies,38.23803053588143
8321,8321,2022-09-30,p6,Waarmaarde,blok,V,Dagvlinders,1,Colias,50.793488365645295,3.49238944240239,3,GSM,2022,POINT (88213.04566715876 165144.35759487376),,Waarmaarde_blok_2022_06,Butterflies,35.26419201740683
8323,8323,2022-08-24,p5,Palingbeek,blok,V,Dagvlinders,1,Colias,50.8226357214626,2.91209704242917,3,GSM,2022,POINT (47367.934736037336 169028.43124869652),,Palingbeek_blok_2022_06,Butterflies,31.79625587960112
8325,8325,2022-08-25,p5,Waarmaarde,blok,V,Dagvlinders,1,Colias,50.7932997309147,3.49276578985479,4,GSM,2022,POINT (88239.33105124801 165123.0626315307),,Waarmaarde_blok_2022_06,Butterflies,4.20629583397055
8327,8327,2022-08-29,p5,Kemmelberg,sinus,V,Dagvlinders,1,Colias,50.7729174150626,2.79804146848879,3,GSM,2022,POINT (39216.09997011337 163662.78648615442),,Kemmelberg_sinus_2022_06,Butterflies,-6.194943890507964
8328,8328,2022-08-29,p5,Kemmelberg,sinus,V,Dagvlinders,1,Colias,50.7729008188944,2.79805680737159,10,GSM,2022,POINT (39217.142644688895 163660.9178897133),,Kemmelberg_sinus_2022_06,Butterflies,-5.072403734139721
8329,8329,2022-09-22,p6,Palingbeek,blok,V,Dagvlinders,1,Colias,50.8222792810302,2.9121975414482,4,GSM,2022,POINT (47374.23734009506 168988.6495991815),,Palingbeek_blok_2022_06,Butterflies,66.14664682032621
8330,8330,2022-09-22,p6,Palingbeek,sinus,V,Dagvlinders,1,Colias,50.8203563467144,2.91516113095257,5,GSM,2022,POINT (47578.83362477126 168770.69344380498),,Palingbeek_sinus_2022_06,Butterflies,11.086345359949899
8331,8331,2022-09-22,p6,Palingbeek,sinus,V,Dagvlinders,1,Colias,50.8214794798299,2.91354711167785,4,GSM,2022,POINT (47467.57032714001 168897.8332635071),,Palingbeek_sinus_2022_06,Butterflies,-0.2077462882435556
8332,8332,2022-08-02,p4,Waarmaarde,sinus,V,Bijen,1,Colletes,50.7941718260302,3.49354606122103,6,GSM,2022,POINT (88295.48345914623 165219.41880693194),after,Waarmaarde_sinus_2022_06,Other bees,14.079443291090012
8333,8333,2022-08-02,p4,Waarmaarde,sinus,V,Bijen,1,Colletes,50.7942043059047,3.49386801012185,5,GSM,2022,POINT (88318.22327569706 165222.7643041527),after,Waarmaarde_sinus_2022_06,Other bees,4.080407333687662
8334,8334,2022-08-02,p4,Waarmaarde,sinus,V,Bijen,1,Colletes,50.7942001568629,3.49383951165107,4,GSM,2022,POINT (88316.20871136035 165222.32645604387),after,Waarmaarde_sinus_2022_06,Other bees,5.693193830658822
8335,8335,2022-08-02,p4,Waarmaarde,sinus,V,Bijen,1,Colletes,50.7941858657177,3.49435684271482,3,GSM,2022,POINT (88352.66163670339 165220.30752830394),after,Waarmaarde_sinus_2022_06,Other bees,-2.6634306663076335
8336,8336,2022-08-02,p4,Waarmaarde,sinus,V,Bijen,1,Colletes,50.7938982407104,3.494338821623,3,GSM,2022,POINT (88351.01467544801 165188.3295310093),after,Waarmaarde_sinus_2022_06,Other bees,-4.526372140137326
8337,8337,2022-08-02,p4,Waarmaarde,blok,V,Bijen,1,Colletes,50.7933174167301,3.49241106771257,3,GSM,2022,POINT (88214.34601156655 165125.32472681068),after,Waarmaarde_blok_2022_06,Other bees,17.868600543323698
8338,8338,2022-08-02,p4,Waarmaarde2,sinus,V,Bijen,1,Colletes,50.7808319014038,3.4712012484702,6,GSM,2022,POINT (86702.26181414301 163754.3990490064),after,,Other bees,
8340,8340,2022-08-02,p4,Waarmaarde2,blok,V,Bijen,1,Colletes,50.7805057615514,3.46907090396012,15,GSM,2022,POINT (86551.59206492826 163719.93914508726),after,,Other bees,
8341,8341,2022-08-05,p4,Palingbeek,sinus,V,Bijen,1,Colletes,50.821520760703,2.91337050497803,27,GSM,2022,POINT (47455.218329393654 168902.66823669802),after,Palingbeek_sinus_2022_06,Other bees,10.42537470080615
8342,8342,2022-08-05,p4,Palingbeek,blok,V,Bijen,1,Colletes,50.822889232124,2.91134057566794,6,GSM,2022,POINT (47315.19614496254 169057.67172797676),after,Palingbeek_blok_2022_06,Other bees,-24.48221747273679
8344,8344,2022-08-05,p4,Palingbeek,blok,V,Bijen,1,Colletes,50.8230070816826,2.91186461225423,3,GSM,2022,POINT (47352.37052782597 169070.0545587521),after,Palingbeek_blok_2022_06,Other bees,-9.687253701348704
8345,8345,2022-08-05,p4,Palingbeek,blok,V,Bijen,1,Colletes,50.8230025554549,2.91185572743687,3,GSM,2022,POINT (47351.73473840358 169069.5634348523),after,Palingbeek_blok_2022_06,Other bees,-9.71052879062378
8346,8346,2022-08-05,p4,Palingbeek,blok,V,Bijen,1,Colletes,50.8226619568198,2.9113687388626,4,GSM,2022,POINT (47316.684222263444 169032.35555975325),after,Palingbeek_blok_2022_06,Other bees,-3.787601724629742
8347,8347,2022-08-06,p4,Muziekbos,sinus,V,Bijen,1,Colletes,50.7682487788154,3.65551175549966,5,GSM,2022,POINT (99686.47071625685 162213.86616450176),after,Muziekbos_sinus_2022_06,Other bees,3.7259184899496813
8348,8348,2022-08-06,p4,Muziekbos,sinus,V,Bijen,1,Colletes,50.7682896825026,3.6554850172285502,3,GSM,2022,POINT (99684.62826107116 162218.43411741685),after,Muziekbos_sinus_2022_06,Other bees,-0.3491800121310089
8353,8353,2022-08-06,p4,Muziekbos,blok,V,Bijen,1,Colletes,50.7692535175486,3.65642965771598,5,GSM,2022,POINT (99752.29080015799 162325.00561359152),after,Muziekbos_blok_2022_06,Other bees,1.3668627468839605
8354,8354,2022-08-06,p4,Muziekbos,blok,V,Bijen,1,Colletes,50.7692424534361,3.65644105710429,4,GSM,2022,POINT (99753.08310191904 162323.76720871776),after,Muziekbos_blok_2022_06,Other bees,2.150034895826224
8355,8355,2022-08-06,p4,Muziekbos,blok,V,Bijen,1,Colletes,50.769267096231694,3.6564789433066305,80,GSM,2022,POINT (99755.78181273947 162326.48269651365),after,Muziekbos_blok_2022_06,Other bees,-1.275514429249777
8356,8356,2022-08-06,p4,Muziekbos,blok,V,Bijen,1,Colletes,50.7693140767987,3.656421778727,3,GSM,2022,POINT (99751.7995903331 162331.74714790843),after,Muziekbos_blok_2022_06,Other bees,-4.327801759982858
8357,8357,2022-08-10,p4,Kemmelberg,sinus,V,Bijen,1,Colletes,50.7733072246916,2.79792173680394,4,GSM,2022,POINT (39208.57329294713 163706.31721699052),after,Kemmelberg_sinus_2022_06,Other bees,-0.868188960938651
8358,8358,2022-08-10,p4,Kemmelberg,sinus,V,Bijen,1,Colletes,50.7728751702707,2.79614439234397,8,GSM,2022,POINT (39082.21759741998 163660.91921137553),after,Kemmelberg_sinus_2022_06,Other bees,-9.253646972383143
8362,8362,2022-08-24,p5,Palingbeek,blok,V,Bijen,1,Colletes,50.8225424727901,2.91208438575539,6,GSM,2022,POINT (47366.839706625746 169018.0777473403),,Palingbeek_blok_2022_06,Other bees,38.95234176153997
8363,8363,2022-08-25,p5,Waarmaarde,sinus,V,Bijen,1,Colletes,50.7938674372165,3.49409901537326,4,GSM,2022,POINT (88334.06799220765 165185.1021888554),,Waarmaarde_sinus_2022_06,Other bees,3.1685117354490915
8364,8364,2022-08-25,p5,Waarmaarde,sinus,V,Bijen,1,Colletes,50.7938679401307,3.49410706200031,4,GSM,2022,POINT (88334.6359386305 165185.15145129338),,Waarmaarde_sinus_2022_06,Other bees,3.7132086470855947
8365,8365,2022-08-25,p5,Waarmaarde,sinus,V,Bijen,1,Colletes,50.7937534014236,3.49430806003836,4,GSM,2022,POINT (88348.65639094947 165172.24436840136),,Waarmaarde_sinus_2022_06,Other bees,10.956889298251454
8366,8366,2022-08-25,p5,Waarmaarde,sinus,V,Bijen,1,Colletes,50.7948000437247,3.49635630419715,35,GSM,2022,POINT (88494.42499482057 165286.96662295796),,Waarmaarde_sinus_2022_06,Other bees,151.34616673158982
8368,8368,2022-08-25,p5,Waarmaarde,blok,V,Bijen,1,Colletes,50.7934289379518,3.49223203026083,4,GSM,2022,POINT (88201.87003579058 165137.878265623),,Waarmaarde_blok_2022_06,Other bees,34.456646344412604
8369,8369,2022-08-25,p5,Waarmaarde,blok,V,Bijen,1,Colletes,50.7930254331331,3.49225776270357,4,GSM,2022,POINT (88203.15477425391 165092.97446297575),,Waarmaarde_blok_2022_06,Other bees,-5.8321056858437546
8372,8372,2022-08-25,p5,Waarmaarde2,blok,V,Bijen,1,Colletes,50.7804473815958,3.46929327585126,8,GSM,2022,POINT (86567.1950870693 163713.25565741584),,,Other bees,
8373,8373,2022-08-25,p5,Waarmaarde2,sinus,V,Bijen,1,Colletes,50.7810405688836,3.47094685770894,4,GSM,2022,POINT (86684.60278255779 163777.8259967016),,,Other bees,
8374,8374,2022-08-29,p5,Kemmelberg,sinus,V,Bijen,1,Colletes,50.7730582729458,2.79697679914794,4,GSM,2022,POINT (39141.35038099351 163680.0401415797),,Kemmelberg_sinus_2022_06,Other bees,-5.651594542354419
8375,8375,2022-08-29,p5,Kemmelberg,sinus,V,Bijen,1,Colletes,50.773178720894,2.7978184260454,4,GSM,2022,POINT (39200.98554387642 163692.17992570717),,Kemmelberg_sinus_2022_06,Other bees,11.710637534962736
8376,8376,2022-08-29,p5,Kemmelberg,sinus,V,Bijen,1,Colletes,50.7728080312263,2.79635427519939,3,GSM,2022,POINT (39096.86059081751 163653.1390681481),,Kemmelberg_sinus_2022_06,Other bees,6.0708707720251995
8377,8377,2022-08-29,p5,Kemmelberg,blok,V,Bijen,1,Colletes,50.776808545972,2.79542002827189,4,GSM,2022,POINT (39040.40144433793 164099.44610113744),,Kemmelberg_blok_2022_06,Other bees,69.45392188573224
8378,8378,2022-08-31,p5,Muziekbos,sinus,V,Bijen,1,Colletes,50.7685303269426,3.65509953350169,3,GSM,2022,POINT (99657.69325171079 162245.46282690205),,Muziekbos_sinus_2022_06,Other bees,-4.005315707190456
8382,8382,2022-08-31,p5,Muziekbos,blok,V,Bijen,1,Colletes,50.7692676410551,3.65627869963986,3,GSM,2022,POINT (99741.65748700094 162326.67868729774),,Muziekbos_blok_2022_06,Other bees,4.240773728221264
8383,8383,2022-08-31,p5,Muziekbos,blok,V,Bijen,1,Colletes,50.7692096382855,3.65630803630096,5,GSM,2022,POINT (99743.6650062564 162320.20700837206),,Muziekbos_blok_2022_06,Other bees,9.328250010178733
8384,8384,2022-08-31,p5,Muziekbos,blok,V,Bijen,1,Colletes,50.7692442974551,3.6563662067089697,4,GSM,2022,POINT (99747.80522358732 162324.0229310328),,Muziekbos_blok_2022_06,Other bees,4.154188808215107
8395,8395,2022-09-21,p6,Muziekbos,blok,V,Bijen,1,Colletes,50.7692678506027,3.65623595193368,10,GSM,2022,POINT (99738.64234745516 162326.73090338428),,Muziekbos_blok_2022_06,Other bees,5.426672088700021
8396,8396,2022-09-21,p6,Muziekbos,blok,V,Bijen,1,Colletes,50.7692678506027,3.65623595193368,10,GSM,2022,POINT (99738.64234745516 162326.73090338428),,Muziekbos_blok_2022_06,Other bees,5.426672088700021
8398,8398,2022-09-22,p6,Palingbeek,blok,V,Bijen,1,Colletes,50.82247684248831,2.91235520504686,4,GSM,2022,POINT (47385.775389883434 169010.40431207418),,Palingbeek_blok_2022_06,Other bees,57.10467937859409
8399,8399,2022-09-22,p6,Palingbeek,blok,V,Bijen,1,Colletes,50.822910320619,2.91278646627149,4,GSM,2022,POINT (47417.10214743002 169058.01953194197),,Palingbeek_blok_2022_06,Other bees,37.09284640822007
8400,8400,2022-09-22,p6,Kemmelberg,sinus,V,Bijen,1,Colletes,50.7731432235344,2.79760820791385,4,GSM,2022,POINT (39186.07741042515 163688.54570760112),,Kemmelberg_sinus_2022_06,Other bees,9.64053797868682
8401,8401,2022-08-02,p4,Waarmaarde2,blok,V,Bijen,1,Colletes,50.7804130157931,3.46929092891837,5,GSM,2022,POINT (86566.9833097755 163709.43513156846),after,,Other bees,
8410,8410,2022-06-18,p3,Kemmelberg,sinus,V,Bijen,1,Dasypoda,50.772694978329106,2.79657832363024,32,GSM,2022,POINT (39112.39450896975 163640.23157437798),before,,Other bees,
8411,8411,2022-06-18,p3,Kemmelberg,blok,V,Bijen,1,Dasypoda,50.7772349752961,2.79561809264383,16,GSM,2022,POINT (39055.372374198574 164146.57505585533),before,,Other bees,
8412,8412,2022-06-18,p3,Kemmelberg,blok,V,Bijen,1,Dasypoda,50.7775748235145,2.79594247469038,64,GSM,2022,POINT (39079.046241584365 164183.88642493822),before,,Other bees,
8414,8414,2022-04-12,p1,Palingbeek,sinus,V,Dagvlinders,1,Gonepteryx,50.8208290441435,2.91460733861002,45,GSM,2022,POINT (47540.847189609296 168824.02987384517),,,Butterflies,
8415,8415,2022-04-12,p1,Kemmelberg,sinus,V,Dagvlinders,1,Gonepteryx,50.77309423131,2.79711375944576,4,GSM,2022,POINT (39151.09349185764 163683.8348172158),,,Butterflies,
8417,8417,2022-04-20,p1,Waarmaarde,sinus,V,Dagvlinders,1,Gonepteryx,50.7946172076155,3.49438960206101,40,GSM,2022,POINT (88355.53572195442 165268.259143007),,,Butterflies,
8418,8418,2022-04-23,p1,Waarmaarde2,blok,V,Dagvlinders,1,Gonepteryx,50.7803951204296,3.46871190704728,65,GSM,2022,POINT (86526.12659701146 163707.93905808497),,,Butterflies,
8420,8420,2022-04-23,p1,Waarmaarde2,sinus,V,Dagvlinders,1,Gonepteryx,50.7815931458499,3.47128355875934,3,GSM,2022,POINT (86709.08898759678 163839.00266915467),,,Butterflies,
8424,8424,2022-05-18,p2,Waarmaarde2,blok,V,Dagvlinders,1,Gonepteryx,50.7807037421047,3.46928489394809,4,GSM,2022,POINT (86566.94917449413 163741.77795013878),,,Butterflies,
8425,8425,2022-05-18,p2,Waarmaarde2,sinus,V,Dagvlinders,1,Gonepteryx,50.781433512504,3.4714496880802,6,GSM,2022,POINT (86720.58971041019 163821.1050585946),,,Butterflies,
8427,8427,2022-08-05,p4,Palingbeek,sinus,V,Bijen,1,Halictus,50.8203900838747,2.9150523338494,4,GSM,2022,POINT (47571.242108306935 168774.5956515437),after,Palingbeek_sinus_2022_06,Other bees,-3.8890559546702166
8428,8428,2022-08-05,p4,Palingbeek,sinus,V,Bijen,1,Halictus,50.82052247603529,2.91517680511149,4,GSM,2022,POINT (47580.299478153946 168789.14850958064),after,Palingbeek_sinus_2022_06,Other bees,-1.2774821946274864
8429,8429,2022-08-05,p4,Palingbeek,sinus,V,Bijen,1,Halictus,50.8214317179061,2.91345161072032,4,GSM,2022,POINT (47460.73819899031 168892.6530657066),after,Palingbeek_sinus_2022_06,Other bees,0.8260824370827597
8430,8430,2022-08-10,p4,Kemmelberg,blok,V,Bijen,1,Halictus,50.7771486416935,2.79507083818576,6,GSM,2022,POINT (39016.5798003614 164137.7910532821),after,Kemmelberg_blok_2022_06,Other bees,60.03405682619194
8432,8432,2022-08-24,p5,Palingbeek,sinus,V,Bijen,1,Halictus,50.8207324007999,2.91360779665681,3,GSM,2022,POINT (47470.217814895484 168814.6604170287),,Palingbeek_sinus_2022_06,Other bees,2.4763405404823557
8433,8433,2022-08-29,p5,Kemmelberg,sinus,V,Bijen,1,Halictus,50.7725902693819,2.79691812582574,3,GSM,2022,POINT (39136.11122177509 163628.0793270627),,Kemmelberg_sinus_2022_06,Other bees,1.131276489560983
8434,8434,2022-09-22,p6,Palingbeek,blok,V,Bijen,1,Halictus,50.8227330353587,2.91294990107688,5,GSM,2022,POINT (47428.229338416655 169038.0764312679),,Palingbeek_blok_2022_06,Other bees,59.805292319613066
8438,8438,2022-08-02,p4,Waarmaarde,sinus,V,Bijen,1,Halictus,50.7940332312609,3.49373163655725,3,GSM,2022,POINT (88308.38491535155 165203.84863135498),after,Waarmaarde_sinus_2022_06,Other bees,2.5177583538782264
8442,8442,2022-05-18,p2,Waarmaarde,sinus,V,Bijen,1,Halictus,50.794031345332705,3.49420865066674,4,GSM,2022,POINT (88342.01186711344 165203.24295130093),,,Other bees,
8443,8443,2022-05-18,p2,Waarmaarde,sinus,V,Bijen,1,Halictus,50.794237959245905,3.49428785965172,55,GSM,2022,POINT (88347.86654774754 165226.15919773187),,,Other bees,
8444,8444,2022-05-18,p2,Waarmaarde,blok,V,Bijen,1,Halictus,50.7934681652586,3.49248214625147,3,GSM,2022,POINT (88219.55485112307 165142.03360049427),,,Other bees,
8446,8446,2022-05-18,p2,Waarmaarde2,blok,V,Bijen,1,Halictus,50.7804445736583,3.4690269827875,5,GSM,2022,POINT (86548.41234091442 163713.17068158183),,,Other bees,
8447,8447,2022-05-18,p2,Waarmaarde2,sinus,V,Bijen,1,Halictus,50.781261851127,3.4712025895747,3,GSM,2022,POINT (86702.93406194926 163802.22150029428),,,Other bees,
8449,8449,2022-08-02,p4,Waarmaarde,sinus,V,Bijen,1,Halictus,50.7940145815267,3.49372819997695,4,GSM,2022,POINT (88308.11820871913 165201.7770475531),after,Waarmaarde_sinus_2022_06,Other bees,4.3649579745214275
8450,8450,2022-08-29,p5,Kemmelberg,blok,V,Bijen,1,Halictus,50.77699546241271,2.79522003606222,5,GSM,2022,POINT (39026.73945518515 164120.53252110258),,Kemmelberg_blok_2022_06,Other bees,64.67889069500642
8455,8455,2022-09-23,p6,Waarmaarde2,sinus,V,Bijen,1,Halictus,50.7814519107814,3.47119982354666,3,GSM,2022,POINT (86702.99436729163 163823.36431988515),,,Other bees,
8456,8456,2022-09-23,p6,Waarmaarde2,sinus,V,Bijen,1,Halictus,50.7813384198125,3.47095381468857,5,GSM,2022,POINT (86685.49368116891 163810.95022574812),,,Other bees,
8458,8458,2022-09-23,p6,Waarmaarde2,blok,V,Bijen,1,Halictus,50.7802052703227,3.46918137744392,3,GSM,2022,POINT (86558.97799068975 163686.42100053467),,,Other bees,
8459,8459,2022-09-23,p6,Waarmaarde2,blok,V,Bijen,1,Halictus,50.7805402111735,3.46936150454307,7,GSM,2022,POINT (86572.13154919645 163723.52290781215),,,Other bees,
8461,8461,2022-09-30,p6,Waarmaarde,sinus,V,Bijen,1,Halictus,50.7941137813504,3.49431258626607,15,GSM,2022,POINT (88349.4472176175 165212.32619505934),,Waarmaarde_sinus_2022_06,Other bees,1.1777983079744818
8463,8463,2022-08-05,p4,Palingbeek,sinus,V,Bijen,1,Halictus,50.8200946217879,2.91486105881902,10,GSM,2022,POINT (47557.12323509749 168741.99851937965),after,Palingbeek_sinus_2022_06,Other bees,12.21197644330947
8464,8464,2022-08-24,p5,Palingbeek,sinus,V,Bijen,1,Halictus,50.8207706222783,2.91490422562036,7,GSM,2022,POINT (47561.63602253348 168817.1228376096),,Palingbeek_sinus_2022_06,Other bees,-8.294551120066922
8465,8465,2022-08-24,p5,Palingbeek,sinus,V,Bijen,1,Halictus,50.8207784593581,2.91356597095999,7,GSM,2022,POINT (47467.37150166543 168819.84071339946),,Palingbeek_sinus_2022_06,Other bees,-1.6457102920253521
8466,8466,2022-08-29,p5,Kemmelberg,sinus,V,Bijen,1,Halictus,50.7731280522893,2.79809729196391,15,GSM,2022,POINT (39220.53205946271 163686.12897594552),,Kemmelberg_sinus_2022_06,Other bees,7.842029199758073
8470,8470,2022-08-02,p4,Waarmaarde2,sinus,V,Bijen,1,Heriades,50.7809488708626,3.47110343166018,4,GSM,2022,POINT (86695.52101086182 163767.49296617322),after,,Other bees,
8472,8472,2022-06-18,p3,Kemmelberg,sinus,V,Bijen,1,Hylaeus,50.7728792774032,2.79748348519466,5,GSM,2022,POINT (39176.66093245572 163659.37735610735),before,,Other bees,
8474,8474,2022-06-14,p3,Waarmaarde2,blok,V,Bijen,1,Hylaeus,50.7802874967928,3.46880192868734,3,GSM,2022,POINT (86532.32993356034 163695.89112399798),before,,Other bees,
8475,8475,2022-06-14,p3,Waarmaarde2,blok,V,Bijen,1,Hylaeus,50.7804572722416,3.46946124919082,3,GSM,2022,POINT (86579.05386788862 163714.2124242531),before,,Other bees,
8478,8478,2022-06-18,p3,Kemmelberg,sinus,V,Bijen,1,Hylaeus,50.773166315677294,2.79741927981637,5,GSM,2022,POINT (39172.808487543574 163691.39572137315),before,,Other bees,
8479,8479,2022-06-18,p3,Kemmelberg,sinus,V,Bijen,1,Hylaeus,50.7729079435124,2.79717721045277,6,GSM,2022,POINT (39155.12970086954 163663.0223899223),before,,Other bees,
8480,8480,2022-06-18,p3,Kemmelberg,sinus,V,Bijen,1,Hylaeus,50.7730042096703,2.79642728157601,4,GSM,2022,POINT (39102.47092402281 163674.84779051226),before,,Other bees,
8484,8484,2022-08-02,p4,Waarmaarde,sinus,V,Bijen,1,Hylaeus,50.7940035593237,3.49365904927579,12,GSM,2022,POINT (88303.22865478182 165200.60844294634),after,Waarmaarde_sinus_2022_06,Other bees,0.7166040573735336
8488,8488,2022-08-10,p4,Kemmelberg,sinus,V,Bijen,1,Hylaeus,50.7728129765491,2.79810634441934,5,GSM,2022,POINT (39220.42943803889 163651.0747443121),after,Kemmelberg_sinus_2022_06,Other bees,-1.5216555375279195
8489,8489,2022-08-10,p4,Kemmelberg,sinus,V,Bijen,1,Hylaeus,50.7732173614676,2.79725256376228,4,GSM,2022,POINT (39161.17175333225 163697.3214534372),after,Kemmelberg_sinus_2022_06,Other bees,16.62952153286459
8490,8490,2022-08-10,p4,Kemmelberg,sinus,V,Bijen,1,Hylaeus,50.7732066326316,2.79723554849885,3,GSM,2022,POINT (39159.94658846046 163696.15364885703),after,Kemmelberg_sinus_2022_06,Other bees,17.555279766501418
8491,8491,2022-08-25,p5,Waarmaarde2,sinus,V,Bijen,1,Hylaeus,50.7810746832295,3.47094417549993,4,GSM,2022,POINT (86684.45948446143 163781.62284334656),,,Other bees,
8492,8492,2022-08-25,p5,Waarmaarde2,sinus,V,Bijen,1,Hylaeus,50.7810482802342,3.47093503922547,4,GSM,2022,POINT (86683.77971830973 163778.6938054571),,,Other bees,
8493,8493,2022-08-25,p5,Waarmaarde2,sinus,V,Bijen,1,Hylaeus,50.7810410298883,3.47092850134099,4,GSM,2022,POINT (86683.30892856958 163777.89291547146),,,Other bees,
8494,8494,2022-08-25,p5,Waarmaarde2,sinus,V,Bijen,1,Hylaeus,50.7810567459564,3.4709335304829,4,GSM,2022,POINT (86683.68470106792 163779.63673888892),,,Other bees,
8495,8495,2022-09-23,p6,Waarmaarde2,sinus,V,Bijen,1,Hylaeus,50.7815210195731,3.47108356654967,7,GSM,2022,POINT (86694.88897187126 163831.15037318412),,,Other bees,
8496,8496,2022-05-18,p2,Waarmaarde,sinus,V,Dagvlinders,1,Papilio,50.793797907129296,3.49427414712268,4,GSM,2022,POINT (88346.32378050062 165177.22293874994),,,Butterflies,
8497,8497,2022-04-12,p1,Palingbeek,blok,V,Bijen,1,Lasioglossum,50.8225048380445,2.91158390231701,4,GSM,2022,POINT (47331.49930231609 169014.58364150673),,,Other bees,
8498,8498,2022-04-12,p1,Palingbeek,blok,V,Bijen,1,Lasioglossum,50.823035412515296,2.91226912290129,3,GSM,2022,POINT (47380.92918748592 169072.64660936594),,,Other bees,
8499,8499,2022-04-15,p1,Muziekbos,blok,V,Bijen,1,Lasioglossum,50.7692934573172,3.6560054495964702,19,GSM,2022,POINT (99722.4103531712 162329.73512675613),,,Other bees,
8500,8500,2022-05-11,p2,Palingbeek,blok,V,Bijen,1,Lasioglossum,50.8224342624198,2.91238236241313,8,GSM,2022,POINT (47387.59573372819 169005.63110311795),,,Other bees,
8502,8502,2022-05-14,p2,Muziekbos,sinus,V,Bijen,1,Lasioglossum,50.7685838453947,3.65505401976746,4,GSM,2022,POINT (99654.53989368821 162251.44669024087),,,Other bees,
8504,8504,2022-05-14,p2,Muziekbos,blok,V,Bijen,1,Lasioglossum,50.7693763962488,3.6563629377667297,3,GSM,2022,POINT (99747.71548107675 162338.718931037),,,Other bees,
8507,8507,2022-05-18,p2,Waarmaarde2,blok,V,Bijen,1,Lasioglossum,50.7804426877301,3.46954775043155,3,GSM,2022,POINT (86585.13429543748 163712.51635625865),,,Other bees,
8509,8509,2022-05-22,p2,Kemmelberg,sinus,V,Bijen,1,Lasioglossum,50.7729401946691,2.79673826345058,36,GSM,2022,POINT (39124.250817027074 163667.2642355319),,,Other bees,
8510,8510,2022-05-22,p2,Kemmelberg,sinus,V,Bijen,1,Lasioglossum,50.7725942088763,2.79641211033127,3,GSM,2022,POINT (39100.43575071533 163629.2727674218),,,Other bees,
8513,8513,2022-05-22,p2,Kemmelberg,blok,V,Bijen,1,Lasioglossum,50.7773117535289,2.79566310346386,5,GSM,2022,POINT (39058.72712076343 164155.04662539717),,,Other bees,
8517,8517,2022-06-14,p3,Waarmaarde,sinus,V,Bijen,1,Lasioglossum,50.7941054413568,3.49378192797628,4,GSM,2022,POINT (88312.02503070042 165211.83891428448),before,,Other bees,
8518,8518,2022-06-14,p3,Waarmaarde,sinus,V,Bijen,1,Lasioglossum,50.7940652920406,3.49429900758293,3,GSM,2022,POINT (88348.42645212551 165206.94392410945),before,,Other bees,
8522,8522,2022-06-20,p3,Muziekbos,sinus,V,Bijen,1,Lasioglossum,50.7687774546321,3.65560141909321,44,GSM,2022,POINT (99693.35987517137 162272.61182814557),before,,Other bees,
8523,8523,2022-06-20,p3,Muziekbos,sinus,V,Bijen,1,Lasioglossum,50.76848418456569,3.6547817755524497,21,GSM,2022,POINT (99635.22939976031 162240.54553762544),before,,Other bees,
8525,8525,2022-06-20,p3,Muziekbos,blok,V,Bijen,1,Lasioglossum,50.7696070783727,3.65610970407922,4,GSM,2022,POINT (99730.09881621256 162364.5497236643),before,,Other bees,
8533,8533,2022-05-14,p2,Muziekbos,sinus,V,Bijen,1,Lasioglossum,50.768660833175,3.65510338917715,12,GSM,2022,POINT (99658.10462226844 162259.97685415205),,,Other bees,
8535,8535,2022-05-18,p2,Waarmaarde,sinus,V,Bijen,1,Lasioglossum,50.7939507533341,3.493815539408,4,GSM,2022,POINT (88314.19203060126 165194.6048403671),,,Other bees,
8536,8536,2022-05-18,p2,Waarmaarde,sinus,V,Bijen,1,Lasioglossum,50.7940344047277,3.49374177866009,4,GSM,2022,POINT (88309.10146903706 165203.97073791362),,,Other bees,
8539,8539,2022-05-18,p2,Waarmaarde,blok,V,Bijen,1,Lasioglossum,50.7934956159915,3.49263964221206,52,GSM,2022,POINT (88230.69442370103 165144.95605553687),,,Other bees,
8540,8540,2022-05-18,p2,Waarmaarde,blok,V,Bijen,1,Lasioglossum,50.7934678718923,3.49253704771724,5,GSM,2022,POINT (88223.42505672622 165141.95532591268),,,Other bees,
8547,8547,2022-06-14,p3,Waarmaarde,sinus,V,Bijen,1,Lasioglossum,50.794180124114,3.49451459013251,35,GSM,2022,POINT (88363.77525606932 165219.5380264884),before,,Other bees,
8548,8548,2022-06-14,p3,Waarmaarde,sinus,V,Bijen,1,Lasioglossum,50.7939798385377,3.49425257183936,4,GSM,2022,POINT (88345.04087775237 165197.47733352706),before,,Other bees,
8549,8549,2022-06-21,p3,Palingbeek,blok,V,Bijen,1,Lasioglossum,50.8228052035447,2.91151240468296,8,GSM,2022,POINT (47327.11779501857 169048.08868588507),before,,Other bees,
8550,8550,2022-06-21,p3,Palingbeek,blok,V,Bijen,1,Lasioglossum,50.8228502143647,2.91146110743555,3,GSM,2022,POINT (47323.60221990838 169053.1656261105),before,,Other bees,
8551,8551,2022-08-05,p4,Palingbeek,sinus,V,Bijen,1,Lasioglossum,50.820208615671,2.91495753452453,4,GSM,2022,POINT (47564.16830488626 168754.54372415226),after,Palingbeek_sinus_2022_06,Other bees,2.8683099681704136
8552,8552,2022-08-05,p4,Palingbeek,sinus,V,Bijen,1,Lasioglossum,50.82052507442489,2.91518175043437,3,GSM,2022,POINT (47580.653539205785 168789.43068078905),after,Palingbeek_sinus_2022_06,Other bees,-1.395878108628841
8553,8553,2022-08-05,p4,Palingbeek,sinus,V,Bijen,1,Lasioglossum,50.8207213785972,2.91483188979599,4,GSM,2022,POINT (47556.43267435157 168811.74577329215),after,Palingbeek_sinus_2022_06,Other bees,-5.17011211587627
8554,8554,2022-08-05,p4,Palingbeek,sinus,V,Bijen,1,Lasioglossum,50.821071532602495,2.91293481365117,6,GSM,2022,POINT (47423.544612731304 168853.30723387282),after,Palingbeek_sinus_2022_06,Other bees,12.429490380080512
8555,8555,2022-04-15,p1,Muziekbos,sinus,V,Bijen,1,Lasioglossum,50.7684429875116,3.65511193871838,5,GSM,2022,POINT (99658.47502653656 162235.7393715335),,,Other bees,
8561,8561,2022-04-20,p1,Waarmaarde,sinus,V,Bijen,1,Lasioglossum,50.794532540676,3.49423216930525,40,GSM,2022,POINT (88344.32603755945 165258.9721263852),,,Other bees,
8562,8562,2022-04-23,p1,Waarmaarde2,blok,V,Bijen,1,Lasioglossum,50.7804115489598,3.46962285228396,8,GSM,2022,POINT (86590.38856133792 163708.98868225515),,,Other bees,
8565,8565,2022-04-23,p1,Waarmaarde2,sinus,V,Bijen,1,Lasioglossum,50.781349274377106,3.47104643471862,4,GSM,2022,POINT (86692.03970274268 163812.07867349032),,,Other bees,
8566,8566,2022-04-23,p1,Waarmaarde2,sinus,V,Bijen,1,Lasioglossum,50.781372911344,3.47104970366085,3,GSM,2022,POINT (86692.30198761486 163814.7050441783),,,Other bees,
8586,8586,2022-05-11,p2,Palingbeek,sinus,V,Bijen,1,Lasioglossum,50.8206338296186,2.91447934694859,32,GSM,2022,POINT (47531.40495006397 168802.49492220022),,,Other bees,
8587,8587,2022-05-11,p2,Palingbeek,sinus,V,Bijen,1,Lasioglossum,50.8206555387478,2.9146324005005,15,GSM,2022,POINT (47542.23505071763 168804.69827602804),,,Other bees,
8588,8588,2022-05-11,p2,Palingbeek,sinus,V,Bijen,1,Lasioglossum,50.8203483419969,2.91503355838629,4,GSM,2022,POINT (47569.82848391145 168769.97906551976),,,Other bees,
8589,8589,2022-05-11,p2,Palingbeek,sinus,V,Bijen,1,Lasioglossum,50.820339038084,2.91486449539932,17,GSM,2022,POINT (47557.89743635437 168769.17742284108),,,Other bees,
8590,8590,2022-05-11,p2,Palingbeek,sinus,V,Bijen,1,Lasioglossum,50.8205035748433,2.91437256150219,3,GSM,2022,POINT (47523.598112326436 168788.1554682115),,,Other bees,
8591,8591,2022-05-11,p2,Palingbeek,sinus,V,Bijen,1,Lasioglossum,50.8205814427238,2.91431254707548,3,GSM,2022,POINT (47519.539582383004 168796.8986155698),,,Other bees,
8592,8592,2022-05-11,p2,Palingbeek,sinus,V,Bijen,1,Lasioglossum,50.8211582014813,2.91370997205647,4,GSM,2022,POINT (47478.34388671708 168861.87635860965),,,Other bees,
8593,8593,2022-05-11,p2,Palingbeek,sinus,V,Bijen,1,Lasioglossum,50.8211799944292,2.91399260983142,3,GSM,2022,POINT (47498.3033516077 168863.91011540033),,,Other bees,
8596,8596,2022-05-11,p2,Palingbeek,blok,V,Bijen,1,Lasioglossum,50.8229976520415,2.91135239415141,9,GSM,2022,POINT (47316.265330035836 169069.7137026554),,,Other bees,
8601,8601,2022-05-14,p2,Muziekbos,sinus,V,Bijen,1,Lasioglossum,50.768299112144,3.65544964559716,4,GSM,2022,POINT (99682.14321124446 162219.50695401803),,,Other bees,
8602,8602,2022-05-14,p2,Muziekbos,sinus,V,Bijen,1,Lasioglossum,50.7682319730996,3.6551662534509295,4,GSM,2022,POINT (99662.08101531267 162212.23075579107),,,Other bees,
8603,8603,2022-05-14,p2,Muziekbos,sinus,V,Bijen,1,Lasioglossum,50.7686601626228,3.65528309718114,24,GSM,2022,POINT (99670.78041743135 162259.7805587072),,,Other bees,
8607,8607,2022-05-14,p2,Muziekbos,blok,V,Bijen,1,Lasioglossum,50.7692909846555,3.6562945414368495,4,GSM,2022,POINT (99742.79983647875 162329.2645615423),,,Other bees,
8608,8608,2022-05-14,p2,Muziekbos,blok,V,Bijen,1,Lasioglossum,50.769206453162,3.65637718700213,3,GSM,2022,POINT (99748.53940949496 162319.8059600219),,,Other bees,
8609,8609,2022-05-14,p2,Muziekbos,blok,V,Bijen,1,Lasioglossum,50.7694028830628,3.65639705211264,6,GSM,2022,POINT (99750.15009246452 162341.642082626),,,Other bees,
8615,8615,2022-05-18,p2,Waarmaarde,sinus,V,Bijen,1,Lasioglossum,50.7939443755091,3.49368136493175,19,GSM,2022,POINT (88304.72438019606 165194.00681441184),,,Other bees,
8616,8616,2022-05-18,p2,Waarmaarde,sinus,V,Bijen,1,Lasioglossum,50.7947156526049,3.49441391348278,40,GSM,2022,POINT (88357.3784988529 165279.18915676232),,,Other bees,
8617,8617,2022-05-18,p2,Waarmaarde,sinus,V,Bijen,1,Lasioglossum,50.7942169206693,3.49417026155022,5,GSM,2022,POINT (88339.54839222383 165223.91661931947),,,Other bees,
8618,8618,2022-05-18,p2,Waarmaarde,sinus,V,Bijen,1,Lasioglossum,50.794717122291,3.49453801138206,40,GSM,2022,POINT (88366.12917860653 165279.2496961672),,,Other bees,
8622,8622,2022-05-18,p2,Waarmaarde,blok,V,Bijen,1,Lasioglossum,50.793322529691295,3.49261877127317,4,GSM,2022,POINT (88228.99600537366 165125.72077213507),,,Other bees,
8623,8623,2022-05-18,p2,Waarmaarde,blok,V,Bijen,1,Lasioglossum,50.7931535924326,3.49229455925849,3,GSM,2022,POINT (88205.91712455766 165107.1992002558),,,Other bees,
8629,8629,2022-05-18,p2,Waarmaarde2,sinus,V,Bijen,1,Lasioglossum,50.781439212198094,3.4711909387293,3,GSM,2022,POINT (86702.35076203749 163821.95941612218),,,Other bees,
8630,8630,2022-05-18,p2,Waarmaarde2,sinus,V,Bijen,1,Lasioglossum,50.7815558882906,3.47102145664717,7,GSM,2022,POINT (86690.55594390084 163835.08175887167),,,Other bees,
8631,8631,2022-05-18,p2,Waarmaarde2,sinus,V,Bijen,1,Lasioglossum,50.7813540520619,3.47089111805285,5,GSM,2022,POINT (86681.0934126956 163812.74243378267),,,Other bees,
8636,8636,2022-05-22,p2,Kemmelberg,sinus,V,Bijen,1,Lasioglossum,50.7727641938727,2.79636525549254,3,GSM,2022,POINT (39097.53171690526 163648.24736440834),,,Other bees,
8652,8652,2022-06-14,p3,Waarmaarde2,blok,V,Bijen,1,Lasioglossum,50.7804774307187,3.46864024177516,3,GSM,2022,POINT (86521.18366967278 163717.15569962468),before,,Other bees,
8653,8653,2022-06-14,p3,Waarmaarde2,blok,V,Bijen,1,Lasioglossum,50.7801072036415,3.4683562799097,52,GSM,2022,POINT (86500.65970789689 163676.21773888357),before,,Other bees,
8654,8654,2022-06-14,p3,Waarmaarde2,blok,V,Bijen,1,Lasioglossum,50.7802365407924,3.46908450595381,72,GSM,2022,POINT (86552.18870005105 163689.98194254003),before,,Other bees,
8655,8655,2022-06-14,p3,Waarmaarde2,blok,V,Bijen,1,Lasioglossum,50.7803662866826,3.46922932193006,5,GSM,2022,POINT (86562.57586428526 163704.2900164025),before,,Other bees,
8662,8662,2022-06-14,p3,Waarmaarde2,sinus,V,Bijen,1,Lasioglossum,50.781581075909294,3.47135606222178,3,GSM,2022,POINT (86714.18558876528 163837.59837042447),before,,Other bees,
8663,8663,2022-06-14,p3,Waarmaarde2,sinus,V,Bijen,1,Lasioglossum,50.7814361108939,3.47093344666387,18,GSM,2022,POINT (86684.18865222542 163821.83382494003),before,,Other bees,
8664,8664,2022-06-14,p3,Waarmaarde2,sinus,V,Bijen,1,Lasioglossum,50.7814298244666,3.47125723958338,3,GSM,2022,POINT (86707.01358326818 163820.85873793345),before,,Other bees,
8665,8665,2022-06-14,p3,Waarmaarde2,sinus,V,Bijen,1,Lasioglossum,50.7811472286014,3.47135907970692,35,GSM,2022,POINT (86713.81556746564 163789.33867076784),before,,Other bees,
8666,8666,2022-06-14,p3,Waarmaarde2,sinus,V,Bijen,1,Lasioglossum,50.7811204903303,3.47134801559473,4,GSM,2022,POINT (86712.99941921762 163786.37397796102),before,,Other bees,
8667,8667,2022-06-14,p3,Waarmaarde2,sinus,V,Bijen,1,Lasioglossum,50.7811675128068,3.47100368701244,4,GSM,2022,POINT (86688.7809286836 163791.89763294347),before,,Other bees,
8671,8671,2022-06-14,p3,Waarmaarde,sinus,V,Bijen,1,Lasioglossum,50.7945925280487,3.49417051538492,48,GSM,2022,POINT (88340.05802613459 165265.69576636888),before,,Other bees,
8675,8675,2022-06-14,p3,Waarmaarde,blok,V,Bijen,1,Lasioglossum,50.7929044403611,3.49242774769989,14,GSM,2022,POINT (88214.98022617897 165079.3749214681),before,,Other bees,
8676,8676,2022-06-14,p3,Waarmaarde,blok,V,Bijen,1,Lasioglossum,50.7934046723424,3.49269898608652,4,GSM,2022,POINT (88234.75894227104 165134.79093818087),before,,Other bees,
8677,8677,2022-06-14,p3,Waarmaarde,blok,V,Bijen,1,Lasioglossum,50.7934512757237,3.49262849428084,3,GSM,2022,POINT (88229.85033554607 165140.03329181764),before,,Other bees,
8679,8679,2022-06-18,p3,Kemmelberg,blok,V,Bijen,1,Lasioglossum,50.7771862764384,2.79534777626655,3,GSM,2022,POINT (39036.19653276542 164141.56283241976),before,,Other bees,
8680,8680,2022-06-18,p3,Kemmelberg,blok,V,Bijen,1,Lasioglossum,50.7772221090748,2.79572973959408,5,GSM,2022,POINT (39063.2147509473 164144.97741460055),before,,Other bees,
8690,8690,2022-06-20,p3,Muziekbos,sinus,V,Bijen,1,Lasioglossum,50.7685765950482,3.65552491508764,12,GSM,2022,POINT (99687.74892532954 162250.3213376915),before,,Other bees,
8691,8691,2022-06-20,p3,Muziekbos,sinus,V,Bijen,1,Lasioglossum,50.7687774546321,3.65560141909321,44,GSM,2022,POINT (99693.35987517137 162272.61182814557),before,,Other bees,
8692,8692,2022-06-20,p3,Muziekbos,sinus,V,Bijen,1,Lasioglossum,50.7687774546321,3.65560141909321,44,GSM,2022,POINT (99693.35987517137 162272.61182814557),before,,Other bees,
8693,8693,2022-06-20,p3,Muziekbos,sinus,V,Bijen,1,Lasioglossum,50.7688218914445,3.65521470085126,8,GSM,2022,POINT (99666.12848900702 162277.81650810037),before,,Other bees,
8694,8694,2022-06-20,p3,Muziekbos,sinus,V,Bijen,1,Lasioglossum,50.7687397907032,3.65530371666294,4,GSM,2022,POINT (99672.31993130286 162268.62389066909),before,,Other bees,
8695,8695,2022-06-20,p3,Muziekbos,blok,V,Bijen,1,Lasioglossum,50.7693238836254,3.6564910132471904,3,GSM,2022,POINT (99756.69374540672 162332.7911884701),before,,Other bees,
8696,8696,2022-06-20,p3,Muziekbos,blok,V,Bijen,1,Lasioglossum,50.7693901006608,3.65640945732934,4,GSM,2022,POINT (99751.01150873685 162340.21186627168),before,,Other bees,
8697,8697,2022-06-20,p3,Muziekbos,blok,V,Bijen,1,Lasioglossum,50.7695508655636,3.65599446930331,4,GSM,2022,POINT (99721.91041085657 162358.37493260205),before,,Other bees,
8698,8698,2022-06-21,p3,Palingbeek,blok,V,Bijen,1,Lasioglossum,50.8224982582506,2.91246777400645,3,GSM,2022,POINT (47393.75241085065 169012.63065501954),before,,Other bees,
8699,8699,2022-06-21,p3,Palingbeek,blok,V,Bijen,1,Lasioglossum,50.8223167481374,2.91218345985087,5,GSM,2022,POINT (47373.32702277324 168992.83609200642),before,,Other bees,
8700,8700,2022-06-21,p3,Palingbeek,blok,V,Bijen,1,Lasioglossum,50.8224842604723,2.9120336752412,9,GSM,2022,POINT (47363.14025525491 169011.6735165883),before,,Other bees,
8701,8701,2022-06-21,p3,Palingbeek,blok,V,Bijen,1,Lasioglossum,50.8224318735778,2.91203937493535,4,GSM,2022,POINT (47363.42752408757 169005.8392445622),before,,Other bees,
8702,8702,2022-06-21,p3,Palingbeek,blok,V,Bijen,1,Lasioglossum,50.8229112765296,2.9112786334035,4,GSM,2022,POINT (47310.88054875376 169060.20909894072),before,,Other bees,
8703,8703,2022-06-21,p3,Palingbeek,blok,V,Bijen,1,Lasioglossum,50.8228991646796,2.91096565313908,4,GSM,2022,POINT (47288.80530893216 169059.29472624604),before,,Other bees,
8717,8717,2022-06-21,p3,Palingbeek,sinus,V,Bijen,1,Lasioglossum,50.8207675209742,2.91424079798433,3,GSM,2022,POINT (47514.89001551796 168817.6929625962),before,,Other bees,
8718,8718,2022-06-21,p3,Palingbeek,sinus,V,Bijen,1,Lasioglossum,50.8215143066372,2.91382941417667,4,GSM,2022,POINT (47487.534434780435 168901.31704999786),before,,Other bees,
8719,8719,2022-06-21,p3,Palingbeek,sinus,V,Bijen,1,Lasioglossum,50.8210661262747,2.91449041106078,8,GSM,2022,POINT (47533.125770682425 168850.5591007378),before,,Other bees,
8720,8720,2022-06-21,p3,Palingbeek,sinus,V,Bijen,1,Lasioglossum,50.8206311055001,2.91429989040169,3,GSM,2022,POINT (47518.756057718725 168802.4395009242),before,,Other bees,
8721,8721,2022-06-21,p3,Palingbeek,sinus,V,Bijen,1,Lasioglossum,50.8206173172693,2.91421749629351,4,GSM,2022,POINT (47512.9212498054 168801.01966187824),before,,Other bees,
8722,8722,2022-06-21,p3,Palingbeek,sinus,V,Bijen,1,Lasioglossum,50.8206953527882,2.91525869630548,45,GSM,2022,POINT (47586.44508520665 168808.26272631623),before,,Other bees,
8748,8748,2022-08-02,p4,Waarmaarde2,sinus,V,Bijen,1,Lasioglossum,50.7815479254826,3.47120367922212,5,GSM,2022,POINT (86703.39526725071 163834.0408158973),after,,Other bees,
8749,8749,2022-08-02,p4,Waarmaarde2,sinus,V,Bijen,1,Lasioglossum,50.7814757992058,3.47114844248022,4,GSM,2022,POINT (86699.40315303573 163826.06521382742),after,,Other bees,
8750,8750,2022-08-02,p4,Waarmaarde2,sinus,V,Bijen,1,Lasioglossum,50.7815130986746,3.47118901089157,3,GSM,2022,POINT (86702.3140881737 163830.17950111348),after,,Other bees,
8751,8751,2022-08-02,p4,Waarmaarde2,sinus,V,Bijen,1,Lasioglossum,50.7813385874505,3.47117836587454,12,GSM,2022,POINT (86701.32894221501 163810.77756749187),after,,Other bees,
8756,8756,2022-08-02,p4,Waarmaarde2,blok,V,Bijen,1,Lasioglossum,50.7806726452439,3.46927827224458,4,GSM,2022,POINT (86566.44034414498 163738.32467964198),after,,Other bees,
8763,8763,2022-08-05,p4,Palingbeek,blok,V,Bijen,1,Lasioglossum,50.8229120309006,2.91182052344354,25,GSM,2022,POINT (47349.05721337623 169059.5440646503),after,Palingbeek_blok_2022_06,Other bees,-3.7300779168520073
8769,8769,2022-08-06,p4,Muziekbos,sinus,V,Bijen,1,Lasioglossum,50.7682453422351,3.6552915629033502,5,GSM,2022,POINT (99670.93463656644 162213.63298607152),after,Muziekbos_sinus_2022_06,Other bees,-2.560277628493593
8770,8770,2022-08-06,p4,Muziekbos,sinus,V,Bijen,1,Lasioglossum,50.7682913588832,3.6555027868632703,18,GSM,2022,POINT (99685.88352151704 162218.6085572075),after,Muziekbos_sinus_2022_06,Other bees,1.7932271479221749
8771,8771,2022-08-06,p4,Muziekbos,sinus,V,Bijen,1,Lasioglossum,50.7683975995059,3.65531067364258,3,GSM,2022,POINT (99672.44528750604 162230.55612302944),after,Muziekbos_sinus_2022_06,Other bees,10.833002316431768
8772,8772,2022-08-06,p4,Muziekbos,sinus,V,Bijen,1,Lasioglossum,50.7687942730735,3.6554582789574304,3,GSM,2022,POINT (99683.28082204083 162274.57949506864),after,Muziekbos_sinus_2022_06,Other bees,8.661563659341825
8777,8777,2022-08-06,p4,Muziekbos,blok,V,Bijen,1,Lasioglossum,50.7692854525994,3.65644114092332,7,GSM,2022,POINT (99753.13485521714 162328.55009250715),after,Muziekbos_blok_2022_06,Other bees,-1.9996442082142254
8778,8778,2022-08-06,p4,Muziekbos,blok,V,Bijen,1,Lasioglossum,50.76933750421809,3.6564858164672303,4,GSM,2022,POINT (99756.34169210798 162334.30976558384),after,Muziekbos_blok_2022_06,Other bees,-3.1795302408736013
8781,8781,2022-08-10,p4,Kemmelberg,sinus,V,Bijen,1,Lasioglossum,50.7732467819478,2.79731291346512,5,GSM,2022,POINT (39165.496848853436 163700.50336702913),after,Kemmelberg_sinus_2022_06,Other bees,13.066297632806364
8782,8782,2022-08-10,p4,Kemmelberg,blok,V,Bijen,1,Lasioglossum,50.7779354053071,2.79667116142124,4,GSM,2022,POINT (39131.277353935904 164222.90026211273),after,Kemmelberg_blok_2022_06,Other bees,81.62787458420877
8797,8797,2022-08-24,p5,Palingbeek,sinus,V,Bijen,1,Lasioglossum,50.8210325148429,2.91448202915761,4,GSM,2022,POINT (47532.462069216315 168846.83244484104),,Palingbeek_sinus_2022_06,Other bees,-2.027078806414921
8798,8798,2022-08-24,p5,Palingbeek,sinus,V,Bijen,1,Lasioglossum,50.820767479065,2.91499122977528,4,GSM,2022,POINT (47567.75872550256 168816.6532822093),,Palingbeek_sinus_2022_06,Other bees,8.086168518665994
8799,8799,2022-08-24,p5,Palingbeek,sinus,V,Bijen,1,Lasioglossum,50.8203966636684,2.91516741737994,14,GSM,2022,POINT (47579.36426536244 168775.16877299827),,Palingbeek_sinus_2022_06,Other bees,12.230406647865749
8800,8800,2022-08-24,p5,Palingbeek,sinus,V,Bijen,1,Lasioglossum,50.820634835447,2.91528576985273,6,GSM,2022,POINT (47588.22074547672 168801.4947458338),,Palingbeek_sinus_2022_06,Other bees,8.460766469918493
8801,8801,2022-08-24,p5,Palingbeek,sinus,V,Bijen,1,Lasioglossum,50.820378977853,2.91507764719698,8,GSM,2022,POINT (47573.00130398362 168773.3255525725),,Palingbeek_sinus_2022_06,Other bees,-5.501797801423595
8802,8802,2022-08-24,p5,Palingbeek,sinus,V,Bijen,1,Lasioglossum,50.8211900946226,2.9131286032525,3,GSM,2022,POINT (47437.455637998035 168866.22596472036),,Palingbeek_sinus_2022_06,Other bees,-4.195226274161128
8803,8803,2022-08-24,p5,Palingbeek,sinus,V,Bijen,1,Lasioglossum,50.8212721534549,2.91331929154965,8,GSM,2022,POINT (47451.068556396116 168875.08918054216),,Palingbeek_sinus_2022_06,Other bees,-4.198435478534648
8808,8808,2022-08-24,p5,Palingbeek,blok,V,Bijen,1,Lasioglossum,50.8226902876522,2.91177819483253,15,GSM,2022,POINT (47345.59149763847 169034.94058142137),,Palingbeek_blok_2022_06,Other bees,12.332640773236129
8809,8809,2022-08-24,p5,Palingbeek,blok,V,Bijen,1,Lasioglossum,50.8228165191143,2.9115341976312,4,GSM,2022,POINT (47328.67775615785 169049.31706749834),,Palingbeek_blok_2022_06,Other bees,-9.379878334320583
8810,8810,2022-08-24,p5,Palingbeek,blok,V,Bijen,1,Lasioglossum,50.822479608516,2.91255276650461,3,GSM,2022,POINT (47399.699344031964 169010.43906747643),,Palingbeek_blok_2022_06,Other bees,66.22186466233849
8811,8811,2022-08-24,p5,Palingbeek,blok,V,Bijen,1,Lasioglossum,50.8227248630031,2.91299114004048,4,GSM,2022,POINT (47431.11673526716 169037.11057292018),,Palingbeek_blok_2022_06,Other bees,62.24442550469351
8812,8812,2022-08-24,p5,Palingbeek,blok,V,Bijen,1,Lasioglossum,50.8232386317577,2.91248445399376,6,GSM,2022,POINT (47396.541902224344 169094.9509415729),,Palingbeek_blok_2022_06,Other bees,5.4901039377250935
8822,8822,2022-08-25,p5,Waarmaarde,sinus,V,Bijen,1,Lasioglossum,50.7940095523848,3.49393431097594,4,GSM,2022,POINT (88322.64242174984 165201.04655644298),,Waarmaarde_sinus_2022_06,Other bees,2.0777936567912687
8823,8823,2022-08-25,p5,Waarmaarde,sinus,V,Bijen,1,Lasioglossum,50.7939775890606,3.49373839669734,4,GSM,2022,POINT (88308.78862234476 165197.65385698527),,Waarmaarde_sinus_2022_06,Other bees,5.593164139240654
8824,8824,2022-08-25,p5,Waarmaarde,sinus,V,Bijen,1,Lasioglossum,50.7940132855668,3.49370636752695,4,GSM,2022,POINT (88306.5773262855 165201.65102150384),,Waarmaarde_sinus_2022_06,Other bees,4.218952683812418
8825,8825,2022-08-25,p5,Waarmaarde,sinus,V,Bijen,1,Lasioglossum,50.7939477777581,3.49438148551014,3,GSM,2022,POINT (88354.08731906387 165193.8042148184),,Waarmaarde_sinus_2022_06,Other bees,1.3025806430794187
8826,8826,2022-08-25,p5,Waarmaarde,sinus,V,Bijen,1,Lasioglossum,50.794791533196495,3.49457785694977,37,GSM,2022,POINT (88369.03561645586 165287.49348345678),,Waarmaarde_sinus_2022_06,Other bees,62.074250860046966
8831,8831,2022-08-25,p5,Waarmaarde,blok,V,Bijen,1,Lasioglossum,50.7932521636142,3.49255515262809,4,GSM,2022,POINT (88224.41854172316 165117.94674051553),,Waarmaarde_blok_2022_06,Other bees,6.633289478861663
8832,8832,2022-08-25,p5,Waarmaarde,blok,V,Bijen,1,Lasioglossum,50.7933733659338,3.49210873246518,4,GSM,2022,POINT (88193.1045256583 165131.7994575007),,Waarmaarde_blok_2022_06,Other bees,33.13238756171987
8833,8833,2022-08-25,p5,Waarmaarde2,blok,V,Bijen,1,Lasioglossum,50.7804077771037,3.46929562278415,6,GSM,2022,POINT (86567.30726745323 163708.8484220514),,,Other bees,
8842,8842,2022-08-25,p5,Waarmaarde2,sinus,V,Bijen,1,Lasioglossum,50.781442942145,3.47126704641009,3,GSM,2022,POINT (86707.72276911125 163822.30947317556),,,Other bees,
8844,8844,2022-08-29,p5,Kemmelberg,sinus,V,Bijen,1,Lasioglossum,50.7730453648146,2.79683112167082,3,GSM,2022,POINT (39131.04677084061 163678.82199475076),,Kemmelberg_sinus_2022_06,Other bees,-0.9044855240254207
8845,8845,2022-08-29,p5,Kemmelberg,sinus,V,Bijen,1,Lasioglossum,50.7728610048543,2.79634153470657,35,GSM,2022,POINT (39096.0868468109 163659.04947808944),,Kemmelberg_sinus_2022_06,Other bees,2.6426856354065142
8847,8847,2022-08-29,p5,Kemmelberg,blok,V,Bijen,1,Lasioglossum,50.7769269822638,2.7958148997303,3,GSM,2022,POINT (39068.52464087559 164112.02808777802),,Kemmelberg_blok_2022_06,Other bees,-40.29807357269036
8848,8848,2022-08-29,p5,Kemmelberg,blok,V,Bijen,1,Lasioglossum,50.7767681032892,2.79561373405418,5,GSM,2022,POINT (39053.96528675652 164094.65899602603),,Kemmelberg_blok_2022_06,Other bees,-62.93013219199722
8849,8849,2022-08-29,p5,Kemmelberg,blok,V,Bijen,1,Lasioglossum,50.7771198079466,2.79519447125754,8,GSM,2022,POINT (39025.229749226666 164134.39963987097),,Kemmelberg_blok_2022_06,Other bees,-55.95219639203243
8852,8852,2022-08-31,p5,Muziekbos,sinus,V,Bijen,1,Lasioglossum,50.7686882419984,3.6555175390128496,24,GSM,2022,POINT (99687.34779955345 162262.74519032054),,Muziekbos_sinus_2022_06,Other bees,3.824859925767603
8853,8853,2022-08-31,p5,Muziekbos,sinus,V,Bijen,1,Lasioglossum,50.7687199255924,3.65557302721185,4,GSM,2022,POINT (99691.29572543147 162266.23190039303),,Muziekbos_sinus_2022_06,Other bees,9.045401817324244
8854,8854,2022-08-31,p5,Muziekbos,sinus,V,Bijen,1,Lasioglossum,50.7687504776294,3.6553423572365698,21,GSM,2022,POINT (99675.05702396262 162269.7864681948),,Muziekbos_sinus_2022_06,Other bees,0.7637022833462879
8855,8855,2022-08-31,p5,Muziekbos,sinus,V,Bijen,1,Lasioglossum,50.7684419057618,3.6553499626967905,46,GSM,2022,POINT (99675.2640396556 162235.45785036217),,Muziekbos_sinus_2022_06,Other bees,7.2222206077051805
8856,8856,2022-08-31,p5,Muziekbos,sinus,V,Bijen,1,Lasioglossum,50.7683902234315,3.65514244884592,5,GSM,2022,POINT (99660.57085164814 162229.849583962),,Muziekbos_sinus_2022_06,Other bees,3.4546784101279076
8858,8858,2022-08-31,p5,Muziekbos,blok,V,Bijen,1,Lasioglossum,50.7692753104965,3.65636930801314,11,GSM,2022,POINT (99748.05705124402 162327.47051822953),,Muziekbos_blok_2022_06,Other bees,0.9043798130255967
8859,8859,2022-08-31,p5,Muziekbos,blok,V,Bijen,1,Lasioglossum,50.7692491309457,3.65635965032363,4,GSM,2022,POINT (99747.34789866924 162324.56500930525),,Muziekbos_blok_2022_06,Other bees,3.846152625111694
8887,8887,2022-09-21,p6,Muziekbos,sinus,V,Bijen,1,Lasioglossum,50.7683669217406,3.6556064710055,8,GSM,2022,POINT (99693.27805689216 162226.94347784203),,Muziekbos_sinus_2022_06,Other bees,9.142404747498137
8888,8888,2022-09-21,p6,Muziekbos,sinus,V,Bijen,1,Lasioglossum,50.76852303468689,3.65559104830367,3,GSM,2022,POINT (99692.35676914951 162244.3188756071),,Muziekbos_sinus_2022_06,Other bees,-2.745734177415783
8889,8889,2022-09-21,p6,Muziekbos,sinus,V,Bijen,1,Lasioglossum,50.7685076958041,3.6555961612646,3,GSM,2022,POINT (99692.70106390072 162242.60922015365),,Muziekbos_sinus_2022_06,Other bees,-2.3257801632001307
8890,8890,2022-09-21,p6,Muziekbos,sinus,V,Bijen,1,Lasioglossum,50.7687312830715,3.65532282740218,4,GSM,2022,POINT (99673.6589067674 162267.66461806558),,Muziekbos_sinus_2022_06,Other bees,3.062026987544703
8891,8891,2022-09-21,p6,Muziekbos,sinus,V,Bijen,1,Lasioglossum,50.7690616976942,3.6550278682295696,10,GSM,2022,POINT (99653.20561795143 162304.61749584135),,Muziekbos_sinus_2022_06,Other bees,39.41724944985917
8892,8892,2022-09-21,p6,Muziekbos,sinus,V,Bijen,1,Lasioglossum,50.7687248290057,3.65529072471303,5,GSM,2022,POINT (99671.38751104564 162266.96844912227),,Muziekbos_sinus_2022_06,Other bees,4.90303451955321
8893,8893,2022-09-21,p6,Muziekbos,sinus,V,Bijen,1,Lasioglossum,50.7685863599654,3.65511755459351,5,GSM,2022,POINT (99659.0243010007 162251.6833585566),,Muziekbos_sinus_2022_06,Other bees,-1.1920532729333904
8898,8898,2022-09-21,p6,Muziekbos,blok,V,Bijen,1,Lasioglossum,50.769252511719905,3.65641758777541,3,GSM,2022,POINT (99751.43833093529 162324.90189209953),,Muziekbos_blok_2022_06,Other bees,1.8236907612499595
8899,8899,2022-09-21,p6,Muziekbos,blok,V,Bijen,1,Lasioglossum,50.769448312978,3.6560671404038096,9,GSM,2022,POINT (99726.92710961387 162346.91850813664),,Muziekbos_blok_2022_06,Other bees,-5.655900716832376
8900,8900,2022-09-21,p6,Muziekbos,blok,V,Bijen,1,Lasioglossum,50.7694484806164,3.6560388095710894,4,GSM,2022,POINT (99724.92887910179 162346.95631878357),,Muziekbos_blok_2022_06,Other bees,-4.650140332374066
8905,8905,2022-09-22,p6,Palingbeek,sinus,V,Bijen,1,Lasioglossum,50.820678966167506,2.91459040716561,4,GSM,2022,POINT (47539.32757429105 168807.36176024657),,Palingbeek_sinus_2022_06,Other bees,0.5607398224420707
8906,8906,2022-09-22,p6,Palingbeek,sinus,V,Bijen,1,Lasioglossum,50.8207121165942,2.91507027112219,5,GSM,2022,POINT (47573.20677653125 168810.3869583141),,Palingbeek_sinus_2022_06,Other bees,4.133532973707647
8907,8907,2022-09-22,p6,Palingbeek,sinus,V,Bijen,1,Lasioglossum,50.8206614898991,2.91490749456259,9,GSM,2022,POINT (47561.62875256593 168804.9807757605),,Palingbeek_sinus_2022_06,Other bees,2.7664170639079093
8908,8908,2022-09-22,p6,Palingbeek,sinus,V,Bijen,1,Lasioglossum,50.8205555007335,2.9150401800898,12,GSM,2022,POINT (47570.74591853791 168793.00984604843),,Palingbeek_sinus_2022_06,Other bees,5.337129314987431
8909,8909,2022-09-22,p6,Palingbeek,sinus,V,Bijen,1,Lasioglossum,50.8205339592426,2.9154323693392,6,GSM,2022,POINT (47598.32936410104 168790.0733391717),,Palingbeek_sinus_2022_06,Other bees,17.259395556602936
8910,8910,2022-09-22,p6,Palingbeek,sinus,V,Bijen,1,Lasioglossum,50.8202502192682,2.91468473884091,4,GSM,2022,POINT (47545.03988004176 168759.54701834358),,Palingbeek_sinus_2022_06,Other bees,-0.27713243848335434
8911,8911,2022-09-22,p6,Palingbeek,sinus,V,Bijen,1,Lasioglossum,50.8205150161415,2.91450331919166,4,GSM,2022,POINT (47532.835109955995 168789.24758530688),,Palingbeek_sinus_2022_06,Other bees,17.772241498213763
8912,8912,2022-09-22,p6,Palingbeek,sinus,V,Bijen,1,Lasioglossum,50.8213862721455,2.91346639000383,4,GSM,2022,POINT (47461.68037264739 168887.57825128548),,Palingbeek_sinus_2022_06,Other bees,4.322463861345006
8913,8913,2022-09-22,p6,Palingbeek,sinus,V,Bijen,1,Lasioglossum,50.821435810114,2.91354258545014,12,GSM,2022,POINT (47467.156299889 168892.9826253662),,Palingbeek_sinus_2022_06,Other bees,4.019519194715894
8914,8914,2022-09-22,p6,Palingbeek,sinus,V,Bijen,1,Lasioglossum,50.8212879952519,2.9139177594361,8,GSM,2022,POINT (47493.26536813483 168876.0250999527),,Palingbeek_sinus_2022_06,Other bees,5.519814423295411
8916,8916,2022-09-22,p6,Kemmelberg,sinus,V,Bijen,1,Lasioglossum,50.7727799099414,2.79735339805744,6,GSM,2022,POINT (39167.25329779231 163648.52042112127),,Kemmelberg_sinus_2022_06,Other bees,0.40876959810007496
8917,8917,2022-09-22,p6,Kemmelberg,sinus,V,Bijen,1,Lasioglossum,50.77291745382551,2.79682688332526,43,GSM,2022,POINT (39130.44681169522 163664.6028741328),,Kemmelberg_sinus_2022_06,Other bees,12.42816421831537
8918,8918,2022-09-22,p6,Kemmelberg,sinus,V,Bijen,1,Lasioglossum,50.7729534572466,2.79662040062509,4,GSM,2022,POINT (39115.97028885757 163668.91514250822),,Kemmelberg_sinus_2022_06,Other bees,13.145607594321419
8919,8919,2022-09-22,p6,Kemmelberg,sinus,V,Bijen,1,Lasioglossum,50.772964563268,2.79669726267717,38,GSM,2022,POINT (39121.4167828303 163670.03555411752),,Kemmelberg_sinus_2022_06,Other bees,10.604634831647322
8920,8920,2022-09-22,p6,Kemmelberg,sinus,V,Bijen,1,Lasioglossum,50.77291745382551,2.79682688332526,43,GSM,2022,POINT (39130.44681169522 163664.6028741328),,Kemmelberg_sinus_2022_06,Other bees,12.42816421831537
8921,8921,2022-09-22,p6,Kemmelberg,blok,V,Bijen,1,Lasioglossum,50.7771488093312,2.79534165747724,16,GSM,2022,POINT (39035.67680024625 164137.40511657856),,Kemmelberg_blok_2022_06,Other bees,-46.34011251288226
8922,8922,2022-09-22,p6,Kemmelberg,blok,V,Bijen,1,Lasioglossum,50.777095039422704,2.79523277655504,10,GSM,2022,POINT (39027.87246028516 164131.58781605493),,Kemmelberg_blok_2022_06,Other bees,-55.997372417891214
8925,8925,2022-09-23,p6,Waarmaarde2,sinus,V,Bijen,1,Lasioglossum,50.781486653770095,3.47122337669457,4,GSM,2022,POINT (86704.70197747876 163827.2087434288),,,Other bees,
8926,8926,2022-09-23,p6,Waarmaarde2,sinus,V,Bijen,1,Lasioglossum,50.781465447555,3.47110896371628,3,GSM,2022,POINT (86696.60526409873 163824.94742391538),,,Other bees,
8927,8927,2022-09-23,p6,Waarmaarde2,sinus,V,Bijen,1,Lasioglossum,50.7812467637016,3.47089346498574,4,GSM,2022,POINT (86681.11471434703 163800.80667809397),,,Other bees,
8930,8930,2022-09-23,p6,Waarmaarde2,blok,V,Bijen,1,Lasioglossum,50.7804747904192,3.46923384815777,5,GSM,2022,POINT (86563.0411579988 163716.35508931894),,,Other bees,
8935,8935,2022-09-30,p6,Waarmaarde,sinus,V,Bijen,1,Lasioglossum,50.7940254780005,3.49384361878362,12,GSM,2022,POINT (88316.26949047053 165202.89326414838),,Waarmaarde_sinus_2022_06,Other bees,0.08071323685660817
8936,8936,2022-09-30,p6,Waarmaarde,sinus,V,Bijen,1,Lasioglossum,50.7937992923434,3.49418099038628,3,GSM,2022,POINT (88339.75802541207 165177.45431266446),,Waarmaarde_sinus_2022_06,Other bees,-0.92052823733339
8937,8937,2022-09-30,p6,Waarmaarde,sinus,V,Bijen,1,Lasioglossum,50.7938507991384,3.49419079721299,3,GSM,2022,POINT (88340.51683886221 165183.17535052076),,Waarmaarde_sinus_2022_06,Other bees,0.7140915951979068
8938,8938,2022-09-30,p6,Waarmaarde,sinus,V,Bijen,1,Lasioglossum,50.7939536869998,3.49417327903536,3,GSM,2022,POINT (88339.41650379222 165194.63425221853),,Waarmaarde_sinus_2022_06,Other bees,5.551870480445535
8942,8942,2022-09-30,p6,Waarmaarde,blok,V,Bijen,1,Lasioglossum,50.79318988607329,3.49271591753092,3,GSM,2022,POINT (88235.67095976448 165110.88588702865),,Waarmaarde_blok_2022_06,Other bees,-4.858047972628163
8943,8943,2022-09-30,p6,Waarmaarde,blok,V,Bijen,1,Lasioglossum,50.7934088213842,3.49216883071092,6,GSM,2022,POINT (88197.38802479568 165135.69323205203),,Waarmaarde_blok_2022_06,Other bees,34.58147040676704
8944,8944,2022-09-30,p6,Waarmaarde,blok,V,Bijen,1,Lasioglossum,50.7934020739521,3.49240553565648,4,GSM,2022,POINT (88214.06705220859 165134.7458678009),,Waarmaarde_blok_2022_06,Other bees,26.31692468679377
8945,8945,2022-04-20,p1,Waarmaarde,sinus,V,Dagvlinders,1,Lycaena,50.7950010368772,3.49459533220443,53,GSM,2022,POINT (88370.54174476242 165310.78239516634),,,Butterflies,
8947,8947,2022-05-18,p2,Waarmaarde,sinus,V,Dagvlinders,1,Lycaena,50.7944193855401,3.49428500980464,10,GSM,2022,POINT (88347.90312387346 165246.34187392239),,,Butterflies,
8948,8948,2022-05-18,p2,Waarmaarde,sinus,V,Dagvlinders,1,Lycaena,50.7939009648289,3.49421979859796,3,GSM,2022,POINT (88342.62711234379 165188.73128906917),,,Butterflies,
8951,8951,2022-06-14,p3,Waarmaarde,sinus,V,Dagvlinders,1,Lycaena,50.7940282021194,3.49389793351618,4,GSM,2022,POINT (88320.10223873716 165203.15118731372),before,,Butterflies,
8952,8952,2022-06-14,p3,Waarmaarde,sinus,V,Dagvlinders,1,Lycaena,50.7941230014439,3.49382827990082,3,GSM,2022,POINT (88315.31582744903 165213.75367044657),before,,Butterflies,
8957,8957,2022-08-02,p4,Waarmaarde,sinus,V,Dagvlinders,1,Lycaena,50.7942162501167,3.49378284998563,12,GSM,2022,POINT (88312.23516536513 165224.163567625),after,Waarmaarde_sinus_2022_06,Butterflies,10.070841010805283
8958,8958,2022-08-02,p4,Waarmaarde,sinus,V,Dagvlinders,1,Lycaena,50.7943463791638,3.4940845984998,4,GSM,2022,POINT (88333.67868536187 165238.38756053336),after,Waarmaarde_sinus_2022_06,Butterflies,6.370590567761246
8963,8963,2022-08-02,p4,Waarmaarde2,sinus,V,Dagvlinders,1,Lycaena,50.7809513016148,3.47109538503314,4,GSM,2022,POINT (86694.95683558253 163767.77019541245),after,,Butterflies,
8965,8965,2022-08-06,p4,Muziekbos,sinus,V,Dagvlinders,1,Lycaena,50.7684017066385,3.65524873137814,3,GSM,2022,POINT (99668.08027309773 162231.05491863098),after,Muziekbos_sinus_2022_06,Butterflies,10.501604789730463
8966,8966,2022-08-06,p4,Muziekbos,sinus,V,Dagvlinders,1,Lycaena,50.7686993480201,3.6552322190288895,3,GSM,2022,POINT (99667.23334434496 162264.17373416107),after,Muziekbos_sinus_2022_06,Butterflies,9.692998072170559
8967,8967,2022-08-06,p4,Muziekbos,sinus,V,Dagvlinders,1,Lycaena,50.7687470829587,3.65528871305627,3,GSM,2022,POINT (99671.26937304263 162269.445192107),after,Muziekbos_sinus_2022_06,Butterflies,3.1965798658791633
8968,8968,2022-08-06,p4,Muziekbos,sinus,V,Dagvlinders,1,Lycaena,50.7682011276959,3.6555118393186894,8,GSM,2022,POINT (99686.4257623305 162208.5657167202),after,Muziekbos_sinus_2022_06,Butterflies,7.054067853310897
8970,8970,2022-08-10,p4,Kemmelberg,sinus,V,Dagvlinders,1,Lycaena,50.772914523306,2.79615545645616,5,GSM,2022,POINT (39083.090511890725 163665.27928423602),after,Kemmelberg_sinus_2022_06,Butterflies,-7.618034512357868
8973,8973,2022-08-24,p5,Palingbeek,blok,V,Dagvlinders,1,Lycaena,50.8223418100279,2.9124774131951,4,GSM,2022,POINT (47394.090335157016 168995.21738680266),,Palingbeek_blok_2022_06,Butterflies,74.03215972290418
8974,8974,2022-08-24,p5,Palingbeek,blok,V,Dagvlinders,1,Lycaena,50.8226985857364,2.91294378228756,3,GSM,2022,POINT (47427.72318581199 169034.2534398241),,Palingbeek_blok_2022_06,Butterflies,62.472774360637075
8975,8975,2022-08-24,p5,Palingbeek,blok,V,Dagvlinders,1,Lycaena,50.8225470828368,2.91210643016073,4,GSM,2022,POINT (47368.40275621542 169018.56001439597),,Palingbeek_blok_2022_06,Butterflies,39.60043490539776
8984,8984,2022-08-25,p5,Waarmaarde,sinus,V,Dagvlinders,1,Lycaena,50.7939373382494,3.49370005961836,4,GSM,2022,POINT (88306.03313711341 165193.2085289415),,Waarmaarde_sinus_2022_06,Butterflies,2.102531788897036
8985,8985,2022-08-25,p5,Waarmaarde,sinus,V,Dagvlinders,1,Lycaena,50.7946376096,3.49429682274193,39,GSM,2022,POINT (88349.02158120385 165270.6054556016),,Waarmaarde_sinus_2022_06,Butterflies,40.308734877175034
8986,8986,2022-08-25,p5,Waarmaarde,sinus,V,Dagvlinders,1,Lycaena,50.7936777128379,3.49436455406574,5,GSM,2022,POINT (88352.54016685724 165163.77854890842),,Waarmaarde_sinus_2022_06,Butterflies,19.62554325228391
8987,8987,2022-08-25,p5,Waarmaarde,sinus,V,Dagvlinders,1,Lycaena,50.7938893376477,3.49497581331211,22,GSM,2022,POINT (88395.91097937153 165186.81096293963),,Waarmaarde_sinus_2022_06,Butterflies,29.9112405573578
8988,8988,2022-08-25,p5,Waarmaarde,sinus,V,Dagvlinders,1,Lycaena,50.7946570653262,3.49436884643018,35,GSM,2022,POINT (88354.12464045029 165272.70979301538),,Waarmaarde_sinus_2022_06,Butterflies,43.31019004408937
8989,8989,2022-08-25,p5,Waarmaarde,sinus,V,Dagvlinders,1,Lycaena,50.7944477582826,3.49414318800297,7,GSM,2022,POINT (88337.94193678655 165249.6154890079),,Waarmaarde_sinus_2022_06,Butterflies,17.79159318661737
8990,8990,2022-08-25,p5,Waarmaarde,sinus,V,Dagvlinders,1,Lycaena,50.7944167871504,3.49416615441766,4,GSM,2022,POINT (88339.52050417096 165246.1514675403),,Waarmaarde_sinus_2022_06,Butterflies,14.514453474847613
8996,8996,2022-08-25,p5,Waarmaarde,blok,V,Dagvlinders,1,Lycaena,50.793359158607906,3.49247518927184,8,GSM,2022,POINT (88218.92139294348 165129.91442183312),,Waarmaarde_blok_2022_06,Butterflies,19.785711809606024
8997,8997,2022-08-25,p5,Waarmaarde,blok,V,Dagvlinders,1,Lycaena,50.7934144791691,3.49246211350289,10,GSM,2022,POINT (88218.07210655886 165136.07867662795),,Waarmaarde_blok_2022_06,Butterflies,25.579784538866026
8998,8998,2022-08-25,p5,Waarmaarde,blok,V,Dagvlinders,1,Lycaena,50.7934203884109,3.49241064861742,4,GSM,2022,POINT (88214.45154515556 165136.77875949442),,Waarmaarde_blok_2022_06,Butterflies,27.939991189312376
8999,8999,2022-08-25,p5,Waarmaarde,blok,V,Dagvlinders,1,Lycaena,50.7934203884109,3.49241064861742,4,GSM,2022,POINT (88214.45154515556 165136.77875949442),,Waarmaarde_blok_2022_06,Butterflies,27.939991189312376
9000,9000,2022-08-25,p5,Waarmaarde,blok,V,Dagvlinders,1,Lycaena,50.7930719946052,3.49226178601709,3,GSM,2022,POINT (88203.49951381682 165098.15021433122),,Waarmaarde_blok_2022_06,Butterflies,-1.315223773116446
9001,9001,2022-08-25,p5,Waarmaarde,blok,V,Dagvlinders,1,Lycaena,50.7930810051511,3.49224351346817,3,GSM,2022,POINT (88202.22309845121 165099.16766556725),,Waarmaarde_blok_2022_06,Butterflies,0.1
9007,9007,2022-08-25,p5,Waarmaarde2,blok,V,Dagvlinders,1,Lycaena,50.7800998074996,3.46825290897324,54,GSM,2022,POINT (86493.35997653008 163675.48340122774),,,Butterflies,
9008,9008,2022-08-25,p5,Waarmaarde2,blok,V,Dagvlinders,1,Lycaena,50.7804279355808,3.46921163611437,4,GSM,2022,POINT (86561.41167428537 163711.16235959437),,,Butterflies,
9009,9009,2022-08-25,p5,Waarmaarde2,blok,V,Dagvlinders,1,Lycaena,50.7803268917381,3.46957759000684,4,GSM,2022,POINT (86587.08271650143 163699.6108319573),,,Butterflies,
9014,9014,2022-08-25,p5,Waarmaarde2,sinus,V,Dagvlinders,1,Lycaena,50.781349106739,3.4711095504495,5,GSM,2022,POINT (86696.49030959731 163812.00625672936),,,Butterflies,
9015,9015,2022-08-25,p5,Waarmaarde2,sinus,V,Dagvlinders,1,Lycaena,50.781432380947,3.4712564852121,3,GSM,2022,POINT (86706.96382080395 163821.1437395215),,,Butterflies,
9016,9016,2022-08-25,p5,Waarmaarde2,sinus,V,Dagvlinders,1,Lycaena,50.7811254356532,3.47097334452296,4,GSM,2022,POINT (86686.58466230935 163787.2432156084),,,Butterflies,
9019,9019,2022-08-29,p5,Kemmelberg,sinus,V,Dagvlinders,1,Lycaena,50.773059027317,2.79696439393125,4,GSM,2022,POINT (39140.477336095326 163680.1425510794),,Kemmelberg_sinus_2022_06,Butterflies,-5.438861208266364
9020,9020,2022-08-29,p5,Kemmelberg,sinus,V,Dagvlinders,1,Lycaena,50.7726046862553,2.79625419527552,4,GSM,2022,POINT (39089.324086540844 163630.67375963368),,Kemmelberg_sinus_2022_06,Butterflies,4.343303828832764
9021,9021,2022-08-29,p5,Kemmelberg,blok,V,Dagvlinders,1,Lycaena,50.776105639572,2.79634312726817,34,GSM,2022,POINT (39103.83854098973 164019.89481796324),,Kemmelberg_blok_2022_06,Butterflies,121.59581582459582
9022,9022,2022-08-29,p5,Kemmelberg,blok,V,Dagvlinders,1,Lycaena,50.7771046367015,2.79508416541181,3,GSM,2022,POINT (39017.41586762029 164132.87718396727),,Kemmelberg_blok_2022_06,Butterflies,62.83855119732727
9024,9024,2022-08-29,p5,Kemmelberg,blok,V,Dagvlinders,1,Lycaena,50.7774161920424,2.79599427245817,3,GSM,2022,POINT (39082.32511157954 164166.16708260775),,Kemmelberg_blok_2022_06,Butterflies,7.017001816468286
9025,9025,2022-08-29,p5,Kemmelberg,blok,V,Dagvlinders,1,Lycaena,50.7783786440744,2.79715516604743,4,GSM,2022,POINT (39166.44905082708 164271.472263637),,Kemmelberg_blok_2022_06,Butterflies,140.64986111615232
9027,9027,2022-08-31,p5,Muziekbos,sinus,V,Dagvlinders,1,Lycaena,50.7684958773209,3.6555817443911502,4,GSM,2022,POINT (99691.6714868854 162241.30436969735),,Muziekbos_sinus_2022_06,Butterflies,-1.5248238569603034
9029,9029,2022-08-31,p5,Muziekbos,blok,V,Dagvlinders,1,Lycaena,50.7695311680912,3.65657466464085,5,GSM,2022,POINT (99762.81533177078 162355.79158696719),,Muziekbos_blok_2022_06,Butterflies,18.58897637558032
9046,9046,2022-09-21,p6,Muziekbos,sinus,V,Dagvlinders,1,Lycaena,50.7686005672912,3.65557093173605,3,GSM,2022,POINT (99691.02050998402 162252.9567000931),,Muziekbos_sinus_2022_06,Butterflies,6.065087106345272
9047,9047,2022-09-21,p6,Muziekbos,sinus,V,Dagvlinders,1,Lycaena,50.7685888050476,3.65555195946129,4,GSM,2022,POINT (99689.66965836371 162251.66118925158),,Muziekbos_sinus_2022_06,Butterflies,-4.865581215287436
9050,9050,2022-09-21,p6,Muziekbos,blok,V,Dagvlinders,1,Lycaena,50.769242746803,3.65638908930463,4,GSM,2022,POINT (99749.41767724231 162323.83497546706),,Muziekbos_blok_2022_06,Butterflies,3.6494452379124036
9051,9051,2022-09-21,p6,Muziekbos,blok,V,Dagvlinders,1,Lycaena,50.7694250531967,3.65659520030362,5,GSM,2022,POINT (99764.15077731365 162343.97419175878),,Muziekbos_blok_2022_06,Butterflies,8.839431681073494
9052,9052,2022-09-22,p6,Palingbeek,blok,V,Dagvlinders,1,Lycaena,50.8228221349891,2.9119387920973,3,GSM,2022,POINT (47357.19289836181 169049.38254673965),,Palingbeek_blok_2022_06,Butterflies,9.082684436834564
9053,9053,2022-09-22,p6,Palingbeek,blok,V,Dagvlinders,1,Lycaena,50.822539161938,2.91154425591501,28,GSM,2022,POINT (47328.7811649362 169018.45589087252),,Palingbeek_blok_2022_06,Butterflies,14.399762858670528
9054,9054,2022-09-22,p6,Palingbeek,blok,V,Dagvlinders,1,Lycaena,50.8228912437807,2.91323974728855,14,GSM,2022,POINT (47448.99328305079 169055.27199133672),,Palingbeek_blok_2022_06,Butterflies,63.08809975983064
9055,9055,2022-09-22,p6,Palingbeek,blok,V,Dagvlinders,1,Lycaena,50.822702106136,2.91285124607655,4,GSM,2022,POINT (47421.21184607899 169034.77274836414),,Palingbeek_blok_2022_06,Butterflies,57.98582993071869
9060,9060,2022-09-22,p6,Kemmelberg,sinus,V,Dagvlinders,1,Lycaena,50.7729279343511,2.79652920551858,4,GSM,2022,POINT (39109.47907791077 163666.21277985163),,Kemmelberg_sinus_2022_06,Butterflies,16.17968812557083
9061,9061,2022-09-22,p6,Kemmelberg,sinus,V,Dagvlinders,1,Lycaena,50.77291745382551,2.79682688332526,43,GSM,2022,POINT (39130.44681169522 163664.6028741328),,Kemmelberg_sinus_2022_06,Butterflies,12.42816421831537
9062,9062,2022-09-22,p6,Kemmelberg,sinus,V,Dagvlinders,1,Lycaena,50.7730330015077,2.79753117822371,4,GSM,2022,POINT (39180.38593996482 163676.4024248002),,Kemmelberg_sinus_2022_06,Butterflies,9.853146571741693
9064,9064,2022-09-22,p6,Kemmelberg,blok,V,Dagvlinders,1,Lycaena,50.7770895073663,2.79516697861514,3,GSM,2022,POINT (39023.21973130014 164131.0708724549),,Kemmelberg_blok_2022_06,Butterflies,59.9086020691155
9065,9065,2022-09-22,p6,Kemmelberg,blok,V,Dagvlinders,1,Lycaena,50.7771062292631,2.79514283873401,3,GSM,2022,POINT (39021.55692609158 164132.96664057765),,Kemmelberg_blok_2022_06,Butterflies,59.79243067436967
9066,9066,2022-09-22,p6,Kemmelberg,blok,V,Dagvlinders,1,Lycaena,50.7776082633536,2.79626014642677,3,GSM,2022,POINT (39101.52514922038 164187.13109541498),,Kemmelberg_blok_2022_06,Butterflies,35.387937348481614
9075,9075,2022-09-23,p6,Waarmaarde2,sinus,V,Dagvlinders,1,Lycaena,50.7814921020074,3.47123955376769,4,GSM,2022,POINT (86705.8500783735 163827.8009752063),,,Butterflies,
9076,9076,2022-09-23,p6,Waarmaarde2,sinus,V,Dagvlinders,1,Lycaena,50.7814849354799,3.47108214162613,10,GSM,2022,POINT (86694.74000008384 163827.13792902976),,,Butterflies,
9077,9077,2022-09-23,p6,Waarmaarde2,sinus,V,Dagvlinders,1,Lycaena,50.7813031320004,3.47104291431929,4,GSM,2022,POINT (86691.72944191651 163806.94922525343),,,Butterflies,
9078,9078,2022-09-23,p6,Waarmaarde2,sinus,V,Dagvlinders,1,Lycaena,50.7812066562949,3.47122765146519,4,GSM,2022,POINT (86704.62723748173 163796.060794306),,,Butterflies,
9079,9079,2022-09-23,p6,Waarmaarde2,sinus,V,Dagvlinders,1,Lycaena,50.7813802874191,3.4714996442231,5,GSM,2022,POINT (86724.04105216352 163815.14225586504),,,Butterflies,
9080,9080,2022-09-23,p6,Waarmaarde2,sinus,V,Dagvlinders,1,Lycaena,50.781294917735,3.4712181799146,3,GSM,2022,POINT (86704.07789977081 163805.88624136057),,,Butterflies,
9088,9088,2022-09-23,p6,Waarmaarde2,blok,V,Dagvlinders,1,Lycaena,50.7805977110292,3.46905849874342,3,GSM,2022,POINT (86550.84108844653 163730.17733408045),,,Butterflies,
9089,9089,2022-09-23,p6,Waarmaarde2,blok,V,Dagvlinders,1,Lycaena,50.7805508561908,3.4690077044102,4,GSM,2022,POINT (86547.19598037703 163725.0090143578),,,Butterflies,
9090,9090,2022-09-23,p6,Waarmaarde2,blok,V,Dagvlinders,1,Lycaena,50.78033468690769,3.46922068856979,4,GSM,2022,POINT (86561.92448860304 163700.7825245643),,,Butterflies,
9091,9091,2022-09-23,p6,Waarmaarde2,blok,V,Dagvlinders,1,Lycaena,50.7803652808543,3.4692135639521,3,GSM,2022,POINT (86561.46325667629 163704.19159028493),,,Butterflies,
9092,9092,2022-09-23,p6,Waarmaarde2,blok,V,Dagvlinders,1,Lycaena,50.7805209747057,3.46909822896446,3,GSM,2022,POINT (86553.53950762644 163721.607982371),,,Butterflies,
9098,9098,2022-09-30,p6,Waarmaarde,sinus,V,Dagvlinders,1,Lycaena,50.794049617882,3.49409792572585,4,GSM,2022,POINT (88334.22969951728 165205.36731213704),,Waarmaarde_sinus_2022_06,Butterflies,13.078191718658246
9099,9099,2022-09-30,p6,Waarmaarde,sinus,V,Dagvlinders,1,Lycaena,50.7941967202823,3.49418417550948,6,GSM,2022,POINT (88340.50287481339 165221.65815553442),,Waarmaarde_sinus_2022_06,Butterflies,9.202687028905993
9100,9100,2022-09-30,p6,Waarmaarde,sinus,V,Dagvlinders,1,Lycaena,50.7945140999075,3.49415779794448,94,GSM,2022,POINT (88339.05878092367 165256.9826418748),,Waarmaarde_sinus_2022_06,Butterflies,25.218258984317796
9107,9107,2022-09-30,p6,Waarmaarde,blok,V,Dagvlinders,1,Lycaena,50.793198142248,3.49275371991423,3,GSM,2022,POINT (88238.34689551621 165111.77281330992),,Waarmaarde_blok_2022_06,Butterflies,-5.041022331593085
9108,9108,2022-09-30,p6,Waarmaarde,blok,V,Dagvlinders,1,Lycaena,50.793196843053,3.49242959171858,7,GSM,2022,POINT (88215.49380328145 165111.89774645772),,Waarmaarde_blok_2022_06,Butterflies,5.127097829831407
9109,9109,2022-09-30,p6,Waarmaarde,blok,V,Dagvlinders,1,Lycaena,50.7934568077798,3.49221233278838,4,GSM,2022,POINT (88200.51791803591 165140.99464670848),,Waarmaarde_blok_2022_06,Butterflies,37.84897612940699
9122,9122,2022-06-14,p3,Waarmaarde2,blok,V,Dagvlinders,1,Maniola,50.7802312129429,3.46822992848874,66,GSM,2022,POINT (86491.91652248707 163690.11934590712),before,,Butterflies,
9123,9123,2022-06-14,p3,Waarmaarde2,blok,V,Dagvlinders,1,Maniola,50.7803812902893,3.46862138249303,4,GSM,2022,POINT (86519.72417109796 163706.47805286013),before,,Butterflies,
9124,9124,2022-06-14,p3,Waarmaarde2,blok,V,Dagvlinders,1,Maniola,50.7802455890171,3.46827123685685,71,GSM,2022,POINT (86494.84897665319 163691.6831014529),before,,Butterflies,
9125,9125,2022-06-14,p3,Waarmaarde2,blok,V,Dagvlinders,1,Maniola,50.780408238108,3.46861777827466,6,GSM,2022,POINT (86519.5063126116 163709.4785539154),before,,Butterflies,
9126,9126,2022-06-14,p3,Waarmaarde2,blok,V,Dagvlinders,1,Maniola,50.7802690866298,3.4683877667349,67,GSM,2022,POINT (86503.09835800898 163694.19717285875),before,,Butterflies,
9127,9127,2022-06-14,p3,Waarmaarde2,blok,V,Dagvlinders,1,Maniola,50.7799432236282,3.46817645602691,85,GSM,2022,POINT (86487.75738874843 163658.13182854652),before,,Butterflies,
9128,9128,2022-06-14,p3,Waarmaarde2,blok,V,Dagvlinders,1,Maniola,50.7803827571224,3.46933485009099,9,GSM,2022,POINT (86570.03988973788 163706.03194889706),before,,Butterflies,
9129,9129,2022-06-14,p3,Waarmaarde2,blok,V,Dagvlinders,1,Maniola,50.7803750457718,3.4692651126566,5,GSM,2022,POINT (86565.1116216739 163705.23374113813),before,,Butterflies,
9130,9130,2022-06-14,p3,Waarmaarde2,blok,V,Dagvlinders,1,Maniola,50.7803596230696,3.46925270743991,3,GSM,2022,POINT (86564.21603872912 163703.52885460202),before,,Butterflies,
9131,9131,2022-06-14,p3,Waarmaarde2,blok,V,Dagvlinders,1,Maniola,50.7803024584903,3.46904148347998,4,GSM,2022,POINT (86549.24352471047 163697.35074325558),before,,Butterflies,
9132,9132,2022-06-14,p3,Waarmaarde2,blok,V,Dagvlinders,1,Maniola,50.7803629339214,3.46903310157681,3,GSM,2022,POINT (86548.7338822069 163704.0846192753),before,,Butterflies,
9133,9133,2022-06-14,p3,Waarmaarde2,blok,V,Dagvlinders,1,Maniola,50.7806310290943,3.46929511986995,3,GSM,2022,POINT (86567.57239785668 163733.68130766787),before,,Butterflies,
9146,9146,2022-06-14,p3,Waarmaarde2,sinus,V,Dagvlinders,1,Maniola,50.7816359354656,3.47137785517002,6,GSM,2022,POINT (86715.79608325113 163843.68187639583),before,,Butterflies,
9147,9147,2022-06-14,p3,Waarmaarde2,sinus,V,Dagvlinders,1,Maniola,50.7815354364468,3.47125288099373,10,GSM,2022,POINT (86706.84811292912 163832.60974262562),before,,Butterflies,
9148,9148,2022-06-14,p3,Waarmaarde2,sinus,V,Dagvlinders,1,Maniola,50.7815634320031,3.47122438252295,3,GSM,2022,POINT (86704.87606245172 163835.74798167776),before,,Butterflies,
9149,9149,2022-06-14,p3,Waarmaarde2,sinus,V,Dagvlinders,1,Maniola,50.78141402457911,3.47108742222513,3,GSM,2022,POINT (86695.01709232602 163819.2459630426),before,,Butterflies,
9150,9150,2022-06-14,p3,Waarmaarde2,sinus,V,Dagvlinders,1,Maniola,50.781437954913,3.47130359150792,4,GSM,2022,POINT (86710.29317268921 163821.72361332644),before,,Butterflies,
9151,9151,2022-06-14,p3,Waarmaarde2,sinus,V,Dagvlinders,1,Maniola,50.7814724464442,3.47149042412961,3,GSM,2022,POINT (86723.51464834136 163825.40101823118),before,,Butterflies,
9152,9152,2022-06-14,p3,Waarmaarde2,sinus,V,Dagvlinders,1,Maniola,50.7813513944889,3.4715336723247,4,GSM,2022,POINT (86726.40185859415 163811.8995001819),before,,Butterflies,
9153,9153,2022-06-14,p3,Waarmaarde2,sinus,V,Dagvlinders,1,Maniola,50.7812642818789,3.47170148045147,3,GSM,2022,POINT (86738.11847287319 163802.06703021657),before,,Butterflies,
9154,9154,2022-06-14,p3,Waarmaarde2,sinus,V,Dagvlinders,1,Maniola,50.7812208636205,3.4715807810458,3,GSM,2022,POINT (86729.54859374947 163797.34035113733),before,,Butterflies,
9155,9155,2022-06-14,p3,Waarmaarde2,sinus,V,Dagvlinders,1,Maniola,50.7812175108592,3.47148371860708,35,GSM,2022,POINT (86722.69936530449 163797.05007010512),before,,Butterflies,
9156,9156,2022-06-14,p3,Waarmaarde2,sinus,V,Dagvlinders,1,Maniola,50.781154017942704,3.47100469284082,5,GSM,2022,POINT (86688.8337230547 163790.39573326614),before,,Butterflies,
9157,9157,2022-06-14,p3,Waarmaarde2,sinus,V,Dagvlinders,1,Maniola,50.7811559457804,3.47100310027922,4,GSM,2022,POINT (86688.72400818742 163790.61152480356),before,,Butterflies,
9158,9158,2022-06-14,p3,Waarmaarde2,sinus,V,Dagvlinders,1,Maniola,50.7811752241577,3.47099354490961,3,GSM,2022,POINT (86688.07608244778 163792.76401280053),before,,Butterflies,
9159,9159,2022-06-14,p3,Waarmaarde2,sinus,V,Dagvlinders,1,Maniola,50.7812695205684,3.47098113969291,3,GSM,2022,POINT (86687.32800740602 163803.26323487516),before,,Butterflies,
9160,9160,2022-06-14,p3,Waarmaarde2,sinus,V,Dagvlinders,1,Maniola,50.7812753040819,3.47098675556804,4,GSM,2022,POINT (86687.73180415784 163803.90175409336),before,,Butterflies,
9161,9161,2022-06-14,p3,Waarmaarde2,sinus,V,Dagvlinders,1,Maniola,50.781350196386704,3.47105850465918,6,GSM,2022,POINT (86692.89209688132 163812.17094618455),before,,Butterflies,
9177,9177,2022-06-14,p3,Waarmaarde,sinus,V,Dagvlinders,1,Maniola,50.7940343209084,3.49393799901334,3,GSM,2022,POINT (88322.93486308973 165203.79853407294),before,,Butterflies,
9178,9178,2022-06-14,p3,Waarmaarde,sinus,V,Dagvlinders,1,Maniola,50.7942506578292,3.49365351721969,17,GSM,2022,POINT (88303.16233389171 165228.09815960843),before,,Butterflies,
9179,9179,2022-06-14,p3,Waarmaarde,sinus,V,Dagvlinders,1,Maniola,50.7939590095084,3.49402483553019,6,GSM,2022,POINT (88328.9582111128 165195.34946765658),before,,Butterflies,
9180,9180,2022-06-14,p3,Waarmaarde,sinus,V,Dagvlinders,1,Maniola,50.7940682257067,3.49376684055057,3,GSM,2022,POINT (88310.91262660922 165207.71188858524),before,,Butterflies,
9181,9181,2022-06-14,p3,Waarmaarde,sinus,V,Dagvlinders,1,Maniola,50.7939418266069,3.49380279891518,3,GSM,2022,POINT (88313.28213465118 165193.62248377502),before,,Butterflies,
9182,9182,2022-06-14,p3,Waarmaarde,sinus,V,Dagvlinders,1,Maniola,50.793961943174494,3.49374043755558,3,GSM,2022,POINT (88308.91200929775 165195.91184823588),before,,Butterflies,
9183,9183,2022-06-14,p3,Waarmaarde,sinus,V,Dagvlinders,1,Maniola,50.7939431258018,3.49350431934324,4,GSM,2022,POINT (88292.24103352532 165194.01481320988),before,,Butterflies,
9184,9184,2022-06-14,p3,Waarmaarde,sinus,V,Dagvlinders,1,Maniola,50.7940897131714,3.49374831348736,4,GSM,2022,POINT (88309.6346171484 165210.11735088192),before,,Butterflies,
9185,9185,2022-06-14,p3,Waarmaarde,sinus,V,Dagvlinders,1,Maniola,50.7941368734937,3.49403095431951,6,GSM,2022,POINT (88329.62247910717 165215.12845830247),before,,Butterflies,
9186,9186,2022-06-14,p3,Waarmaarde,sinus,V,Dagvlinders,1,Maniola,50.7946323375732,3.49424526944927,39,GSM,2022,POINT (88345.38022711889 165270.0618125191),before,,Butterflies,
9187,9187,2022-06-14,p3,Waarmaarde,sinus,V,Dagvlinders,1,Maniola,50.7942447485875,3.49422482773987,3,GSM,2022,POINT (88343.43171481085 165226.96668308508),before,,Butterflies,
9188,9188,2022-06-14,p3,Waarmaarde,sinus,V,Dagvlinders,1,Maniola,50.7942587463661,3.49425039254454,4,GSM,2022,POINT (88345.2523455215 165228.50246507674),before,,Butterflies,
9189,9189,2022-06-14,p3,Waarmaarde,sinus,V,Dagvlinders,1,Maniola,50.7942839339848,3.49424335174587,18,GSM,2022,POINT (88344.78894510958 165231.30996239278),before,,Butterflies,
9190,9190,2022-06-14,p3,Waarmaarde,sinus,V,Dagvlinders,1,Maniola,50.7942348998516,3.49427629262534,4,GSM,2022,POINT (88347.04707286916 165225.82849361282),before,,Butterflies,
9191,9191,2022-06-14,p3,Waarmaarde,sinus,V,Dagvlinders,1,Maniola,50.7941893442075,3.49431074224737,3,GSM,2022,POINT (88349.41612450482 165220.73269157484),before,,Butterflies,
9192,9192,2022-06-14,p3,Waarmaarde,sinus,V,Dagvlinders,1,Maniola,50.7941409340399,3.49446198327439,35,GSM,2022,POINT (88360.01520215732 165215.22249324527),before,,Butterflies,
9193,9193,2022-06-14,p3,Waarmaarde,sinus,V,Dagvlinders,1,Maniola,50.7939872565224,3.49433043971983,5,GSM,2022,POINT (88350.54026746601 165198.23784272186),before,,Butterflies,
9194,9194,2022-06-14,p3,Waarmaarde,sinus,V,Dagvlinders,1,Maniola,50.7939707022636,3.49426489323703,4,GSM,2022,POINT (88345.8975756421 165196.45086953137),before,,Butterflies,
9195,9195,2022-06-14,p3,Waarmaarde,sinus,V,Dagvlinders,1,Maniola,50.7939324388756,3.49393154494789,5,GSM,2022,POINT (88322.34643383988 165192.4714052379),before,,Butterflies,
9215,9215,2022-06-14,p3,Waarmaarde,blok,V,Dagvlinders,1,Maniola,50.7932594977795,3.49275346845713,4,GSM,2022,POINT (88238.40962333846 165118.5976840984),before,,Butterflies,
9216,9216,2022-06-14,p3,Waarmaarde,blok,V,Dagvlinders,1,Maniola,50.793220647658,3.492819182578,3,GSM,2022,POINT (88242.9915934198 165114.22171530314),before,,Butterflies,
9217,9217,2022-06-14,p3,Waarmaarde,blok,V,Dagvlinders,1,Maniola,50.79318494075049,3.4928710665586298,3,GSM,2022,POINT (88246.6026521465 165110.20686776098),before,,Butterflies,
9218,9218,2022-06-14,p3,Waarmaarde,blok,V,Dagvlinders,1,Maniola,50.7931768522139,3.4928170871022,3,GSM,2022,POINT (88242.78643516352 165109.35202813894),before,,Butterflies,
9219,9219,2022-06-14,p3,Waarmaarde,blok,V,Dagvlinders,1,Maniola,50.793134020689,3.49277199246314,4,GSM,2022,POINT (88239.5510488449 165104.62529568747),before,,Butterflies,
9220,9220,2022-06-14,p3,Waarmaarde,blok,V,Dagvlinders,1,Maniola,50.7930963021247,3.49268213846114,4,GSM,2022,POINT (88233.16677128944 165100.5044903187),before,,Butterflies,
9221,9221,2022-06-14,p3,Waarmaarde,blok,V,Dagvlinders,1,Maniola,50.7931058574944,3.49264215678301,4,GSM,2022,POINT (88230.36054525385 165101.60058118496),before,,Butterflies,
9222,9222,2022-06-14,p3,Waarmaarde,blok,V,Dagvlinders,1,Maniola,50.793095212477,3.49258842878368,3,GSM,2022,POINT (88226.5586943177 165100.4611834595),before,,Butterflies,
9223,9223,2022-06-14,p3,Waarmaarde,blok,V,Dagvlinders,1,Maniola,50.7931165444209,3.4923059586468,4,GSM,2022,POINT (88206.67218839127 165103.06881900877),before,,Butterflies,
9224,9224,2022-06-14,p3,Waarmaarde,blok,V,Dagvlinders,1,Maniola,50.7932150745311,3.49225885439057,4,GSM,2022,POINT (88203.48055788092 165114.06763144955),before,,Butterflies,
9225,9225,2022-06-14,p3,Waarmaarde,blok,V,Dagvlinders,1,Maniola,50.7933443226393,3.49226480350223,5,GSM,2022,POINT (88204.06955482418 165128.43913151883),before,,Butterflies,
9226,9226,2022-06-14,p3,Waarmaarde,blok,V,Dagvlinders,1,Maniola,50.7934982143818,3.49190111272362,5,GSM,2022,POINT (88178.63103926672 165145.85923145246),before,,Butterflies,
9227,9227,2022-06-14,p3,Waarmaarde,blok,V,Dagvlinders,1,Maniola,50.7934298180516,3.49216648377803,3,GSM,2022,POINT (88197.25011574403 165138.03067262098),before,,Butterflies,
9228,9228,2022-06-14,p3,Waarmaarde,blok,V,Dagvlinders,1,Maniola,50.7933457475631,3.49239799194363,4,GSM,2022,POINT (88213.46132354645 165128.4868770428),before,,Butterflies,
9229,9229,2022-06-14,p3,Waarmaarde,blok,V,Dagvlinders,1,Maniola,50.793435643474304,3.49267560057667,3,GSM,2022,POINT (88233.15086198959 165138.25533865765),before,,Butterflies,
9230,9230,2022-06-14,p3,Waarmaarde,blok,V,Dagvlinders,1,Maniola,50.7934772177141,3.49259446375397,3,GSM,2022,POINT (88227.4851835788 165142.94714431744),before,,Butterflies,
9231,9231,2022-06-14,p3,Waarmaarde,blok,V,Dagvlinders,1,Maniola,50.7934702188249,3.49264567718235,3,GSM,2022,POINT (88231.08658540394 165142.12607646268),before,,Butterflies,
9232,9232,2022-06-14,p3,Waarmaarde,blok,V,Dagvlinders,1,Maniola,50.7934538037428,3.4926256783108,4,GSM,2022,POINT (88229.6551231711 165140.31682771537),before,,Butterflies,
9233,9233,2022-06-14,p3,Waarmaarde,blok,V,Dagvlinders,1,Maniola,50.7933558477561,3.4924647957119,3,GSM,2022,POINT (88218.1842952916 165129.55479237996),before,,Butterflies,
9234,9234,2022-06-14,p3,Waarmaarde,blok,V,Dagvlinders,1,Maniola,50.7933892077311,3.49249153398302,4,GSM,2022,POINT (88220.11312413731 165133.24323910195),before,,Butterflies,
9235,9235,2022-06-14,p3,Waarmaarde,blok,V,Dagvlinders,1,Maniola,50.7933932729538,3.49257937632826,4,GSM,2022,POINT (88226.31141098651 165133.62239270192),before,,Butterflies,
9250,9250,2022-06-18,p3,Kemmelberg,sinus,V,Dagvlinders,1,Maniola,50.7731738174807,2.7974587585803,5,GSM,2022,POINT (39175.61018835055 163692.171125317),before,,Butterflies,
9251,9251,2022-06-18,p3,Kemmelberg,sinus,V,Dagvlinders,1,Maniola,50.773109737831106,2.7971126146983,4,GSM,2022,POINT (39151.04925562344 163685.56106225215),before,,Butterflies,
9252,9252,2022-06-18,p3,Kemmelberg,sinus,V,Dagvlinders,1,Maniola,50.7729835482787,2.79724627733491,3,GSM,2022,POINT (39160.17824469185 163671.32761429437),before,,Butterflies,
9253,9253,2022-06-18,p3,Kemmelberg,sinus,V,Dagvlinders,1,Maniola,50.772694978329106,2.79657832363024,32,GSM,2022,POINT (39112.39450896975 163640.23157437798),before,,Butterflies,
9254,9254,2022-06-18,p3,Kemmelberg,sinus,V,Dagvlinders,1,Maniola,50.7729753759234,2.7970102429416,4,GSM,2022,POINT (39143.51375394246 163670.77095195185),before,,Butterflies,
9255,9255,2022-06-18,p3,Kemmelberg,sinus,V,Dagvlinders,1,Maniola,50.772694978329106,2.79657832363024,32,GSM,2022,POINT (39112.39450896975 163640.23157437798),before,,Butterflies,
9256,9256,2022-06-18,p3,Kemmelberg,sinus,V,Dagvlinders,1,Maniola,50.772694978329106,2.79657832363024,32,GSM,2022,POINT (39112.39450896975 163640.23157437798),before,,Butterflies,
9257,9257,2022-06-18,p3,Kemmelberg,sinus,V,Dagvlinders,1,Maniola,50.772694978329106,2.79657832363024,32,GSM,2022,POINT (39112.39450896975 163640.23157437798),before,,Butterflies,
9258,9258,2022-06-18,p3,Kemmelberg,sinus,V,Dagvlinders,1,Maniola,50.772694978329106,2.79657832363024,32,GSM,2022,POINT (39112.39450896975 163640.23157437798),before,,Butterflies,
9259,9259,2022-06-18,p3,Kemmelberg,sinus,V,Dagvlinders,1,Maniola,50.7726812968503,2.79632678255699,3,GSM,2022,POINT (39094.623394948765 163639.08552584704),before,,Butterflies,
9260,9260,2022-06-18,p3,Kemmelberg,sinus,V,Dagvlinders,1,Maniola,50.7726113079591,2.79643205926082,4,GSM,2022,POINT (39101.882826971705 163631.14463641588),before,,Butterflies,
9261,9261,2022-06-18,p3,Kemmelberg,sinus,V,Dagvlinders,1,Maniola,50.7725709910046,2.79638956301174,3,GSM,2022,POINT (39098.79102615338 163626.72428544145),before,,Butterflies,
9262,9262,2022-06-18,p3,Kemmelberg,sinus,V,Dagvlinders,1,Maniola,50.772694978329106,2.79657832363024,32,GSM,2022,POINT (39112.39450896975 163640.23157437798),before,,Butterflies,
9263,9263,2022-06-18,p3,Kemmelberg,sinus,V,Dagvlinders,1,Maniola,50.7726028422366,2.79647002928219,3,GSM,2022,POINT (39104.54058089602 163630.14644834213),before,,Butterflies,
9264,9264,2022-06-18,p3,Kemmelberg,sinus,V,Dagvlinders,1,Maniola,50.7729604142262,2.79728139750919,4,GSM,2022,POINT (39162.60050030307 163668.70238936134),before,,Butterflies,
9265,9265,2022-06-18,p3,Kemmelberg,sinus,V,Dagvlinders,1,Maniola,50.772964730906,2.79728039168081,3,GSM,2022,POINT (39162.53972618762 163669.18396385387),before,,Butterflies,
9266,9266,2022-06-18,p3,Kemmelberg,sinus,V,Dagvlinders,1,Maniola,50.7729045907511,2.79760862700901,4,GSM,2022,POINT (39185.545564601765 163662.0058563836),before,,Butterflies,
9267,9267,2022-06-18,p3,Kemmelberg,sinus,V,Dagvlinders,1,Maniola,50.7733535673942,2.79787232168279,3,GSM,2022,POINT (39205.19754454974 163711.54486111645),before,,Butterflies,
9268,9268,2022-06-18,p3,Kemmelberg,sinus,V,Dagvlinders,1,Maniola,50.7733594347267,2.79785773717127,4,GSM,2022,POINT (39204.18284687298 163712.21914167143),before,,Butterflies,
9286,9286,2022-06-18,p3,Kemmelberg,blok,V,Dagvlinders,1,Maniola,50.7775415014951,2.79570937156937,4,GSM,2022,POINT (39062.53082073423 164180.52865412924),before,,Butterflies,
9287,9287,2022-06-18,p3,Kemmelberg,blok,V,Dagvlinders,1,Maniola,50.7774734404414,2.79562094249091,4,GSM,2022,POINT (39056.135045217874 164173.09139628615),before,,Butterflies,
9288,9288,2022-06-18,p3,Kemmelberg,blok,V,Dagvlinders,1,Maniola,50.7771586580674,2.79546906240544,3,GSM,2022,POINT (39044.68385839554 164138.31012337748),before,,Butterflies,
9289,9289,2022-06-18,p3,Kemmelberg,blok,V,Dagvlinders,1,Maniola,50.7770961290698,2.79580785893164,3,GSM,2022,POINT (39068.426548636446 164130.85004757904),before,,Butterflies,
9290,9290,2022-06-18,p3,Kemmelberg,blok,V,Dagvlinders,1,Maniola,50.7775748235145,2.79594247469038,64,GSM,2022,POINT (39079.046241584365 164183.88642493822),before,,Butterflies,
9291,9291,2022-06-18,p3,Kemmelberg,blok,V,Dagvlinders,1,Maniola,50.7773273857786,2.79585773125551,4,GSM,2022,POINT (39072.48791488208 164156.49449274596),before,,Butterflies,
9292,9292,2022-06-18,p3,Kemmelberg,blok,V,Dagvlinders,1,Maniola,50.7784502674367,2.79713354073725,3,GSM,2022,POINT (39165.092748658775 164279.47003572434),before,,Butterflies,
9293,9293,2022-06-18,p3,Kemmelberg,blok,V,Dagvlinders,1,Maniola,50.778327514464706,2.79725298285744,3,GSM,2022,POINT (39173.22603496321 164265.64000490773),before,,Butterflies,
9294,9294,2022-06-18,p3,Kemmelberg,blok,V,Dagvlinders,1,Maniola,50.7781466676811,2.79709252998174,61,GSM,2022,POINT (39161.48651099668 164245.7667446304),before,,Butterflies,
9295,9295,2022-06-18,p3,Kemmelberg,blok,V,Dagvlinders,1,Maniola,50.7779784920166,2.7972256578531,3,GSM,2022,POINT (39170.47798008118 164226.8646605434),before,,Butterflies,
9296,9296,2022-06-18,p3,Kemmelberg,blok,V,Dagvlinders,1,Maniola,50.778031004640305,2.79726756736896,7,GSM,2022,POINT (39173.556712220496 164232.64226183202),before,,Butterflies,
9297,9297,2022-06-18,p3,Kemmelberg,blok,V,Dagvlinders,1,Maniola,50.7780166715856,2.79720813967547,71,GSM,2022,POINT (39169.332564066135 164231.13689190987),before,,Butterflies,
9298,9298,2022-06-18,p3,Kemmelberg,blok,V,Dagvlinders,1,Maniola,50.7781904284386,2.79677110724411,74,GSM,2022,POINT (39138.92511930346 164251.11318457033),before,,Butterflies,
9299,9299,2022-06-18,p3,Kemmelberg,blok,V,Dagvlinders,1,Maniola,50.7781884586911,2.7967732027199,4,GSM,2022,POINT (39139.0682404517 164250.8909942247),before,,Butterflies,
9300,9300,2022-06-18,p3,Kemmelberg,blok,V,Dagvlinders,1,Maniola,50.7775023580073,2.7967044711139,85,GSM,2022,POINT (39132.60675984573 164174.6897260053),before,,Butterflies,
9301,9301,2022-06-18,p3,Kemmelberg,blok,V,Dagvlinders,1,Maniola,50.7775042439355,2.79670874588452,7,GSM,2022,POINT (39132.91262905509 164174.89308718126),before,,Butterflies,
9313,9313,2022-06-20,p3,Muziekbos,sinus,V,Dagvlinders,1,Maniola,50.7682452243963,3.6554071451812704,4,GSM,2022,POINT (99679.0876979575 162213.5416165283),before,,Butterflies,
9314,9314,2022-06-20,p3,Muziekbos,sinus,V,Dagvlinders,1,Maniola,50.7682429114829,3.65544755012137,4,GSM,2022,POINT (99681.93539791545 162213.2569879433),before,,Butterflies,
9315,9315,2022-06-20,p3,Muziekbos,sinus,V,Dagvlinders,1,Maniola,50.7687774546321,3.65560141909321,44,GSM,2022,POINT (99693.35987517137 162272.61182814557),before,,Butterflies,
9316,9316,2022-06-20,p3,Muziekbos,sinus,V,Dagvlinders,1,Maniola,50.7687774546321,3.65560141909321,44,GSM,2022,POINT (99693.35987517137 162272.61182814557),before,,Butterflies,
9317,9317,2022-06-20,p3,Muziekbos,sinus,V,Dagvlinders,1,Maniola,50.768543696078495,3.65547931753439,10,GSM,2022,POINT (99684.4973706961 162246.69274432398),before,,Butterflies,
9318,9318,2022-06-20,p3,Muziekbos,sinus,V,Dagvlinders,1,Maniola,50.7687774546321,3.65560141909321,44,GSM,2022,POINT (99693.35987517137 162272.61182814557),before,,Butterflies,
9319,9319,2022-06-20,p3,Muziekbos,sinus,V,Dagvlinders,1,Maniola,50.7687774546321,3.65560141909321,44,GSM,2022,POINT (99693.35987517137 162272.61182814557),before,,Butterflies,
9320,9320,2022-06-20,p3,Muziekbos,sinus,V,Dagvlinders,1,Maniola,50.7687774546321,3.65560141909321,44,GSM,2022,POINT (99693.35987517137 162272.61182814557),before,,Butterflies,
9321,9321,2022-06-20,p3,Muziekbos,sinus,V,Dagvlinders,1,Maniola,50.7687774546321,3.65560141909321,44,GSM,2022,POINT (99693.35987517137 162272.61182814557),before,,Butterflies,
9338,9338,2022-06-20,p3,Muziekbos,blok,V,Dagvlinders,1,Maniola,50.7692270726441,3.65626528859478,4,GSM,2022,POINT (99740.66823064786 162322.17519645952),before,,Butterflies,
9339,9339,2022-06-20,p3,Muziekbos,blok,V,Dagvlinders,1,Maniola,50.769240274141296,3.65626093000514,3,GSM,2022,POINT (99740.37485910532 162323.6465904098),before,,Butterflies,
9340,9340,2022-06-20,p3,Muziekbos,blok,V,Dagvlinders,1,Maniola,50.7691913657366,3.6563646979664,5,GSM,2022,POINT (99747.64236311623 162318.13617954124),before,,Butterflies,
9341,9341,2022-06-20,p3,Muziekbos,blok,V,Dagvlinders,1,Maniola,50.7692738436635,3.65639487281782,3,GSM,2022,POINT (99749.85879243442 162327.29007276706),before,,Butterflies,
9342,9342,2022-06-20,p3,Muziekbos,blok,V,Dagvlinders,1,Maniola,50.7692754781349,3.6563853174482,4,GSM,2022,POINT (99749.18651281674 162327.47834092565),before,,Butterflies,
9343,9343,2022-06-20,p3,Muziekbos,blok,V,Dagvlinders,1,Maniola,50.7693171361934,3.6565211880986097,3,GSM,2022,POINT (99758.81504193055 162332.02025099564),before,,Butterflies,
9344,9344,2022-06-20,p3,Muziekbos,blok,V,Dagvlinders,1,Maniola,50.7693859097089,3.65641951561314,57,GSM,2022,POINT (99751.71653603113 162339.73889246676),before,,Butterflies,
9345,9345,2022-06-20,p3,Muziekbos,blok,V,Dagvlinders,1,Maniola,50.7693846524234,3.6563729122315105,3,GSM,2022,POINT (99748.42786680209 162339.63054891676),before,,Butterflies,
9346,9346,2022-06-20,p3,Muziekbos,blok,V,Dagvlinders,1,Maniola,50.7693776535346,3.65632697940213,4,GSM,2022,POINT (99745.18037508635 162338.88309631497),before,,Butterflies,
9347,9347,2022-06-20,p3,Muziekbos,blok,V,Dagvlinders,1,Maniola,50.7693727082114,3.65631164051932,3,GSM,2022,POINT (99744.09312130828 162338.34338323586),before,,Butterflies,
9348,9348,2022-06-20,p3,Muziekbos,blok,V,Dagvlinders,1,Maniola,50.769514739561,3.65599304437977,4,GSM,2022,POINT (99721.7713616754 162354.3574806396),before,,Butterflies,
9349,9349,2022-06-20,p3,Muziekbos,blok,V,Dagvlinders,1,Maniola,50.769600511658,3.65608620214118,4,GSM,2022,POINT (99728.43403040158 162363.8351822691),before,,Butterflies,
9350,9350,2022-06-20,p3,Muziekbos,blok,V,Dagvlinders,1,Maniola,50.7695693476598,3.65608021617276,3,GSM,2022,POINT (99727.97855124812 162360.37275547907),before,,Butterflies,
9351,9351,2022-06-20,p3,Muziekbos,blok,V,Dagvlinders,1,Maniola,50.7694685971837,3.6561383865807695,3,GSM,2022,POINT (99731.97432915398 162349.12659877166),before,,Butterflies,
9352,9352,2022-06-21,p3,Palingbeek,blok,V,Dagvlinders,1,Maniola,50.822970159399105,2.91155238636109,12,GSM,2022,POINT (47330.29434924958 169066.37958656903),before,,Butterflies,
9353,9353,2022-06-21,p3,Palingbeek,blok,V,Dagvlinders,1,Maniola,50.8223699313133,2.91143847629699,4,GSM,2022,POINT (47320.959874987035 168999.7805031035),before,,Butterflies,
9354,9354,2022-06-21,p3,Palingbeek,blok,V,Dagvlinders,1,Maniola,50.8226120392792,2.91158608059112,12,GSM,2022,POINT (47331.88665880797 169026.5034013465),before,,Butterflies,
9355,9355,2022-06-21,p3,Palingbeek,blok,V,Dagvlinders,1,Maniola,50.8225258347123,2.91160301305624,5,GSM,2022,POINT (47332.89143723168 169016.89244934265),before,,Butterflies,
9356,9356,2022-06-21,p3,Palingbeek,blok,V,Dagvlinders,1,Maniola,50.8225109568339,2.91185706854137,10,GSM,2022,POINT (47350.75680613675 169014.88666864578),before,,Butterflies,
9357,9357,2022-06-21,p3,Palingbeek,blok,V,Dagvlinders,1,Maniola,50.8224854146293,2.91221994954591,4,GSM,2022,POINT (47376.26552836102 169011.5445343554),before,,Butterflies,
9358,9358,2022-06-21,p3,Palingbeek,blok,V,Dagvlinders,1,Maniola,50.8224863978576,2.91219343431565,3,GSM,2022,POINT (47374.399713050065 169011.69051755872),before,,Butterflies,
9359,9359,2022-06-21,p3,Palingbeek,blok,V,Dagvlinders,1,Maniola,50.8225282235544,2.91257665492865,3,GSM,2022,POINT (47401.4882494792 169015.81297194865),before,,Butterflies,
9360,9360,2022-06-21,p3,Palingbeek,blok,V,Dagvlinders,1,Maniola,50.8225048799544,2.91245662607523,7,GSM,2022,POINT (47392.98149448064 169013.38250954356),before,,Butterflies,
9361,9361,2022-06-21,p3,Palingbeek,blok,V,Dagvlinders,1,Maniola,50.8223071089487,2.9122408758876,3,GSM,2022,POINT (47377.350892100614 168991.6847165441),before,,Butterflies,
9362,9362,2022-06-21,p3,Palingbeek,blok,V,Dagvlinders,1,Maniola,50.8223054744776,2.91219117120179,3,GSM,2022,POINT (47373.84569069916 168991.57159816567),before,,Butterflies,
9363,9363,2022-06-21,p3,Palingbeek,blok,V,Dagvlinders,1,Maniola,50.8223525447246,2.91217535807599,4,GSM,2022,POINT (47372.83433466795 168996.8285309812),before,,Butterflies,
9364,9364,2022-06-21,p3,Palingbeek,blok,V,Dagvlinders,1,Maniola,50.8225055505066,2.91156110354039,4,GSM,2022,POINT (47329.8947168743 169014.69439000264),before,,Butterflies,
9365,9365,2022-06-21,p3,Palingbeek,blok,V,Dagvlinders,1,Maniola,50.822607851634494,2.91147116571935,10,GSM,2022,POINT (47323.78195752791 169026.19648203813),before,,Butterflies,
9366,9366,2022-06-21,p3,Palingbeek,blok,V,Dagvlinders,1,Maniola,50.8226054627921,2.91141115129265,3,GSM,2022,POINT (47319.548826849845 169026.01374969538),before,,Butterflies,
9367,9367,2022-06-21,p3,Palingbeek,blok,V,Dagvlinders,1,Maniola,50.8226463862014,2.91144296582248,4,GSM,2022,POINT (47321.879407151355 169030.5212194007),before,,Butterflies,
9368,9368,2022-06-21,p3,Palingbeek,blok,V,Dagvlinders,1,Maniola,50.8226778824355,2.91157769970867,3,GSM,2022,POINT (47331.43990216906 169033.83796746098),before,,Butterflies,
9369,9369,2022-06-21,p3,Palingbeek,blok,V,Dagvlinders,1,Maniola,50.8228711272131,2.9109937325147,3,GSM,2022,POINT (47290.7222430844 169056.13761584088),before,,Butterflies,
9370,9370,2022-06-21,p3,Palingbeek,blok,V,Dagvlinders,1,Maniola,50.822906540754,2.91098007001253,3,GSM,2022,POINT (47289.83704800521 169060.0951496577),before,,Butterflies,
9371,9371,2022-06-21,p3,Palingbeek,blok,V,Dagvlinders,1,Maniola,50.8229051996498,2.91098853573474,4,GSM,2022,POINT (47290.43051305384 169059.93428911734),before,,Butterflies,
9372,9372,2022-06-21,p3,Palingbeek,blok,V,Dagvlinders,1,Maniola,50.8232171321761,2.91149170138213,3,GSM,2022,POINT (47326.5581250457 169093.93142713327),before,,Butterflies,
9373,9373,2022-06-21,p3,Palingbeek,blok,V,Dagvlinders,1,Maniola,50.8229358355059,2.91267690249058,4,GSM,2022,POINT (47409.439234613776 169061.00856565498),before,,Butterflies,
9374,9374,2022-06-21,p3,Palingbeek,blok,V,Dagvlinders,1,Maniola,50.8228067541968,2.91280833073231,13,GSM,2022,POINT (47418.416673465355 169046.47082316875),before,,Butterflies,
9375,9375,2022-06-21,p3,Palingbeek,blok,V,Dagvlinders,1,Maniola,50.8229177725043,2.91294394992563,3,GSM,2022,POINT (47428.21278924348 169058.63086236082),before,,Butterflies,
9376,9376,2022-06-21,p3,Palingbeek,blok,V,Dagvlinders,1,Maniola,50.8228746895223,2.91299901902946,4,GSM,2022,POINT (47431.99838249097 169053.76319605578),before,,Butterflies,
9377,9377,2022-06-21,p3,Palingbeek,blok,V,Dagvlinders,1,Maniola,50.8228702052038,2.91298066266152,3,GSM,2022,POINT (47430.69543841657 169053.28980111144),before,,Butterflies,
9378,9378,2022-06-21,p3,Palingbeek,blok,V,Dagvlinders,1,Maniola,50.8228690317373,2.91298250668022,3,GSM,2022,POINT (47430.82278792662 169053.15674368665),before,,Butterflies,
9379,9379,2022-06-21,p3,Palingbeek,blok,V,Dagvlinders,1,Maniola,50.8228181116756,2.9129539243904,3,GSM,2022,POINT (47428.69822569408 169047.53294818196),before,,Butterflies,
9380,9380,2022-06-21,p3,Palingbeek,blok,V,Dagvlinders,1,Maniola,50.822727377574,2.91288577951762,76,GSM,2022,POINT (47423.69975644752 169037.5357182771),before,,Butterflies,
9381,9381,2022-06-21,p3,Palingbeek,blok,V,Dagvlinders,1,Maniola,50.8226586040582,2.91272962466153,42,GSM,2022,POINT (47412.54898923976 169030.10245478526),before,,Butterflies,
9382,9382,2022-06-21,p3,Palingbeek,blok,V,Dagvlinders,1,Maniola,50.8226965321704,2.91272685863348,4,GSM,2022,POINT (47412.43681705906 169034.32458720542),before,,Butterflies,
9383,9383,2022-06-21,p3,Palingbeek,blok,V,Dagvlinders,1,Maniola,50.822578724521,2.91195672937008,9,GSM,2022,POINT (47357.92558670345 169022.2859896291),before,,Butterflies,
9422,9422,2022-06-21,p3,Palingbeek,sinus,V,Dagvlinders,1,Maniola,50.8207616117324,2.91430198587748,5,GSM,2022,POINT (47519.18790486058 168816.95133260544),before,,Butterflies,
9423,9423,2022-06-21,p3,Palingbeek,sinus,V,Dagvlinders,1,Maniola,50.8208244340967,2.91408590041372,3,GSM,2022,POINT (47504.10126549807 168824.2364672562),before,,Butterflies,
9424,9424,2022-06-21,p3,Palingbeek,sinus,V,Dagvlinders,1,Maniola,50.820798701654,2.91393628344211,13,GSM,2022,POINT (47493.504534017295 168821.5809828872),before,,Butterflies,
9425,9425,2022-06-21,p3,Palingbeek,sinus,V,Dagvlinders,1,Maniola,50.820794887888,2.91387568228218,3,GSM,2022,POINT (47489.22680664202 168821.240444961),before,,Butterflies,
9426,9426,2022-06-21,p3,Palingbeek,sinus,V,Dagvlinders,1,Maniola,50.8208157588273,2.91382145136866,9,GSM,2022,POINT (47485.451646074216 168823.63651814405),before,,Butterflies,
9427,9427,2022-06-21,p3,Palingbeek,sinus,V,Dagvlinders,1,Maniola,50.8208172256603,2.91377853602442,4,GSM,2022,POINT (47482.43140904741 168823.8588806335),before,,Butterflies,
9428,9428,2022-06-21,p3,Palingbeek,sinus,V,Dagvlinders,1,Maniola,50.8208600752929,2.9134831583119,100,GSM,2022,POINT (47461.71510060535 168829.03222656716),before,,Butterflies,
9429,9429,2022-06-21,p3,Palingbeek,sinus,V,Dagvlinders,1,Maniola,50.8210329339384,2.91344736703011,4,GSM,2022,POINT (47459.57024336202 168848.3067261977),before,,Butterflies,
9430,9430,2022-06-21,p3,Palingbeek,sinus,V,Dagvlinders,1,Maniola,50.8210227918353,2.91344275698337,3,GSM,2022,POINT (47459.22336144144 168847.18509909697),before,,Butterflies,
9431,9431,2022-06-21,p3,Palingbeek,sinus,V,Dagvlinders,1,Maniola,50.820965878713,2.91331007145616,4,GSM,2022,POINT (47449.75153334392 168841.03846072964),before,,Butterflies,
9432,9432,2022-06-21,p3,Palingbeek,sinus,V,Dagvlinders,1,Maniola,50.8209516166398,2.91319536206991,4,GSM,2022,POINT (47441.63907556937 168839.61061157752),before,,Butterflies,
9433,9433,2022-06-21,p3,Palingbeek,sinus,V,Dagvlinders,1,Maniola,50.8210431179505,2.91313254274699,3,GSM,2022,POINT (47437.41283241045 168849.87398695946),before,,Butterflies,
9434,9434,2022-06-21,p3,Palingbeek,sinus,V,Dagvlinders,1,Maniola,50.8211571956526,2.91310999542746,3,GSM,2022,POINT (47436.07300065228 168862.59267820325),before,,Butterflies,
9435,9435,2022-06-21,p3,Palingbeek,sinus,V,Dagvlinders,1,Maniola,50.821160716052,2.91323496960374,12,GSM,2022,POINT (47444.88517427514 168862.8116740035),before,,Butterflies,
9436,9436,2022-06-21,p3,Palingbeek,sinus,V,Dagvlinders,1,Maniola,50.8214699663695,2.91364769451591,3,GSM,2022,POINT (47474.635669216674 168896.63636742812),before,,Butterflies,
9437,9437,2022-06-21,p3,Palingbeek,sinus,V,Dagvlinders,1,Maniola,50.8213614207234,2.91387937031957,10,GSM,2022,POINT (47490.72079357374 168884.24435273837),before,,Butterflies,
9438,9438,2022-06-21,p3,Palingbeek,sinus,V,Dagvlinders,1,Maniola,50.8214605367284,2.91384366341206,3,GSM,2022,POINT (47488.421156334894 168895.3171714116),before,,Butterflies,
9439,9439,2022-06-21,p3,Palingbeek,sinus,V,Dagvlinders,1,Maniola,50.821364899213506,2.91403217241439,6,GSM,2022,POINT (47501.493319750545 168884.4203830827),before,,Butterflies,
9440,9440,2022-06-21,p3,Palingbeek,sinus,V,Dagvlinders,1,Maniola,50.8212538809057,2.91430106386813,4,GSM,2022,POINT (47520.19501853091 168871.702105009),before,,Butterflies,
9441,9441,2022-06-21,p3,Palingbeek,sinus,V,Dagvlinders,1,Maniola,50.8212160731513,2.91444051659096,53,GSM,2022,POINT (47529.93719410895 168867.30481007602),before,,Butterflies,
9442,9442,2022-06-21,p3,Palingbeek,sinus,V,Dagvlinders,1,Maniola,50.820958209271296,2.91447247378799,4,GSM,2022,POINT (47531.62708144121 168838.58146126475),before,,Butterflies,
9443,9443,2022-06-21,p3,Palingbeek,sinus,V,Dagvlinders,1,Maniola,50.820976104634894,2.91462996974858,8,GSM,2022,POINT (47542.76177564528 168840.35452692397),before,,Butterflies,
9444,9444,2022-06-21,p3,Palingbeek,sinus,V,Dagvlinders,1,Maniola,50.8209564071621,2.91487128474089,9,GSM,2022,POINT (47559.719744945774 168837.83100379724),before,,Butterflies,
9445,9445,2022-06-21,p3,Palingbeek,sinus,V,Dagvlinders,1,Maniola,50.820949492092,2.91486776434156,7,GSM,2022,POINT (47559.45667579587 168837.06677368656),before,,Butterflies,
9446,9446,2022-06-21,p3,Palingbeek,sinus,V,Dagvlinders,1,Maniola,50.8206213405832,2.91510463692519,4,GSM,2022,POINT (47575.4303069577 168800.24359091278),before,,Butterflies,
9447,9447,2022-06-21,p3,Palingbeek,sinus,V,Dagvlinders,1,Maniola,50.8204587735712,2.91508376598629,6,GSM,2022,POINT (47573.60607008476 168782.1918864334),before,,Butterflies,
9448,9448,2022-06-21,p3,Palingbeek,sinus,V,Dagvlinders,1,Maniola,50.8204601565849,2.91501562111351,52,GSM,2022,POINT (47568.80816214839 168782.439663467),before,,Butterflies,
9449,9449,2022-06-21,p3,Palingbeek,sinus,V,Dagvlinders,1,Maniola,50.820121360059,2.9148726258454,8,GSM,2022,POINT (47557.996365461804 168744.95636176318),before,,Butterflies,
9450,9450,2022-06-21,p3,Palingbeek,sinus,V,Dagvlinders,1,Maniola,50.8201207314159,2.91487321257862,4,GSM,2022,POINT (47558.03633354894 168744.8856358379),before,,Butterflies,
9451,9451,2022-06-21,p3,Palingbeek,sinus,V,Dagvlinders,1,Maniola,50.8201050572573,2.91486013680967,5,GSM,2022,POINT (47557.080995281285 168743.1604092922),before,,Butterflies,
9452,9452,2022-06-21,p3,Palingbeek,sinus,V,Dagvlinders,1,Maniola,50.8201424405455,2.91482945904407,4,GSM,2022,POINT (47555.00106429908 168747.36043246556),before,,Butterflies,
9453,9453,2022-06-21,p3,Palingbeek,sinus,V,Dagvlinders,1,Maniola,50.8204084402423,2.9146551154581,5,GSM,2022,POINT (47543.29734670144 168777.18499235902),before,,Butterflies,
9454,9454,2022-06-21,p3,Palingbeek,sinus,V,Dagvlinders,1,Maniola,50.8203967474877,2.91466450318965,4,GSM,2022,POINT (47543.93327020753 168775.87159279268),before,,Butterflies,
9455,9455,2022-06-21,p3,Palingbeek,sinus,V,Dagvlinders,1,Maniola,50.8205883848124,2.91457800742326,35,GSM,2022,POINT (47538.25676456059 168797.3045293074),before,,Butterflies,
9456,9456,2022-06-21,p3,Palingbeek,sinus,V,Dagvlinders,1,Maniola,50.8206404932316,2.91429293342206,17,GSM,2022,POINT (47518.28637378923 168803.49318882916),before,,Butterflies,
9457,9457,2022-06-21,p3,Palingbeek,sinus,V,Dagvlinders,1,Maniola,50.8206698298927,2.91437725536796,38,GSM,2022,POINT (47524.29085594996 168806.63964939676),before,,Butterflies,
9458,9458,2022-06-21,p3,Palingbeek,sinus,V,Dagvlinders,1,Maniola,50.8205531957101,2.91458680294725,4,GSM,2022,POINT (47538.7998016897 168793.37871451676),before,,Butterflies,
9459,9459,2022-06-21,p3,Palingbeek,sinus,V,Dagvlinders,1,Maniola,50.8205939736693,2.91454455815527,5,GSM,2022,POINT (47535.91238484313 168797.97225045878),before,,Butterflies,
9460,9460,2022-06-21,p3,Palingbeek,sinus,V,Dagvlinders,1,Maniola,50.8208092209425,2.91388649493727,7,GSM,2022,POINT (47490.01979391814 168822.81962662004),before,,Butterflies,
9461,9461,2022-06-21,p3,Palingbeek,sinus,V,Dagvlinders,1,Maniola,50.8208328998192,2.91388490237567,4,GSM,2022,POINT (47489.95917913222 168825.45535591245),before,,Butterflies,
9546,9546,2022-08-02,p4,Waarmaarde,blok,V,Dagvlinders,1,Maniola,50.793142737868,3.49274693057266,6,GSM,2022,POINT (88237.79558700231 165105.61574943084),after,Waarmaarde_blok_2022_06,Butterflies,-10.477671847987544
9547,9547,2022-08-02,p4,Waarmaarde,blok,V,Dagvlinders,1,Maniola,50.793150700676,3.49260762334195,9,GSM,2022,POINT (88227.98470845178 165106.617257162),after,Waarmaarde_blok_2022_06,Butterflies,-4.858551146667359
9548,9548,2022-08-02,p4,Waarmaarde2,sinus,V,Dagvlinders,1,Maniola,50.7812457159634,3.47109412774766,3,GSM,2022,POINT (86695.26379136289 163800.51917018835),after,,Butterflies,
9555,9555,2022-08-05,p4,Palingbeek,sinus,V,Dagvlinders,1,Maniola,50.8207614860039,2.91466232389483,7,GSM,2022,POINT (47544.57387002342 168816.44031381793),after,Palingbeek_sinus_2022_06,Butterflies,-8.330725127684712
9556,9556,2022-08-05,p4,Palingbeek,sinus,V,Dagvlinders,1,Maniola,50.8207320317707,2.91470960420039,4,GSM,2022,POINT (47547.840695789535 168813.0992470188),after,Palingbeek_sinus_2022_06,Butterflies,-7.730524025932447
9557,9557,2022-08-05,p4,Palingbeek,sinus,V,Dagvlinders,1,Maniola,50.8206868406694,2.91418676325457,4,GSM,2022,POINT (47510.90748530043 168808.79435803555),after,Palingbeek_sinus_2022_06,Butterflies,-0.04790476170687011
9558,9558,2022-08-05,p4,Palingbeek,sinus,V,Dagvlinders,1,Maniola,50.8207133319702,2.91396788321706,3,GSM,2022,POINT (47495.544811598826 168812.0426822491),after,Palingbeek_sinus_2022_06,Butterflies,-1.5429999437704411
9559,9559,2022-08-05,p4,Palingbeek,sinus,V,Dagvlinders,1,Maniola,50.8208096400376,2.91383025236699,3,GSM,2022,POINT (47486.058356084526 168822.9438496884),after,Palingbeek_sinus_2022_06,Butterflies,8.900728312424675
9560,9560,2022-08-05,p4,Palingbeek,sinus,V,Dagvlinders,1,Maniola,50.8207546966626,2.91390979662808,4,GSM,2022,POINT (47491.54264799661 168816.72335791402),after,Palingbeek_sinus_2022_06,Butterflies,2.821573657587459
9561,9561,2022-08-05,p4,Palingbeek,sinus,V,Dagvlinders,1,Maniola,50.8210678864746,2.91302382946285,4,GSM,2022,POINT (47429.807890427124 168852.7788058063),after,Palingbeek_sinus_2022_06,Butterflies,-5.985061855460809
9562,9562,2022-08-05,p4,Palingbeek,sinus,V,Dagvlinders,1,Maniola,50.8211888792466,2.9131904616979,4,GSM,2022,POINT (47441.81094842954 168866.00539045688),after,Palingbeek_sinus_2022_06,Butterflies,-1.9615563829010845
9567,9567,2022-08-05,p4,Palingbeek,blok,V,Dagvlinders,1,Maniola,50.8227501763504,2.91161634028229,3,GSM,2022,POINT (47334.31979666675 169041.8249924397),after,Palingbeek_blok_2022_06,Butterflies,-0.017917295791173793
9568,9568,2022-08-05,p4,Palingbeek,blok,V,Dagvlinders,1,Maniola,50.822585727014,2.91143064722526,4,GSM,2022,POINT (47320.879217663445 169023.79181686137),after,Palingbeek_blok_2022_06,Butterflies,5.366840319928154
9569,9569,2022-08-05,p4,Palingbeek,blok,V,Dagvlinders,1,Maniola,50.8228229312699,2.91299650445851,3,GSM,2022,POINT (47431.70841502694 169048.0101854056),after,Palingbeek_blok_2022_06,Butterflies,54.15619534554435
9570,9570,2022-08-05,p4,Palingbeek,blok,V,Dagvlinders,1,Maniola,50.8228535671263,2.91293472983214,4,GSM,2022,POINT (47427.423294018095 169051.50275820587),after,Palingbeek_blok_2022_06,Butterflies,48.68792046605917
9571,9571,2022-08-05,p4,Palingbeek,blok,V,Dagvlinders,1,Maniola,50.82240195018311,2.91190065443786,3,GSM,2022,POINT (47353.58957955812 169002.70287578646),after,Palingbeek_blok_2022_06,Butterflies,42.15724277506455
9572,9572,2022-08-05,p4,Palingbeek,blok,V,Dagvlinders,1,Maniola,50.8224079858572,2.91189173284257,4,GSM,2022,POINT (47352.97423133986 169003.3864825284),after,Palingbeek_blok_2022_06,Butterflies,41.23842108727866
9578,9578,2022-08-06,p4,Muziekbos,sinus,V,Dagvlinders,1,Maniola,50.7681721682201,3.65542894229633,3,GSM,2022,POINT (99680.54727403662 162205.40057981294),after,Muziekbos_sinus_2022_06,Butterflies,7.664138372076676
9579,9579,2022-08-06,p4,Muziekbos,sinus,V,Dagvlinders,1,Maniola,50.7682723738729,3.65531528368932,4,GSM,2022,POINT (99672.63676717452 162216.623741542),after,Muziekbos_sinus_2022_06,Butterflies,0.6648611192965267
9580,9580,2022-08-06,p4,Muziekbos,sinus,V,Dagvlinders,1,Maniola,50.7682440849497,3.6554362345520897,4,GSM,2022,POINT (99681.13844908713 162213.39517741557),after,Muziekbos_sinus_2022_06,Butterflies,-0.12042163721801283
9581,9581,2022-08-06,p4,Muziekbos,sinus,V,Dagvlinders,1,Maniola,50.7684065262328,3.6555012781207,3,GSM,2022,POINT (99685.90003520194 162231.42002274469),after,Muziekbos_sinus_2022_06,Butterflies,-2.3295312356338758
9582,9582,2022-08-06,p4,Muziekbos,sinus,V,Dagvlinders,1,Maniola,50.7685395601334,3.6557164953814305,51,GSM,2022,POINT (99701.2234041173 162246.0721509438),after,Muziekbos_sinus_2022_06,Butterflies,11.668829532984173
9583,9583,2022-08-06,p4,Muziekbos,sinus,V,Dagvlinders,1,Maniola,50.7684777724098,3.65520061925394,3,GSM,2022,POINT (99664.76768365726 162239.54854794312),after,Muziekbos_sinus_2022_06,Butterflies,4.348560887556651
9584,9584,2022-08-06,p4,Muziekbos,sinus,V,Dagvlinders,1,Maniola,50.7688536588578,3.65519885905427,6,GSM,2022,POINT (99665.04494644543 162281.36083122436),after,Muziekbos_sinus_2022_06,Butterflies,13.594155316410594
9585,9585,2022-08-06,p4,Muziekbos,sinus,V,Dagvlinders,1,Maniola,50.7686154076626,3.65533541617667,4,GSM,2022,POINT (99674.42318609564 162254.76688919403),after,Muziekbos_sinus_2022_06,Butterflies,10.454418205614887
9586,9586,2022-08-06,p4,Muziekbos,sinus,V,Dagvlinders,1,Maniola,50.7686158642645,3.6551834363524303,3,GSM,2022,POINT (99663.70308380187 162254.92059780285),after,Muziekbos_sinus_2022_06,Butterflies,4.270491111812909
9587,9587,2022-08-06,p4,Muziekbos,sinus,V,Dagvlinders,1,Maniola,50.7685980527206,3.65518947132272,4,GSM,2022,POINT (99664.1097659047 162252.93527373113),after,Muziekbos_sinus_2022_06,Butterflies,3.6604102364400632
9588,9588,2022-08-06,p4,Muziekbos,sinus,V,Dagvlinders,1,Maniola,50.7683090866088,3.65547789261085,4,GSM,2022,POINT (99684.14640462941 162220.59732337296),after,Muziekbos_sinus_2022_06,Butterflies,0.1
9601,9601,2022-08-06,p4,Muziekbos,blok,V,Dagvlinders,1,Maniola,50.7692028489439,3.6562867462669,4,GSM,2022,POINT (99742.15599577794 162319.46620350145),after,Muziekbos_blok_2022_06,Butterflies,10.620743946487515
9602,9602,2022-08-06,p4,Muziekbos,blok,V,Dagvlinders,1,Maniola,50.7692339877139,3.6562507879023,3,GSM,2022,POINT (99739.65274536866 162322.9541885713),after,Muziekbos_blok_2022_06,Butterflies,8.459245538100712
9603,9603,2022-08-06,p4,Muziekbos,blok,V,Dagvlinders,1,Maniola,50.7693222025426,3.65594194880067,4,GSM,2022,POINT (99717.96176545054 162332.97551237233),after,Muziekbos_blok_2022_06,Butterflies,10.715470473165242
9604,9604,2022-08-06,p4,Muziekbos,blok,V,Dagvlinders,1,Maniola,50.7694955030929,3.65602355450732,8,GSM,2022,POINT (99723.90297198214 162352.19710500538),after,Muziekbos_blok_2022_06,Butterflies,-2.7433185546364967
9605,9605,2022-08-06,p4,Muziekbos,blok,V,Dagvlinders,1,Maniola,50.76948376842871,3.6562856566194895,52,GSM,2022,POINT (99742.37868332717 162350.71455228142),after,Muziekbos_blok_2022_06,Butterflies,4.583883545112999
9606,9606,2022-08-06,p4,Muziekbos,blok,V,Dagvlinders,1,Maniola,50.7692712452735,3.65643812343818,8,GSM,2022,POINT (99752.90685983977 162326.9718042221),after,Muziekbos_blok_2022_06,Butterflies,-0.4744996944453269
9607,9607,2022-08-06,p4,Muziekbos,blok,V,Dagvlinders,1,Maniola,50.7694085408474,3.6565454956178094,6,GSM,2022,POINT (99760.62708933055 162342.1710649887),after,Muziekbos_blok_2022_06,Butterflies,5.573925672274674
9608,9608,2022-08-06,p4,Muziekbos,blok,V,Dagvlinders,1,Maniola,50.7689920859884,3.6562367063049694,14,GSM,2022,POINT (99738.40148642438 162296.05617659166),after,Muziekbos_blok_2022_06,Butterflies,33.47488338697248
9609,9609,2022-08-06,p4,Muziekbos,blok,V,Dagvlinders,1,Maniola,50.7693108078568,3.6564146541093,4,GSM,2022,POINT (99751.29354521306 162331.38834939338),after,Muziekbos_blok_2022_06,Butterflies,-3.793619051811793
9610,9610,2022-08-06,p4,Muziekbos,blok,V,Dagvlinders,1,Maniola,50.76935462372,3.65640786278474,54,GSM,2022,POINT (99750.86120884644 162336.26672569104),after,Muziekbos_blok_2022_06,Butterflies,-4.073569284568979
9611,9611,2022-08-06,p4,Muziekbos,blok,V,Dagvlinders,1,Maniola,50.7693297509576,3.65639277734202,9,GSM,2022,POINT (99749.77058658958 162333.51024447754),after,Muziekbos_blok_2022_06,Butterflies,-5.108504386997965
9612,9612,2022-08-06,p4,Muziekbos,blok,V,Dagvlinders,1,Maniola,50.7693969319119,3.65629261359912,4,GSM,2022,POINT (99742.77682207944 162341.05073211808),after,Muziekbos_blok_2022_06,Butterflies,-3.6172245253707405
9613,9613,2022-08-06,p4,Muziekbos,blok,V,Dagvlinders,1,Maniola,50.7693973929162,3.65628163330597,3,GSM,2022,POINT (99742.00278136501 162341.10943607148),after,Muziekbos_blok_2022_06,Butterflies,-3.9206281121336697
9614,9614,2022-08-06,p4,Muziekbos,blok,V,Dagvlinders,1,Maniola,50.7695154101132,3.65608189255339,4,GSM,2022,POINT (99728.03926890662 162354.3719680952),after,Muziekbos_blok_2022_06,Butterflies,0.9934040678625223
9615,9615,2022-08-06,p4,Muziekbos,blok,V,Dagvlinders,1,Maniola,50.7693535555626,3.65616009570998,3,GSM,2022,POINT (99733.3829612715 162336.3154526623),after,Muziekbos_blok_2022_06,Butterflies,-0.47299876740352864
9616,9616,2022-08-10,p4,Kemmelberg,sinus,V,Dagvlinders,1,Maniola,50.7730480889331,2.79652350582442,3,GSM,2022,POINT (39109.35999981298 163679.584115291),after,Kemmelberg_sinus_2022_06,Butterflies,5.455061077764644
9617,9617,2022-08-10,p4,Kemmelberg,sinus,V,Dagvlinders,1,Maniola,50.772851449484705,2.79667521827183,30,GSM,2022,POINT (39119.59593416318 163657.48866397422),after,Kemmelberg_sinus_2022_06,Butterflies,22.909236753129512
9622,9622,2022-08-10,p4,Kemmelberg,blok,V,Dagvlinders,1,Maniola,50.7777905229498,2.79688694599662,71,GSM,2022,POINT (39146.1519795698 164206.46531219315),after,Kemmelberg_blok_2022_06,Butterflies,80.95172695263504
9623,9623,2022-08-10,p4,Kemmelberg,blok,V,Dagvlinders,1,Maniola,50.7778783701836,2.796155037361,8,GSM,2022,POINT (39094.749572322486 164217.3276115507),after,Kemmelberg_blok_2022_06,Butterflies,51.50989087046065
9624,9624,2022-08-10,p4,Kemmelberg,blok,V,Dagvlinders,1,Maniola,50.7775961515038,2.79610709287486,6,GSM,2022,POINT (39090.70428197218 164186.0125955455),after,Kemmelberg_blok_2022_06,Butterflies,26.81479057597195
9625,9625,2022-08-10,p4,Kemmelberg,blok,V,Dagvlinders,1,Maniola,50.7775490032981,2.79613374732695,3,GSM,2022,POINT (39092.472758117845 164180.7292710757),after,Kemmelberg_blok_2022_06,Butterflies,24.426043859299032
9626,9626,2022-08-10,p4,Kemmelberg,blok,V,Dagvlinders,1,Maniola,50.7775482070177,2.79609887860975,4,GSM,2022,POINT (39090.01216367782 164180.69277398288),after,Kemmelberg_blok_2022_06,Butterflies,22.6276049102752
9627,9627,2022-08-10,p4,Kemmelberg,blok,V,Dagvlinders,1,Maniola,50.7770846458624,2.79543712735436,3,GSM,2022,POINT (39042.25762437428 164130.12665207312),after,Kemmelberg_blok_2022_06,Butterflies,-46.64433038024009
9628,9628,2022-08-10,p4,Kemmelberg,blok,V,Dagvlinders,1,Maniola,50.7770578656821,2.79585957527421,4,GSM,2022,POINT (39071.98317207917 164126.51740481518),after,Kemmelberg_blok_2022_06,Butterflies,-27.726171122755872
9629,9629,2022-08-24,p5,Palingbeek,sinus,V,Dagvlinders,1,Maniola,50.8205126445929,2.9151977115159,4,GSM,2022,POINT (47581.75096896068 168788.02624636982),,Palingbeek_sinus_2022_06,Butterflies,-3.1088780269323943
9630,9630,2022-08-24,p5,Palingbeek,sinus,V,Dagvlinders,1,Maniola,50.8204824105378,2.91446945630285,3,GSM,2022,POINT (47530.37841625299 168785.6679444248),,Palingbeek_sinus_2022_06,Butterflies,13.71557127248492
9631,9631,2022-08-24,p5,Palingbeek,sinus,V,Dagvlinders,1,Maniola,50.8215094870429,2.91350117884847,5,GSM,2022,POINT (47464.399741334 168901.2340228418),,Palingbeek_sinus_2022_06,Butterflies,4.675146830164064
9632,9632,2022-08-24,p5,Palingbeek,sinus,V,Dagvlinders,1,Maniola,50.8214579383387,2.9135549068478,5,GSM,2022,POINT (47468.07256012723 168895.42668959405),,Palingbeek_sinus_2022_06,Butterflies,2.028608474993677
9636,9636,2022-04-23,p1,Waarmaarde2,blok,V,Bijen,1,Megachile,50.7802069467034,3.46899630502189,6,GSM,2022,POINT (86545.92889009179 163686.76548780873),,,Other bees,
9643,9643,2022-06-18,p3,Kemmelberg,blok,V,Bijen,1,Megachile,50.7773342589389,2.79656298458836,7,GSM,2022,POINT (39122.23429331243 164156.20597245824),before,,Other bees,
9644,9644,2022-08-05,p4,Palingbeek,sinus,V,Bijen,1,Megachile,50.820275419439,2.91466676630351,3,GSM,2022,POINT (47543.82854717408 168762.37453393824),after,Palingbeek_sinus_2022_06,Other bees,0.245875471674122
9646,9646,2022-08-06,p4,Muziekbos,sinus,V,Bijen,1,Megachile,50.7685395601334,3.6557164953814305,51,GSM,2022,POINT (99701.2234041173 162246.0721509438),after,Muziekbos_sinus_2022_06,Other bees,11.668829532984173
9649,9649,2022-08-24,p5,Palingbeek,sinus,V,Bijen,1,Megachile,50.8210069919478,2.91473331861469,5,GSM,2022,POINT (47550.11003930439 168843.64723679982),,Palingbeek_sinus_2022_06,Other bees,13.412932927336582
9650,9650,2022-08-24,p5,Palingbeek,sinus,V,Bijen,1,Megachile,50.820397082763506,2.91503900662336,31,GSM,2022,POINT (47570.31841646996 168775.3924344033),,Palingbeek_sinus_2022_06,Other bees,-3.0373323707878974
9654,9654,2022-08-29,p5,Kemmelberg,sinus,V,Bijen,1,Megachile,50.7728848094593,2.79766822234056,3,GSM,2022,POINT (39189.70172818884 163659.71700591594),,Kemmelberg_sinus_2022_06,Other bees,14.752984644609496
9655,9655,2022-08-29,p5,Kemmelberg,sinus,V,Bijen,1,Megachile,50.7726220787044,2.79625746421776,4,GSM,2022,POINT (39089.59556785776 163632.60315593984),,Kemmelberg_sinus_2022_06,Other bees,4.95177132876186
9658,9658,2022-08-31,p5,Muziekbos,sinus,V,Bijen,1,Megachile,50.7683222461964,3.65545618348164,9,GSM,2022,POINT (99682.62909087383 162222.0758047141),,Muziekbos_sinus_2022_06,Other bees,1.6431708210429836
9662,9662,2022-04-12,p1,Palingbeek,sinus,V,Bijen,1,Nomada,50.820835749666,2.91472728364441,3,GSM,2022,POINT (47549.31204633761 168824.61022694595),,,Other bees,
9663,9663,2022-04-15,p1,Muziekbos,sinus,V,Bijen,1,Nomada,50.768382009166,3.65566162392837,8,GSM,2022,POINT (99697.18464263578 162228.58437238447),,,Other bees,
9664,9664,2022-04-15,p1,Muziekbos,blok,V,Bijen,1,Nomada,50.769347730139906,3.65602497943086,3,GSM,2022,POINT (99723.84585274136 162335.7588625392),,,Other bees,
9665,9665,2022-04-23,p1,Waarmaarde2,blok,V,Bijen,1,Nomada,50.780303757685296,3.46931984648431,4,GSM,2022,POINT (86568.87546993938 163697.25760050118),,,Other bees,
9666,9666,2022-04-23,p1,Waarmaarde2,blok,V,Bijen,1,Nomada,50.7803233713384,3.46927458420718,7,GSM,2022,POINT (86565.70997743239 163699.47787683737),,,Other bees,
9668,9668,2022-04-23,p1,Waarmaarde2,sinus,V,Bijen,1,Nomada,50.7814830495517,3.47130426206017,3,GSM,2022,POINT (86710.4010406136 163826.73894947767),,,Other bees,
9672,9672,2022-04-12,p1,Kemmelberg,sinus,V,Bijen,1,Nomada,50.7729837159167,2.7971104066845,3,GSM,2022,POINT (39150.596976342335 163671.54900026415),,,Other bees,
9676,9676,2022-04-15,p1,Muziekbos,sinus,V,Bijen,1,Nomada,50.7683903491597,3.65526926704091,3,GSM,2022,POINT (99669.51672829967 162229.77768220194),,,Other bees,
9677,9677,2022-04-15,p1,Muziekbos,sinus,V,Bijen,1,Nomada,50.7684568595614,3.6555958259884704,4,GSM,2022,POINT (99692.62315342823 162236.9547638744),,,Other bees,
9680,9680,2022-04-20,p1,Waarmaarde,sinus,V,Bijen,1,Nomada,50.7945037440002,3.49418170770378,45,GSM,2022,POINT (88340.7308404718 165255.81089958362),,,Other bees,
9682,9682,2022-04-20,p1,Waarmaarde,blok,V,Bijen,1,Nomada,50.7934765471618,3.49235080182877,4,GSM,2022,POINT (88210.30597710157 165143.07513782103),,,Other bees,
9684,9684,2022-05-11,p2,Palingbeek,blok,V,Bijen,1,Nomada,50.8226614539056,2.91204012930664,4,GSM,2022,POINT (47363.981429278734 169031.3718059957),,,Other bees,
9685,9685,2022-05-18,p2,Waarmaarde2,blok,V,Bijen,1,Nomada,50.7803519117187,3.46873353235746,3,GSM,2022,POINT (86527.59339925807 163703.11445517652),,,Other bees,
9687,9687,2022-05-22,p2,Kemmelberg,blok,V,Bijen,1,Nomada,50.7776070898871,2.79590517282746,8,GSM,2022,POINT (39076.49194527474 164187.53058868088),,,Other bees,
9689,9689,2022-08-24,p5,Palingbeek,sinus,V,Bijen,1,Nomada,50.821488658013905,2.91350889019939,4,GSM,2022,POINT (47464.897619879936 168898.90680335835),,Palingbeek_sinus_2022_06,Other bees,2.320432698358706
9691,9691,2022-06-14,p3,Waarmaarde2,sinus,V,Dagvlinders,1,Ochlodes,50.7814218616586,3.47131381742979,3,GSM,2022,POINT (86710.9926689368 163819.92484020162),before,,Butterflies,
9692,9692,2022-06-14,p3,Waarmaarde,blok,V,Dagvlinders,1,Ochlodes,50.7932029199328,3.49231023341742,3,GSM,2022,POINT (88207.08688684407 165112.67293272167),before,,Butterflies,
9694,9694,2022-06-18,p3,Kemmelberg,blok,V,Dagvlinders,1,Ochlodes,50.7784285163979,2.79712054878733,3,GSM,2022,POINT (39164.12546973789 164277.07040460221),before,,Butterflies,
9696,9696,2022-06-20,p3,Muziekbos,sinus,V,Dagvlinders,1,Ochlodes,50.7687774546321,3.65560141909321,44,GSM,2022,POINT (99693.35987517137 162272.61182814557),before,,Butterflies,
9697,9697,2022-06-20,p3,Muziekbos,sinus,V,Dagvlinders,1,Ochlodes,50.7687774546321,3.65560141909321,44,GSM,2022,POINT (99693.35987517137 162272.61182814557),before,,Butterflies,
9699,9699,2022-06-20,p3,Muziekbos,blok,V,Dagvlinders,1,Ochlodes,50.7695764722778,3.65610863082451,4,GSM,2022,POINT (99729.99046689748 162361.14603134897),before,,Butterflies,
9701,9701,2022-06-21,p3,Palingbeek,sinus,V,Dagvlinders,1,Ochlodes,50.8215341717481,2.91375657543811,4,GSM,2022,POINT (47482.446221383216 168903.62693707924),before,,Butterflies,
9706,9706,2022-04-23,p1,Waarmaarde2,blok,V,Bijen,1,Osmia,50.7802879946835,3.46886485331528,38,GSM,2022,POINT (86536.76805852943 163695.89276187308),,,Other bees,
9707,9707,2022-04-23,p1,Waarmaarde2,blok,V,Bijen,1,Osmia,50.7802543463658,3.46886135638083,9,GSM,2022,POINT (86536.4761268089 163692.15302586462),,,Other bees,
9709,9709,2022-04-23,p1,Waarmaarde2,sinus,V,Bijen,1,Osmia,50.7813701872255,3.47116168588723,3,GSM,2022,POINT (86700.19515172706 163814.30664048437),,,Other bees,
9710,9710,2022-04-23,p1,Waarmaarde2,sinus,V,Bijen,1,Osmia,50.7813548064332,3.47117182799006,3,GSM,2022,POINT (86700.88969206205 163812.5871850839),,,Other bees,
9714,9714,2022-05-18,p2,Waarmaarde,blok,V,Dagvlinders,1,Papilio,50.7932262635331,3.49269932136264,11,GSM,2022,POINT (88234.54861664258 165114.94599722605),,,Butterflies,
9715,9715,2022-05-22,p2,Kemmelberg,sinus,V,Dagvlinders,1,Papilio,50.7729340950503,2.79674587771556,6,GSM,2022,POINT (39124.773421373844 163666.57450980693),,,Butterflies,
9717,9717,2022-08-25,p5,Waarmaarde,sinus,V,Dagvlinders,1,Papilio,50.7938896492599,3.49427863955823,6,GSM,2022,POINT (88346.76059043994 165187.42382139526),,Waarmaarde_sinus_2022_06,Butterflies,-4.16680423539028
9718,9718,2022-08-25,p5,Waarmaarde,sinus,V,Dagvlinders,1,Papilio,50.7941049803521,3.49431828596023,3,GSM,2022,POINT (88349.83752433994 165211.34251853637),,Waarmaarde_sinus_2022_06,Butterflies,1.0329835771415614
9719,9719,2022-05-18,p2,Waarmaarde2,sinus,V,Dagvlinders,1,Pieris,50.7817627536605,3.47137617878939,15,GSM,2022,POINT (86715.84822603871 163857.78937900625),,,Butterflies,
9720,9720,2022-08-05,p4,Palingbeek,sinus,V,Dagvlinders,1,Pieris,50.8211359056186,2.91306070983681,3,GSM,2022,POINT (47432.55439779069 168860.2928778492),after,Palingbeek_sinus_2022_06,Butterflies,-4.7259516022665755
9722,9722,2022-08-24,p5,Palingbeek,sinus,V,Dagvlinders,1,Pieris,50.8213336766242,2.91329020634564,4,GSM,2022,POINT (47449.153571436225 168881.9718525326),,Palingbeek_sinus_2022_06,Butterflies,-7.102207960704105
9723,9723,2022-08-24,p5,Palingbeek,blok,V,Dagvlinders,1,Pieris,50.8225770062308,2.91215219535204,6,GSM,2022,POINT (47371.69210750313 169021.82482624333),,Palingbeek_blok_2022_06,Butterflies,39.25316865662618
9724,9724,2022-08-24,p5,Palingbeek,blok,V,Dagvlinders,1,Pieris,50.8232732909273,2.91248939931663,7,GSM,2022,POINT (47396.96586282377 169098.79885686934),,Palingbeek_blok_2022_06,Butterflies,9.360468899878345
9725,9725,2022-09-22,p6,Palingbeek,sinus,V,Dagvlinders,1,Pieris,50.8207118232279,2.91440885514292,4,GSM,2022,POINT (47526.60854856239 168811.2664999338),,Palingbeek_sinus_2022_06,Butterflies,9.65742574207676
9727,9727,2022-04-12,p1,Palingbeek,sinus,V,Dagvlinders,1,Pieris,50.8204828715428,2.91496683843705,8,GSM,2022,POINT (47565.42078876379 168785.03325561062),,,Butterflies,
9728,9728,2022-04-12,p1,Palingbeek,sinus,V,Dagvlinders,1,Pieris,50.820546448278,2.91508200578663,9,GSM,2022,POINT (47573.672897675424 168791.94537438918),,,Butterflies,
9731,9731,2022-04-12,p1,Kemmelberg,sinus,V,Dagvlinders,1,Pieris,50.7728199754383,2.7976646181222,8,GSM,2022,POINT (39189.29503524775 163652.51195358578),,,Butterflies,
9736,9736,2022-04-15,p1,Muziekbos,sinus,V,Dagvlinders,1,Pieris,50.7683640718932,3.6552811693434095,3,GSM,2022,POINT (99670.32825600571 162226.84671525192),,,Butterflies,
9737,9737,2022-04-15,p1,Muziekbos,sinus,V,Dagvlinders,1,Pieris,50.7683941629259,3.6555588617954897,5,GSM,2022,POINT (99689.94878375609 162230.0058308309),,,Butterflies,
9740,9740,2022-04-20,p1,Waarmaarde,sinus,V,Dagvlinders,1,Pieris,50.793936797465,3.49436497316089,15,GSM,2022,POINT (88352.9088268073 165192.59655927774),,,Butterflies,
9741,9741,2022-04-20,p1,Waarmaarde,sinus,V,Dagvlinders,1,Pieris,50.7940441696446,3.49419062957493,3,GSM,2022,POINT (88340.75817181982 165204.6843710877),,,Butterflies,
9743,9743,2022-04-20,p1,Waarmaarde,blok,V,Dagvlinders,1,Pieris,50.7935861405458,3.49227771163312,6,GSM,2022,POINT (88205.29685853451 165155.32614163682),,,Butterflies,
9744,9744,2022-04-23,p1,Waarmaarde2,blok,V,Dagvlinders,1,Pieris,50.7803243102966,3.46827366177315,68,GSM,2022,POINT (86495.12609635679 163700.43724345788),,,Butterflies,
9746,9746,2022-04-23,p1,Waarmaarde2,sinus,V,Dagvlinders,1,Pieris,50.780994258868304,3.47107878886486,3,GSM,2022,POINT (86693.84421204602 163772.56249787193),,,Butterflies,
9755,9755,2022-05-11,p2,Palingbeek,sinus,V,Dagvlinders,1,Pieris,50.8208559081434,2.91461731307479,4,GSM,2022,POINT (47541.608393495815 168827.0038939705),,,Butterflies,
9756,9756,2022-05-11,p2,Palingbeek,sinus,V,Dagvlinders,1,Pieris,50.820347042801906,2.91497547179731,4,GSM,2022,POINT (47565.733350501556 168769.9146650033),,,Butterflies,
9757,9757,2022-05-11,p2,Palingbeek,sinus,V,Dagvlinders,1,Pieris,50.8209331054716,2.91346547194096,6,GSM,2022,POINT (47460.62821531251 168837.17895328812),,,Butterflies,
9762,9762,2022-05-14,p2,Muziekbos,sinus,V,Dagvlinders,1,Pieris,50.7687190035834,3.65540094673974,4,GSM,2022,POINT (99679.15628685206 162266.24583605956),,,Butterflies,
9763,9763,2022-05-14,p2,Muziekbos,blok,V,Dagvlinders,1,Pieris,50.76954034627511,3.6563890054856,6,GSM,2022,POINT (99749.72905473193 162356.9380156044),,,Butterflies,
9765,9765,2022-05-18,p2,Waarmaarde,sinus,V,Dagvlinders,1,Pieris,50.7939161360736,3.49373197183338,7,GSM,2022,POINT (88308.25517636564 165190.82368659414),,,Butterflies,
9766,9766,2022-05-18,p2,Waarmaarde,sinus,V,Dagvlinders,1,Pieris,50.7938196603681,3.49435793236223,3,GSM,2022,POINT (88352.25912959609 165179.5730712479),,,Butterflies,
9768,9768,2022-05-18,p2,Waarmaarde,blok,V,Dagvlinders,1,Pieris,50.7931976393341,3.49222230725315,7,GSM,2022,POINT (88200.88106954473 165112.15868364647),,,Butterflies,
9773,9773,2022-05-22,p2,Kemmelberg,sinus,V,Dagvlinders,1,Pieris,50.7730087358977,2.79714561067782,3,GSM,2022,POINT (39153.13845726909 163674.2790315356),,,Butterflies,
9777,9777,2022-06-14,p3,Waarmaarde2,blok,V,Dagvlinders,1,Pieris,50.780274456410304,3.46837506608041,66,GSM,2022,POINT (86502.20994315128 163694.80530958064),before,,Butterflies,
9779,9779,2022-06-14,p3,Waarmaarde,sinus,V,Dagvlinders,1,Pieris,50.7943618765503,3.494220807877,4,GSM,2022,POINT (88343.30164943599 165239.99833266996),before,,Butterflies,
9783,9783,2022-08-05,p4,Palingbeek,sinus,V,Dagvlinders,1,Pieris,50.8201113017752,2.91486265138063,4,GSM,2022,POINT (47557.27174640364 168743.85144828167),after,Palingbeek_sinus_2022_06,Butterflies,10.364104217265496
9784,9784,2022-08-05,p4,Palingbeek,sinus,V,Dagvlinders,1,Pieris,50.8204817399859,2.91511218063804,5,GSM,2022,POINT (47575.65791772642 168784.70700201672),after,Palingbeek_sinus_2022_06,Butterflies,-3.485880531586291
9785,9785,2022-08-05,p4,Palingbeek,sinus,V,Dagvlinders,1,Pieris,50.8211486042019,2.91292685084316,3,GSM,2022,POINT (47423.15163362403 168861.89002351183),after,Palingbeek_sinus_2022_06,Butterflies,14.337417092847629
9792,9792,2022-08-24,p5,Palingbeek,sinus,V,Dagvlinders,1,Pieris,50.8204993419825,2.91503431275758,12,GSM,2022,POINT (47570.210314605545 168786.77203669585),,Palingbeek_sinus_2022_06,Butterflies,0.1
9793,9793,2022-08-24,p5,Palingbeek,sinus,V,Dagvlinders,1,Pieris,50.8203198435261,2.91466576047513,4,GSM,2022,POINT (47543.8544077198 168767.31670657732),,Palingbeek_sinus_2022_06,Butterflies,4.153177115122081
9794,9794,2022-08-24,p5,Palingbeek,sinus,V,Dagvlinders,1,Pieris,50.820413511294,2.91438781656596,5,GSM,2022,POINT (47524.47672559635 168778.1176815722),,Palingbeek_sinus_2022_06,Butterflies,4.661594155394179
9798,9798,2022-04-23,p1,Waarmaarde2,blok,V,Dagvlinders,1,Pieris,50.7805191725968,3.46926293336178,4,GSM,2022,POINT (86565.15200313384 163721.26691660006),,,Butterflies,
9800,9800,2022-04-23,p1,Waarmaarde2,sinus,V,Dagvlinders,1,Pieris,50.7811616873841,3.47103587352062,5,GSM,2022,POINT (86691.04285607488 163791.22224472277),,,Butterflies,
9802,9802,2022-05-14,p2,Muziekbos,sinus,V,Dagvlinders,1,Pieris,50.768297896768,3.65534076467496,6,GSM,2022,POINT (99674.46144947509 162219.44548330363),,,Butterflies,
9806,9806,2022-05-18,p2,Waarmaarde,sinus,V,Dagvlinders,1,Pieris,50.7939899387314,3.49368855357495,4,GSM,2022,POINT (88305.29086283103 165199.06890895404),,,Butterflies,
9807,9807,2022-05-18,p2,Waarmaarde,blok,V,Dagvlinders,1,Pieris,50.7934906706686,3.49233378656533,10,GSM,2022,POINT (88209.12491889733 165144.6602638429),,,Butterflies,
9808,9808,2022-05-18,p2,Waarmaarde2,blok,V,Dagvlinders,1,Pieris,50.7806650177117,3.46920442767764,5,GSM,2022,POINT (86561.222585321 163737.53930472676),,,Butterflies,
9811,9811,2022-05-22,p2,Kemmelberg,blok,V,Dagvlinders,1,Pieris,50.7779671764474,2.79736119322739,5,GSM,2022,POINT (39180.00836051941 164225.40400736313),,,Butterflies,
9813,9813,2022-06-18,p3,Kemmelberg,sinus,V,Dagvlinders,1,Pieris,50.772694978329106,2.79657832363024,32,GSM,2022,POINT (39112.39450896975 163640.23157437798),before,,Butterflies,
9814,9814,2022-06-18,p3,Kemmelberg,sinus,V,Dagvlinders,1,Pieris,50.7733581355314,2.79781205579899,3,GSM,2022,POINT (39200.958343847116 163712.1427888032),before,,Butterflies,
9817,9817,2022-06-18,p3,Kemmelberg,blok,V,Dagvlinders,1,Pieris,50.7775846263866,2.79559998773298,6,GSM,2022,POINT (39054.91935491441 164185.48809604626),before,,Butterflies,
9818,9818,2022-06-18,p3,Kemmelberg,blok,V,Dagvlinders,1,Pieris,50.7774908328901,2.7956407237824,3,GSM,2022,POINT (39057.57086593026 164174.99613200594),before,,Butterflies,
9819,9819,2022-06-18,p3,Kemmelberg,blok,V,Dagvlinders,1,Pieris,50.7784099085729,2.79717503115795,3,GSM,2022,POINT (39167.9233596823 164274.91966838762),before,,Butterflies,
9820,9820,2022-06-18,p3,Kemmelberg,blok,V,Dagvlinders,1,Pieris,50.7781296177311,2.79678175226114,48,GSM,2022,POINT (39139.53259086932 164244.3343092259),before,,Butterflies,
9821,9821,2022-06-18,p3,Kemmelberg,blok,V,Dagvlinders,1,Pieris,50.7773467060651,2.7964883018311,4,GSM,2022,POINT (39116.99742108071 164157.70173953287),before,,Butterflies,
9824,9824,2022-06-20,p3,Muziekbos,sinus,V,Dagvlinders,1,Pieris,50.7684827177326,3.6556617077474,3,GSM,2022,POINT (99697.29803681468 162239.78646217287),before,,Butterflies,
9825,9825,2022-06-20,p3,Muziekbos,sinus,V,Dagvlinders,1,Pieris,50.7685226155917,3.65499953739685,21,GSM,2022,POINT (99650.63132030232 162244.67280438263),before,,Butterflies,
9826,9826,2022-06-20,p3,Muziekbos,blok,V,Dagvlinders,1,Pieris,50.769383562776,3.65634324029428,3,GSM,2022,POINT (99746.33369348338 162339.5294060493),before,,Butterflies,
9827,9827,2022-06-21,p3,Palingbeek,blok,V,Dagvlinders,1,Pieris,50.8225192130088,2.9125878866789,4,GSM,2022,POINT (47402.25986301711 169014.7953192247),before,,Butterflies,
9828,9828,2022-06-21,p3,Palingbeek,blok,V,Dagvlinders,1,Pieris,50.8232097561013,2.91147560812804,3,GSM,2022,POINT (47325.40830143787 169093.1333133597),before,,Butterflies,
9829,9829,2022-06-21,p3,Palingbeek,blok,V,Dagvlinders,1,Pieris,50.8227499248933,2.91290547699007,67,GSM,2022,POINT (47425.136559071834 169040.01620197296),before,,Butterflies,
9834,9834,2022-06-21,p3,Palingbeek,sinus,V,Dagvlinders,1,Pieris,50.8210166311367,2.91436878964576,35,GSM,2022,POINT (47524.44966779728 168845.22208396345),before,,Butterflies,
9835,9835,2022-06-21,p3,Palingbeek,sinus,V,Dagvlinders,1,Pieris,50.8205948118593,2.91496264748546,3,GSM,2022,POINT (47565.369203630195 168797.48888320662),before,,Butterflies,
9836,9836,2022-06-21,p3,Palingbeek,sinus,V,Dagvlinders,1,Pieris,50.820813411894,2.91388775222274,3,GSM,2022,POINT (47490.117500764594 168823.28400345147),before,,Butterflies,
9842,9842,2022-08-02,p4,Waarmaarde2,sinus,V,Dagvlinders,1,Pieris,50.7813493035888,3.47114785839006,5,GSM,2022,POINT (86699.19199594174 163811.99551858008),after,,Butterflies,
9846,9846,2022-08-05,p4,Palingbeek,sinus,V,Dagvlinders,1,Pieris,50.8205537405338,2.91519449092719,3,GSM,2022,POINT (47581.61351771507 168792.60132108163),after,Palingbeek_sinus_2022_06,Butterflies,-0.6035723402556189
9847,9847,2022-08-05,p4,Palingbeek,sinus,V,Dagvlinders,1,Pieris,50.820812573704,2.91336991824481,11,GSM,2022,POINT (47453.63370722199 168823.9054785017),after,Palingbeek_sinus_2022_06,Butterflies,12.27675998143235
9848,9848,2022-08-05,p4,Palingbeek,sinus,V,Dagvlinders,1,Pieris,50.8210922778126,2.9129991028485,5,GSM,2022,POINT (47428.119050608206 168855.52571715042),after,Palingbeek_sinus_2022_06,Butterflies,-7.881208212609798
9849,9849,2022-08-05,p4,Palingbeek,sinus,V,Dagvlinders,1,Pieris,50.8211703971504,2.91398204863342,4,GSM,2022,POINT (47497.53840378298 168862.85729180276),after,Palingbeek_sinus_2022_06,Butterflies,5.408804529264172
9852,9852,2022-08-05,p4,Palingbeek,blok,V,Dagvlinders,1,Pieris,50.8229629090529,2.91218337603184,3,GSM,2022,POINT (47374.73038583445 169064.70132767223),after,Palingbeek_blok_2022_06,Butterflies,7.380864994138251
9853,9853,2022-08-05,p4,Palingbeek,blok,V,Dagvlinders,1,Pieris,50.8228912856906,2.91135163978013,7,GSM,2022,POINT (47315.98007018736 169057.88482915796),after,Palingbeek_blok_2022_06,Butterflies,-24.136084361656003
9854,9854,2022-08-05,p4,Palingbeek,blok,V,Dagvlinders,1,Pieris,50.823087212676896,2.91147041134807,3,GSM,2022,POINT (47324.77480508383 169079.51138722338),after,Palingbeek_blok_2022_06,Butterflies,-34.818839118598206
9855,9855,2022-08-05,p4,Palingbeek,blok,V,Dagvlinders,1,Pieris,50.8230068302255,2.9118624329594,3,GSM,2022,POINT (47352.216452821885 169070.0296033416),after,Palingbeek_blok_2022_06,Butterflies,-9.765636214714782
9856,9856,2022-08-05,p4,Palingbeek,blok,V,Dagvlinders,1,Pieris,50.8228349593013,2.91299792938205,4,GSM,2022,POINT (47431.835016430414 169049.34595931228),after,Palingbeek_blok_2022_06,Butterflies,53.27188715300555
9858,9858,2022-08-06,p4,Muziekbos,sinus,V,Dagvlinders,1,Pieris,50.7681847410749,3.65524588153106,3,GSM,2022,POINT (99667.6475527756 162206.92305440642),after,Muziekbos_sinus_2022_06,Butterflies,9.982091398580694
9859,9859,2022-08-06,p4,Muziekbos,sinus,V,Dagvlinders,1,Pieris,50.7683984376962,3.65529801696879,3,GSM,2022,POINT (99671.55338218922 162230.65792817622),after,Muziekbos_sinus_2022_06,Butterflies,11.625604423991025
9865,9865,2022-08-10,p4,Kemmelberg,sinus,V,Dagvlinders,1,Pieris,50.7730081001216,2.79766428066535,88,GSM,2022,POINT (39189.71379848635 163673.4344919175),after,Kemmelberg_sinus_2022_06,Butterflies,15.636257052979998
9866,9866,2022-08-10,p4,Kemmelberg,sinus,V,Dagvlinders,1,Pieris,50.773201142485,2.79792596586309,3,GSM,2022,POINT (39208.622010728286 163694.51311697438),after,Kemmelberg_sinus_2022_06,Butterflies,4.074170683097327
9867,9867,2022-08-10,p4,Kemmelberg,sinus,V,Dagvlinders,1,Pieris,50.7732088538362,2.79793510213754,4,GSM,2022,POINT (39209.28444003561 163695.35709840897),after,Kemmelberg_sinus_2022_06,Butterflies,3.4117413757718174
9868,9868,2022-08-10,p4,Kemmelberg,sinus,V,Dagvlinders,1,Pieris,50.7728113001688,2.79750284739099,4,GSM,2022,POINT (39177.86643487208 163651.78847342078),after,Kemmelberg_sinus_2022_06,Butterflies,6.96897708120653
9869,9869,2022-08-10,p4,Kemmelberg,sinus,V,Dagvlinders,1,Pieris,50.7727981405805,2.7975454274591,3,GSM,2022,POINT (39180.838252690344 163650.2614244856),after,Kemmelberg_sinus_2022_06,Butterflies,6.409816937901862
9870,9870,2022-08-10,p4,Kemmelberg,sinus,V,Dagvlinders,1,Pieris,50.772616085643904,2.79627841897569,4,GSM,2022,POINT (39091.059207271275 163631.90535959043),after,Kemmelberg_sinus_2022_06,Butterflies,6.278227101816495
9871,9871,2022-08-10,p4,Kemmelberg,sinus,V,Dagvlinders,1,Pieris,50.7727388386156,2.79637472704313,3,GSM,2022,POINT (39098.13996122008 163645.4133740496),after,Kemmelberg_sinus_2022_06,Butterflies,12.504441171912806
9877,9877,2022-08-10,p4,Kemmelberg,blok,V,Dagvlinders,1,Pieris,50.7775315689395,2.79644513502977,5,GSM,2022,POINT (39114.38878608061 164178.32546888944),after,Kemmelberg_blok_2022_06,Butterflies,38.55235016585527
9878,9878,2022-08-10,p4,Kemmelberg,blok,V,Dagvlinders,1,Pieris,50.77749971770751,2.79648461379371,3,GSM,2022,POINT (39117.09759179992 164174.72424361296),after,Kemmelberg_blok_2022_06,Butterflies,38.007480364521584
9879,9879,2022-08-10,p4,Kemmelberg,blok,V,Dagvlinders,1,Pieris,50.7775039505689,2.79664102010689,4,GSM,2022,POINT (39128.136343692604 164174.96154193953),after,Kemmelberg_blok_2022_06,Butterflies,46.12666653232579
9880,9880,2022-08-10,p4,Kemmelberg,blok,V,Dagvlinders,1,Pieris,50.7780641131579,2.79726404696963,4,GSM,2022,POINT (39173.386385911 164236.32963791862),after,Kemmelberg_blok_2022_06,Butterflies,121.28325492535981
9881,9881,2022-08-10,p4,Kemmelberg,blok,V,Dagvlinders,1,Pieris,50.7781427773188,2.79686221853159,3,GSM,2022,POINT (39145.237463334124 164245.67775319237),after,Kemmelberg_blok_2022_06,Butterflies,107.48020867445834
9882,9882,2022-08-10,p4,Kemmelberg,blok,V,Dagvlinders,1,Pieris,50.7779222494464,2.79675920494161,3,GSM,2022,POINT (39137.45460414898 164221.3057482168),after,Kemmelberg_blok_2022_06,Butterflies,84.9737379956271
9883,9883,2022-08-10,p4,Kemmelberg,blok,V,Dagvlinders,1,Pieris,50.7771275192975,2.79508408159277,4,GSM,2022,POINT (39017.4638766892 164135.42216735147),after,Kemmelberg_blok_2022_06,Butterflies,61.03942043912882
9884,9884,2022-08-10,p4,Kemmelberg,blok,V,Dagvlinders,1,Pieris,50.7770536328207,2.79586452059708,3,GSM,2022,POINT (39072.32191911538 164126.03926772624),after,Kemmelberg_blok_2022_06,Butterflies,-27.813576741334003
9885,9885,2022-08-10,p4,Kemmelberg,blok,V,Dagvlinders,1,Pieris,50.7774445228751,2.79632879421375,3,GSM,2022,POINT (39105.98022167898 164168.81842079666),after,Kemmelberg_blok_2022_06,Butterflies,25.901434950096803
9899,9899,2022-08-24,p5,Palingbeek,sinus,V,Dagvlinders,1,Pieris,50.8210354485094,2.91446937248382,4,GSM,2022,POINT (47531.57678497479 168847.1761812847),,Palingbeek_sinus_2022_06,Butterflies,-1.7359894055567175
9900,9900,2022-08-24,p5,Palingbeek,sinus,V,Dagvlinders,1,Pieris,50.8207542775672,2.91478914208981,3,GSM,2022,POINT (47553.4926688813 168815.46370285656),,Palingbeek_sinus_2022_06,Butterflies,-9.631585396398652
9901,9901,2022-08-24,p5,Palingbeek,sinus,V,Dagvlinders,1,Pieris,50.8210248454015,2.91334887966784,6,GSM,2022,POINT (47452.61410752073 168847.5430803988),,Palingbeek_sinus_2022_06,Butterflies,8.903511477608479
9902,9902,2022-08-24,p5,Palingbeek,sinus,V,Dagvlinders,1,Pieris,50.8209510427441,2.91339187883111,15,GSM,2022,POINT (47455.482602606135 168839.27549604978),,Palingbeek_sinus_2022_06,Butterflies,1.7432762429854156
9903,9903,2022-08-24,p5,Palingbeek,sinus,V,Dagvlinders,1,Pieris,50.8211471373691,2.91290044784817,5,GSM,2022,POINT (47421.28832995266 168861.7633426385),,Palingbeek_sinus_2022_06,Butterflies,16.09475382822353
9904,9904,2022-08-24,p5,Palingbeek,sinus,V,Dagvlinders,1,Pieris,50.8211751748349,2.91310463100943,5,GSM,2022,POINT (47435.734261904945 168864.59970397875),,Palingbeek_sinus_2022_06,Butterflies,-4.107522569874525
9912,9912,2022-08-24,p5,Palingbeek,blok,V,Dagvlinders,1,Pieris,50.8230287489023,2.91168691590699,7,GSM,2022,POINT (47339.89948892349 169072.7099083783),,Palingbeek_blok_2022_06,Butterflies,-19.697877136428318
9913,9913,2022-08-24,p5,Palingbeek,blok,V,Dagvlinders,1,Pieris,50.8225613682035,2.91161907273149,4,GSM,2022,POINT (47334.10034510936 169020.8222392341),,Palingbeek_blok_2022_06,Butterflies,15.785773831189239
9914,9914,2022-08-24,p5,Palingbeek,blok,V,Dagvlinders,1,Pieris,50.8226120006766,2.912802211943,3,GSM,2022,POINT (47417.56104225002 169024.81905248016),,Palingbeek_blok_2022_06,Butterflies,63.93223001594684
9915,9915,2022-08-24,p5,Palingbeek,blok,V,Dagvlinders,1,Pieris,50.8228769956077,2.91279554748143,4,GSM,2022,POINT (47417.6692490469 169054.30062935594),,Palingbeek_blok_2022_06,Butterflies,40.44999563257154
9916,9916,2022-08-24,p5,Palingbeek,blok,V,Dagvlinders,1,Pieris,50.8230043994736,2.91291159577939,11,GSM,2022,POINT (47426.12234460178 169068.3100699475),,Palingbeek_blok_2022_06,Butterflies,36.77304486848207
9917,9917,2022-08-24,p5,Palingbeek,blok,V,Dagvlinders,1,Pieris,50.823195381137296,2.91244220920178,5,GSM,2022,POINT (47393.47155280855 169090.19901511725),,Palingbeek_blok_2022_06,Butterflies,-2.1812500651227604
9918,9918,2022-08-24,p5,Palingbeek,blok,V,Dagvlinders,1,Pieris,50.8231525077026,2.91240641847524,3,GSM,2022,POINT (47390.85669363802 169085.4801258454),,Palingbeek_blok_2022_06,Butterflies,-0.2202045370534654
9919,9919,2022-08-24,p5,Palingbeek,blok,V,Dagvlinders,1,Pieris,50.8227638807621,2.91219787672433,3,GSM,2022,POINT (47375.31785466682 169042.54564383626),,Palingbeek_blok_2022_06,Butterflies,25.934899508513496
9920,9920,2022-08-24,p5,Palingbeek,blok,V,Dagvlinders,1,Pieris,50.8225858910485,2.91201171465489,8,GSM,2022,POINT (47361.81484468706 169023.00706899725),,Palingbeek_blok_2022_06,Butterflies,31.940949445375058
9923,9923,2022-08-25,p5,Waarmaarde,sinus,V,Dagvlinders,1,Pieris,50.7940568682279,3.49398787133721,25,GSM,2022,POINT (88326.48037882257 165206.26511238236),,Waarmaarde_sinus_2022_06,Butterflies,5.2896110666027765
9924,9924,2022-08-25,p5,Waarmaarde,sinus,V,Dagvlinders,1,Pieris,50.7943771407481,3.49420479499129,4,GSM,2022,POINT (88342.19273415825 165241.70947806071),,Waarmaarde_sinus_2022_06,Butterflies,10.665212914329292
9927,9927,2022-08-25,p5,Waarmaarde,blok,V,Dagvlinders,1,Pieris,50.7932957914202,3.49278448149887,5,GSM,2022,POINT (88240.64366384677 165122.60890114494),,Waarmaarde_blok_2022_06,Butterflies,3.090825133084093
9928,9928,2022-08-25,p5,Waarmaarde,blok,V,Dagvlinders,1,Pieris,50.7931482699241,3.4922578465226,3,GSM,2022,POINT (88203.32185131067 165106.63770017494),,Waarmaarde_blok_2022_06,Butterflies,6.095599363608654
9932,9932,2022-08-25,p5,Waarmaarde2,blok,V,Dagvlinders,1,Pieris,50.780723104301,3.46891600638951,25,GSM,2022,POINT (86540.9614781017 163744.24658307713),,,Butterflies,
9933,9933,2022-08-25,p5,Waarmaarde2,blok,V,Dagvlinders,1,Pieris,50.7804309530659,3.46921255812371,4,GSM,2022,POINT (86561.48075757574 163711.49720916804),,,Butterflies,
9934,9934,2022-08-25,p5,Waarmaarde2,blok,V,Dagvlinders,1,Pieris,50.7804742455955,3.46863973886097,3,GSM,2022,POINT (86521.14391252105 163716.80184607394),,,Butterflies,
9938,9938,2022-08-25,p5,Waarmaarde2,sinus,V,Dagvlinders,1,Pieris,50.78141008508489,3.47128406167353,4,GSM,2022,POINT (86708.8785168404 163818.6402675081),,,Butterflies,
9941,9941,2022-08-29,p5,Kemmelberg,sinus,V,Dagvlinders,1,Pieris,50.7730405871301,2.79800517484806,4,GSM,2022,POINT (39213.830218952906 163676.53903168812),,Kemmelberg_sinus_2022_06,Butterflies,-4.665453638897039
9942,9942,2022-08-29,p5,Kemmelberg,sinus,V,Dagvlinders,1,Pieris,50.7721720962326,2.79765732586644,21,GSM,2022,POINT (39187.25664580558 163580.46982039418),,Kemmelberg_sinus_2022_06,Butterflies,62.09519729883623
9943,9943,2022-08-29,p5,Kemmelberg,sinus,V,Dagvlinders,1,Pieris,50.7727595838259,2.79677437618635,3,GSM,2022,POINT (39126.37238090231 163647.12394676078),,Kemmelberg_sinus_2022_06,Butterflies,13.944326455110364
9949,9949,2022-08-29,p5,Kemmelberg,blok,V,Dagvlinders,1,Pieris,50.7771852287008,2.79548297636471,4,GSM,2022,POINT (39045.72758388663 164141.2443595305),,Kemmelberg_blok_2022_06,Butterflies,-36.435501501487884
9950,9950,2022-08-29,p5,Kemmelberg,blok,V,Dagvlinders,1,Pieris,50.7772405492614,2.79548046179376,3,GSM,2022,POINT (39045.68059306654 164147.40052047838),,Kemmelberg_blok_2022_06,Butterflies,-32.20106054666614
9951,9951,2022-08-29,p5,Kemmelberg,blok,V,Dagvlinders,1,Pieris,50.777405924211,2.79591456055901,3,GSM,2022,POINT (39076.680139863296 164165.14418401942),,Kemmelberg_blok_2022_06,Butterflies,2.239952004360904
9952,9952,2022-08-29,p5,Kemmelberg,blok,V,Dagvlinders,1,Pieris,50.7776743127509,2.79722297564409,4,GSM,2022,POINT (39169.57306967834 164193.03973402083),,Kemmelberg_blok_2022_06,Butterflies,89.5190999087648
9956,9956,2022-08-31,p5,Muziekbos,sinus,V,Dagvlinders,1,Pieris,50.768372705253505,3.65552935749632,55,GSM,2022,POINT (99687.84464858432 162227.63899526652),,Muziekbos_sinus_2022_06,Butterflies,-3.825230340669209
9957,9957,2022-08-31,p5,Muziekbos,sinus,V,Dagvlinders,1,Pieris,50.7685893774505,3.6551112681661295,3,GSM,2022,POINT (99658.58408182455 162252.02326135803),,Muziekbos_sinus_2022_06,Butterflies,-1.4114255551694324
9961,9961,2022-08-31,p5,Muziekbos,blok,V,Dagvlinders,1,Pieris,50.7692905655606,3.65648967214269,4,GSM,2022,POINT (99756.56362838356 162329.08601545077),,Muziekbos_blok_2022_06,Butterflies,-3.955665598101635
9962,9962,2022-08-31,p5,Muziekbos,blok,V,Dagvlinders,1,Pieris,50.7694769790872,3.65595943294806,4,GSM,2022,POINT (99719.36018796026 162350.17999512982),,Muziekbos_blok_2022_06,Butterflies,-4.572035114117921
9991,9991,2022-09-21,p6,Muziekbos,sinus,V,Dagvlinders,1,Pieris,50.768342128567504,3.65551264742334,4,GSM,2022,POINT (99686.63328136435 162224.24916142132),,Muziekbos_sinus_2022_06,Butterflies,-2.134481605555026
9992,9992,2022-09-21,p6,Muziekbos,sinus,V,Dagvlinders,1,Pieris,50.7687271340291,3.65529441275042,8,GSM,2022,POINT (99671.65012429017 162267.22234711237),,Muziekbos_sinus_2022_06,Butterflies,4.54932353712461
9996,9996,2022-09-21,p6,Muziekbos,blok,V,Dagvlinders,1,Pieris,50.7695058547436,3.6565889976952706,5,GSM,2022,POINT (99763.79937902541 162352.9662105739),,Muziekbos_blok_2022_06,Butterflies,16.575067813521894
9997,9997,2022-09-21,p6,Muziekbos,blok,V,Dagvlinders,1,Pieris,50.7696230756591,3.6561538092826,4,GSM,2022,POINT (99733.22697405671 162366.29932487942),,Muziekbos_blok_2022_06,Butterflies,13.925173758131141
9998,9998,2022-09-21,p6,Muziekbos,blok,V,Dagvlinders,1,Pieris,50.7691075886144,3.65618540905756,8,GSM,2022,POINT (99734.90620967266 162308.93860943522),,Muziekbos_blok_2022_06,Butterflies,23.191187744548692
10007,10007,2022-09-22,p6,Palingbeek,blok,V,Dagvlinders,1,Pieris,50.8226238191601,2.91143042966994,3,GSM,2022,POINT (47320.94701264426 169028.02867228445),,Palingbeek_blok_2022_06,Butterflies,2.0374853704874134
10008,10008,2022-09-22,p6,Palingbeek,blok,V,Dagvlinders,1,Pieris,50.8225860167771,2.91138072498413,4,GSM,2022,POINT (47317.36290838999 169023.89304763544),,Palingbeek_blok_2022_06,Butterflies,2.9973800802593358
10009,10009,2022-09-22,p6,Palingbeek,blok,V,Dagvlinders,1,Pieris,50.8225026168402,2.91149396449598,11,GSM,2022,POINT (47325.158469653805 169014.46090538148),,Palingbeek_blok_2022_06,Butterflies,15.23103098099078
10010,10010,2022-09-22,p6,Palingbeek,blok,V,Dagvlinders,1,Pieris,50.822308156686894,2.91183058172735,4,GSM,2022,POINT (47348.44843805501 168992.36812114064),,Palingbeek_blok_2022_06,Butterflies,47.070039438477885
10011,10011,2022-09-22,p6,Palingbeek,blok,V,Dagvlinders,1,Pieris,50.8225434786182,2.91256081313166,7,GSM,2022,POINT (47400.40548111177 169017.53149854485),,Palingbeek_blok_2022_06,Butterflies,60.94709502132642
10012,10012,2022-09-22,p6,Palingbeek,blok,V,Dagvlinders,1,Pieris,50.8225323306873,2.912522088739,4,GSM,2022,POINT (47397.653098838724 169016.3451251872),,Palingbeek_blok_2022_06,Butterflies,60.35835380302498
10013,10013,2022-09-22,p6,Palingbeek,blok,V,Dagvlinders,1,Pieris,50.8228776650976,2.91258805431696,3,GSM,2022,POINT (47403.05323464851 169054.66163622215),,Palingbeek_blok_2022_06,Butterflies,31.115400374363265
10014,10014,2022-09-22,p6,Palingbeek,blok,V,Dagvlinders,1,Pieris,50.8226395352285,2.91281679645451,3,GSM,2022,POINT (47418.64852378698 169027.86126798484),,Palingbeek_blok_2022_06,Butterflies,61.997916699372645
10015,10015,2022-09-22,p6,Palingbeek,blok,V,Dagvlinders,1,Pieris,50.8222742518886,2.91214825585755,4,GSM,2022,POINT (47370.75425742775 168988.1583534032),,Palingbeek_blok_2022_06,Butterflies,64.29079414346184
10021,10021,2022-09-22,p6,Palingbeek,sinus,V,Dagvlinders,1,Pieris,50.8206528146293,2.91430936195227,3,GSM,2022,POINT (47519.470619618165 168804.84089388605),,Palingbeek_sinus_2022_06,Butterflies,7.447045535787296
10022,10022,2022-09-22,p6,Palingbeek,sinus,V,Dagvlinders,1,Pieris,50.8206780022486,2.91431573219868,4,GSM,2022,POINT (47519.974265391575 168807.63343811873),,Palingbeek_sinus_2022_06,Butterflies,8.211812570134944
10023,10023,2022-09-22,p6,Palingbeek,sinus,V,Dagvlinders,1,Pieris,50.8209165592863,2.914602134565,4,GSM,2022,POINT (47540.67111116751 168833.77036571968),,Palingbeek_sinus_2022_06,Butterflies,-2.233480418772983
10024,10024,2022-09-22,p6,Palingbeek,sinus,V,Dagvlinders,1,Pieris,50.8209347399424,2.91464103386077,3,GSM,2022,POINT (47543.45118838434 168835.73874265887),,Palingbeek_sinus_2022_06,Butterflies,-5.122037954650942
10025,10025,2022-09-22,p6,Palingbeek,sinus,V,Dagvlinders,1,Pieris,50.8205256192486,2.9151369072524,6,GSM,2022,POINT (47577.49545346275 168789.55310167652),,Palingbeek_sinus_2022_06,Butterflies,0.38961590130712986
10026,10026,2022-09-22,p6,Palingbeek,sinus,V,Dagvlinders,1,Pieris,50.8203210169922,2.91504386812719,3,GSM,2022,POINT (47570.49534547924 168766.92580051906),,Palingbeek_sinus_2022_06,Butterflies,-2.447488344408851
10027,10027,2022-09-22,p6,Palingbeek,sinus,V,Dagvlinders,1,Pieris,50.820391927893105,2.91441690176996,3,GSM,2022,POINT (47526.47882682846 168775.67708429229),,Palingbeek_sinus_2022_06,Butterflies,5.055121210256049
10028,10028,2022-09-22,p6,Palingbeek,sinus,V,Dagvlinders,1,Pieris,50.8208646672319,2.91410140693459,3,GSM,2022,POINT (47505.28134891874 168828.68974604644),,Palingbeek_sinus_2022_06,Butterflies,10.229555651568404
10029,10029,2022-09-22,p6,Palingbeek,sinus,V,Dagvlinders,1,Pieris,50.82079559957911,2.91391168666717,4,GSM,2022,POINT (47491.764906245226 168821.26991521567),,Palingbeek_sinus_2022_06,Butterflies,7.321058904578559
10030,10030,2022-09-22,p6,Palingbeek,sinus,V,Dagvlinders,1,Pieris,50.820747278678,2.91382388212058,3,GSM,2022,POINT (47485.47370927877 168816.0168971438),,Palingbeek_sinus_2022_06,Butterflies,2.0312687165812213
10031,10031,2022-09-22,p6,Palingbeek,sinus,V,Dagvlinders,1,Pieris,50.8210346103187,2.91332784109088,11,GSM,2022,POINT (47451.15320406912 168848.65816320572),,Palingbeek_sinus_2022_06,Butterflies,9.527748271270628
10032,10032,2022-09-22,p6,Palingbeek,sinus,V,Dagvlinders,1,Pieris,50.821377262520706,2.91348458268019,4,GSM,2022,POINT (47462.94241852076 168886.55110204965),,Palingbeek_sinus_2022_06,Butterflies,5.7756628803167045
10033,10033,2022-09-22,p6,Palingbeek,sinus,V,Dagvlinders,1,Pieris,50.8213259652733,2.91394080966982,4,GSM,2022,POINT (47494.971978023925 168880.21626717597),,Palingbeek_sinus_2022_06,Butterflies,1.938870346280635
10039,10039,2022-09-22,p6,Kemmelberg,sinus,V,Dagvlinders,1,Pieris,50.7728011580657,2.79737024568281,3,GSM,2022,POINT (39168.4914008433 163650.85836584028),,Kemmelberg_sinus_2022_06,Butterflies,2.940048420818728
10040,10040,2022-09-22,p6,Kemmelberg,sinus,V,Dagvlinders,1,Pieris,50.7726402255251,2.79705223627649,9,GSM,2022,POINT (39145.68639997332 163633.43498920277),,Kemmelberg_sinus_2022_06,Butterflies,-4.529780586483013
10041,10041,2022-09-22,p6,Kemmelberg,sinus,V,Dagvlinders,1,Pieris,50.7726548519458,2.79702331871054,3,GSM,2022,POINT (39143.68152719723 163635.10480075143),,Kemmelberg_sinus_2022_06,Butterflies,-2.047446476986971
10042,10042,2022-09-22,p6,Kemmelberg,sinus,V,Dagvlinders,1,Pieris,50.7726275008832,2.79657386820111,4,GSM,2022,POINT (39111.92145808315 163632.73381418642),,Kemmelberg_sinus_2022_06,Butterflies,0.4680009427040114
10043,10043,2022-09-22,p6,Kemmelberg,sinus,V,Dagvlinders,1,Pieris,50.7726211147855,2.79654370621107,3,GSM,2022,POINT (39109.779370567005 163632.06861811224),,Kemmelberg_sinus_2022_06,Butterflies,0.8747526271749665
10044,10044,2022-09-22,p6,Kemmelberg,sinus,V,Dagvlinders,1,Pieris,50.77272815168929,2.7964333165463,4,GSM,2022,POINT (39102.24658083533 163644.1373731736),,Kemmelberg_sinus_2022_06,Butterflies,15.061899070297592
10045,10045,2022-09-22,p6,Kemmelberg,sinus,V,Dagvlinders,1,Pieris,50.77291745382551,2.79682688332526,43,GSM,2022,POINT (39130.44681169522 163664.6028741328),,Kemmelberg_sinus_2022_06,Butterflies,12.42816421831537
10046,10046,2022-09-22,p6,Kemmelberg,sinus,V,Dagvlinders,1,Pieris,50.7728947680132,2.79740905594829,36,GSM,2022,POINT (39171.44858198169 163661.21116595715),,Kemmelberg_sinus_2022_06,Butterflies,13.685563174060732
10047,10047,2022-09-22,p6,Kemmelberg,sinus,V,Dagvlinders,1,Pieris,50.7731409221887,2.79798541162497,4,GSM,2022,POINT (39212.6724971386 163687.72713725828),,Kemmelberg_sinus_2022_06,Butterflies,0.1
10054,10054,2022-09-22,p6,Kemmelberg,blok,V,Dagvlinders,1,Pieris,50.7774157310377,2.7957197651293,3,GSM,2022,POINT (39062.96746820655 164166.5257304972),,Kemmelberg_blok_2022_06,Butterflies,-6.483685730656884
10055,10055,2022-09-22,p6,Kemmelberg,blok,V,Dagvlinders,1,Pieris,50.7772317901729,2.79587843455634,4,GSM,2022,POINT (39073.72264285189 164145.83203312103),,Kemmelberg_blok_2022_06,Butterflies,-13.081112937276938
10056,10056,2022-09-22,p6,Kemmelberg,blok,V,Dagvlinders,1,Pieris,50.7772846799819,2.79588036239407,4,GSM,2022,POINT (39073.9831466286 164151.71122722328),,Kemmelberg_blok_2022_06,Butterflies,-8.817119421532837
10057,10057,2022-09-22,p6,Kemmelberg,blok,V,Dagvlinders,1,Pieris,50.7779666735332,2.79711644165478,3,GSM,2022,POINT (39162.749006399245 164225.71323501132),,Kemmelberg_blok_2022_06,Butterflies,106.2570702357035
10058,10058,2022-09-22,p6,Kemmelberg,blok,V,Dagvlinders,1,Pieris,50.7783136843245,2.79696313664577,3,GSM,2022,POINT (39152.75571292349 164264.5343730962),,Kemmelberg_blok_2022_06,Butterflies,125.97196992506967
10061,10061,2022-09-23,p6,Waarmaarde2,sinus,V,Dagvlinders,1,Pieris,50.7814817922662,3.4712527971747,3,GSM,2022,POINT (86706.77013066638 163826.64293537382),,,Butterflies,
10062,10062,2022-09-23,p6,Waarmaarde2,sinus,V,Dagvlinders,1,Pieris,50.781348268549,3.47091659903849,4,GSM,2022,POINT (86682.88252242765 163812.077417518),,,Butterflies,
10063,10063,2022-09-23,p6,Waarmaarde2,sinus,V,Dagvlinders,1,Pieris,50.7811673451688,3.47096412442947,3,GSM,2022,POINT (86685.99079523743 163791.91269471962),,,Butterflies,
10064,10064,2022-09-23,p6,Waarmaarde2,sinus,V,Dagvlinders,1,Pieris,50.7814068580522,3.47146544605816,4,GSM,2022,POINT (86721.66513679127 163818.12684677262),,,Butterflies,
10067,10067,2022-09-23,p6,Waarmaarde2,blok,V,Dagvlinders,1,Pieris,50.7805252847147,3.46919462812225,4,GSM,2022,POINT (86560.34336125298 163722.00508357957),,,Butterflies,
10068,10068,2022-09-23,p6,Waarmaarde2,blok,V,Dagvlinders,1,Pieris,50.7802838261665,3.46900127338524,4,GSM,2022,POINT (86546.38280802249 163695.3125941716),,,Butterflies,
10069,10069,2022-09-23,p6,Waarmaarde2,blok,V,Dagvlinders,1,Pieris,50.7801529253377,3.46916184760953,5,GSM,2022,POINT (86557.53025139568 163680.61531011667),,,Butterflies,
10070,10070,2022-09-23,p6,Waarmaarde2,blok,V,Dagvlinders,1,Pieris,50.780343320268,3.4689680580082,7,GSM,2022,POINT (86544.12058888964 163701.9585228851),,,Butterflies,
10074,10074,2022-09-30,p6,Waarmaarde,sinus,V,Dagvlinders,1,Pieris,50.7939318521424,3.49370590411452,6,GSM,2022,POINT (88306.43798787377 165192.59344913624),,Waarmaarde_sinus_2022_06,Butterflies,1.477562638163204
10075,10075,2022-09-30,p6,Waarmaarde,sinus,V,Dagvlinders,1,Pieris,50.7940902701124,3.49403740838495,4,GSM,2022,POINT (88330.01646709397 165209.93934035487),,Waarmaarde_sinus_2022_06,Butterflies,8.892315628294021
10076,10076,2022-09-30,p6,Waarmaarde,sinus,V,Dagvlinders,1,Pieris,50.7947506194342,3.49449279138549,52,GSM,2022,POINT (88362.98505963027 165283.0131399706),,Waarmaarde_sinus_2022_06,Butterflies,55.722779905675374
10080,10080,2022-09-30,p6,Waarmaarde,blok,V,Dagvlinders,1,Pieris,50.7932017045568,3.49278582260337,3,GSM,2022,POINT (88240.61484094753 165112.1423727069),,Waarmaarde_blok_2022_06,Butterflies,-5.743253420533992
10081,10081,2022-09-30,p6,Waarmaarde,blok,V,Dagvlinders,1,Pieris,50.7934983401104,3.49234803580072,4,GSM,2022,POINT (88210.13956073878 165145.50149805006),,Waarmaarde_blok_2022_06,Butterflies,37.66777731228748
10087,10087,2022-05-14,p1,Muziekbos,sinus,V,Dagvlinders,1,Polyommatus,50.7685171254452,3.65561535582286,3,GSM,2022,POINT (99694.06510722719 162243.6451182114),,,Butterflies,
10088,10088,2022-05-14,p1,Muziekbos,sinus,V,Dagvlinders,1,Polyommatus,50.7685470488395,3.6555459536646,3,GSM,2022,POINT (99689.20144014203 162247.0205736272),,,Butterflies,
10089,10089,2022-05-14,p1,Muziekbos,sinus,V,Dagvlinders,1,Polyommatus,50.7683922769977,3.6553657427464095,4,GSM,2022,POINT (99676.32417304143 162229.92679457087),,,Butterflies,
10090,10090,2022-05-14,p2,Muziekbos,sinus,V,Dagvlinders,1,Polyommatus,50.768352169590706,3.6554685048793,5,GSM,2022,POINT (99683.53018679112 162225.39594093245),,,Butterflies,
10091,10091,2022-05-14,p2,Muziekbos,sinus,V,Dagvlinders,1,Polyommatus,50.7683413569356,3.65515527315778,3,GSM,2022,POINT (99661.42328725537 162224.405316771),,,Butterflies,
10092,10092,2022-05-14,p2,Muziekbos,sinus,V,Dagvlinders,1,Polyommatus,50.7683971804108,3.65509131923658,4,GSM,2022,POINT (99656.9716051273 162230.6580632534),,,Butterflies,
10093,10093,2022-05-14,p2,Muziekbos,sinus,V,Dagvlinders,1,Polyommatus,50.768657606142305,3.65539139137012,3,GSM,2022,POINT (99678.41670524041 162259.422865225),,,Butterflies,
10094,10094,2022-05-14,p2,Muziekbos,sinus,V,Dagvlinders,1,Polyommatus,50.7686278922959,3.65562851541084,4,GSM,2022,POINT (99695.11160259877 162255.95717424527),,,Butterflies,
10095,10095,2022-05-14,p2,Muziekbos,sinus,V,Dagvlinders,1,Polyommatus,50.7686285628478,3.6554928123985,3,GSM,2022,POINT (99685.53988980108 162256.12361986283),,,Butterflies,
10101,10101,2022-05-14,p2,Muziekbos,blok,V,Dagvlinders,1,Polyommatus,50.7695591636474,3.65626126528126,5,GSM,2022,POINT (99740.73855869463 162359.1175082447),,,Butterflies,
10102,10102,2022-05-14,p2,Muziekbos,blok,V,Dagvlinders,1,Polyommatus,50.7695015380631,3.6561828944866095,3,GSM,2022,POINT (99735.148971293 162352.76062115096),,,Butterflies,
10103,10103,2022-05-14,p2,Muziekbos,blok,V,Dagvlinders,1,Polyommatus,50.7693724567543,3.65645170212132,3,GSM,2022,POINT (99753.97257955189 162338.22071530484),,,Butterflies,
10104,10104,2022-05-14,p2,Muziekbos,blok,V,Dagvlinders,1,Polyommatus,50.769361686009,3.65643703379077,4,GSM,2022,POINT (99752.92641583545 162337.03256590385),,,Butterflies,
10105,10105,2022-05-14,p2,Muziekbos,blok,V,Dagvlinders,1,Polyommatus,50.7694856543566,3.65587561391634,3,GSM,2022,POINT (99713.45699395951 162351.20168228354),,,Butterflies,
10106,10106,2022-05-17,p2,Palingbeek,blok,V,Dagvlinders,1,Polyommatus,50.778315612162494,2.79716044664643,4,GSM,2022,POINT (39166.67306896184 164264.45436639246),,,Butterflies,
10107,10107,2022-05-18,p2,Waarmaarde,sinus,V,Dagvlinders,1,Polyommatus,50.7939107688861,3.49378222816154,4,GSM,2022,POINT (88311.79121864629 165190.18496528454),,,Butterflies,
10108,10108,2022-05-18,p2,Waarmaarde,sinus,V,Dagvlinders,1,Polyommatus,50.7941750949721,3.49381134845641,6,GSM,2022,POINT (88314.19039352046 165219.56216390897),,,Butterflies,
10113,10113,2022-05-18,p2,Waarmaarde,blok,V,Dagvlinders,1,Polyommatus,50.7933138963311,3.49212348461476,9,GSM,2022,POINT (88194.06652527241 165125.1723007504),,,Butterflies,
10114,10114,2022-05-18,p2,Waarmaarde,blok,V,Dagvlinders,1,Polyommatus,50.793454628485,3.49256185815063,3,GSM,2022,POINT (88225.15683909769 165140.46161757316),,,Butterflies,
10115,10115,2022-05-18,p2,Waarmaarde2,blok,V,Dagvlinders,1,Polyommatus,50.78026993670569,3.46910501830602,3,GSM,2022,POINT (86553.68021102923 163693.67907599453),,,Butterflies,
10116,10116,2022-05-18,p2,Waarmaarde2,blok,V,Dagvlinders,1,Polyommatus,50.780393108773104,3.46955965273405,4,GSM,2022,POINT (86585.90690938802 163706.9915008936),,,Butterflies,
10121,10121,2022-05-18,p2,Waarmaarde2,sinus,V,Dagvlinders,1,Polyommatus,50.7815838838472,3.47120493650759,4,GSM,2022,POINT (86703.53224186896 163838.03941827826),,,Butterflies,
10122,10122,2022-05-18,p2,Waarmaarde2,sinus,V,Dagvlinders,1,Polyommatus,50.781550314324704,3.47112136893297,3,GSM,2022,POINT (86697.59409634063 163834.37664422207),,,Butterflies,
10123,10123,2022-05-18,p2,Waarmaarde2,sinus,V,Dagvlinders,1,Polyommatus,50.78139248456,3.47114906458582,4,GSM,2022,POINT (86699.33507593174 163816.79753957037),,,Butterflies,
10124,10124,2022-05-18,p2,Waarmaarde2,sinus,V,Dagvlinders,1,Polyommatus,50.781421400653905,3.47143418155933,8,GSM,2022,POINT (86719.47994527331 163819.77105437499),,,Butterflies,
10129,10129,2022-05-22,p2,Kemmelberg,sinus,V,Dagvlinders,1,Polyommatus,50.7729363162543,2.79681117274127,10,GSM,2022,POINT (39129.3832901299 163666.7240816923),,,Butterflies,
10130,10130,2022-05-22,p2,Kemmelberg,sinus,V,Dagvlinders,1,Polyommatus,50.7726276107605,2.79637573287151,3,GSM,2022,POINT (39097.949016290746 163633.04182059597),,,Butterflies,
10131,10131,2022-05-22,p2,Kemmelberg,sinus,V,Dagvlinders,1,Polyommatus,50.7729716878857,2.79656030237935,7,GSM,2022,POINT (39111.775047495175 163671.03234854992),,,Butterflies,
10132,10132,2022-05-22,p2,Kemmelberg,sinus,V,Dagvlinders,1,Polyommatus,50.7729721069811,2.7971085626658,5,GSM,2022,POINT (39150.43961573251 163670.26067991927),,,Butterflies,
10135,10135,2022-05-22,p2,Kemmelberg,blok,V,Dagvlinders,1,Polyommatus,50.778214610229,2.79668058268986,4,GSM,2022,POINT (39132.598914576054 164253.93763505016),,,Butterflies,
10136,10136,2022-05-22,p2,Kemmelberg,blok,V,Dagvlinders,1,Polyommatus,50.7775725564464,2.79610223137102,4,GSM,2022,POINT (39090.305917759484 164183.3957592873),,,Butterflies,
10146,10146,2022-06-20,p3,Muziekbos,sinus,V,Dagvlinders,1,Polyommatus,50.7683205698158,3.65535132587296,3,GSM,2022,POINT (99675.23064520306 162221.960330002),before,,Butterflies,
10147,10147,2022-06-20,p3,Muziekbos,sinus,V,Dagvlinders,1,Polyommatus,50.7687774546321,3.65560141909321,44,GSM,2022,POINT (99693.35987517137 162272.61182814557),before,,Butterflies,
10148,10148,2022-06-21,p3,Palingbeek,blok,V,Dagvlinders,1,Polyommatus,50.8221616829287,2.91188020259413,6,GSM,2022,POINT (47351.624645633405 168976.00894981343),before,,Butterflies,
10152,10152,2022-06-21,p3,Palingbeek,sinus,V,Dagvlinders,1,Polyommatus,50.8207089691123,2.91444779615148,4,GSM,2022,POINT (47529.345776369926 168810.89535346534),before,,Butterflies,
10153,10153,2022-06-21,p3,Palingbeek,sinus,V,Dagvlinders,1,Polyommatus,50.8209018409728,2.91404063813659,5,GSM,2022,POINT (47501.08109713478 168832.9080034662),before,,Butterflies,
10154,10154,2022-08-02,p4,Waarmaarde,sinus,V,Dagvlinders,1,Polyommatus,50.7940463489394,3.49370196462002,8,GSM,2022,POINT (88306.31023110975 165205.33236349747),after,Waarmaarde_sinus_2022_06,Butterflies,2.1939412649462295
10155,10155,2022-08-02,p4,Waarmaarde,sinus,V,Dagvlinders,1,Polyommatus,50.7941459259491,3.49372006953088,3,GSM,2022,POINT (88307.71705578567 165216.3934271969),after,Waarmaarde_sinus_2022_06,Butterflies,8.871900851762334
10156,10156,2022-08-02,p4,Waarmaarde,sinus,V,Dagvlinders,1,Polyommatus,50.7942020847003,3.49433840252784,4,GSM,2022,POINT (88351.38284005279 165222.12688745745),after,Waarmaarde_sinus_2022_06,Butterflies,-1.4873645733905505
10159,10159,2022-08-02,p4,Waarmaarde,blok,V,Dagvlinders,1,Polyommatus,50.7930668397348,3.49241073243645,3,GSM,2022,POINT (88213.99366276173 165097.45297685266),after,Waarmaarde_blok_2022_06,Butterflies,-6.778770705195587
10160,10160,2022-08-02,p4,Waarmaarde,blok,V,Dagvlinders,1,Polyommatus,50.7933467953007,3.49238097668019,3,GSM,2022,POINT (88212.26310738074 165128.61756619439),after,Waarmaarde_blok_2022_06,Butterflies,21.723263804624676
10161,10161,2022-08-02,p4,Waarmaarde,blok,V,Dagvlinders,1,Polyommatus,50.7933470886673,3.49237661809054,3,GSM,2022,POINT (88211.95620794136 165128.65382189304),after,Waarmaarde_blok_2022_06,Butterflies,21.877449744562615
10166,10166,2022-08-02,p4,Waarmaarde2,sinus,V,Dagvlinders,1,Polyommatus,50.7814988913487,3.4712028410318,3,GSM,2022,POINT (86703.27027798962 163828.58742987923),after,,Butterflies,
10167,10167,2022-08-02,p4,Waarmaarde2,sinus,V,Dagvlinders,1,Polyommatus,50.7815024955674,3.47096848301912,4,GSM,2022,POINT (86686.748578595 163829.18798411265),after,,Butterflies,
10168,10168,2022-08-02,p4,Waarmaarde2,sinus,V,Dagvlinders,1,Polyommatus,50.7813459286034,3.4708336034367,4,GSM,2022,POINT (86677.02664478049 163811.8878663443),after,,Butterflies,
10169,10169,2022-08-02,p4,Waarmaarde2,sinus,V,Dagvlinders,1,Polyommatus,50.7811910240455,3.47094409168089,4,GSM,2022,POINT (86684.60993244938 163794.5635808492),after,,Butterflies,
10170,10170,2022-08-02,p4,Waarmaarde2,sinus,V,Dagvlinders,1,Polyommatus,50.7809441769968,3.47110904753531,3,GSM,2022,POINT (86695.91073054212 163766.9660801515),after,,Butterflies,
10173,10173,2022-08-02,p4,Waarmaarde2,blok,V,Dagvlinders,1,Polyommatus,50.7806791412185,3.46928623505259,14,GSM,2022,POINT (86567.01062455673 163739.04043348227),after,,Butterflies,
10174,10174,2022-08-02,p4,Waarmaarde2,blok,V,Dagvlinders,1,Polyommatus,50.780423996086,3.46925304271603,3,GSM,2022,POINT (86564.32636101767 163710.68881832715),after,,Butterflies,
10175,10175,2022-08-02,p4,Waarmaarde2,blok,V,Dagvlinders,1,Polyommatus,50.7803787338092,3.46929050982321,4,GSM,2022,POINT (86566.90759625295 163705.6222832827),after,,Butterflies,
10176,10176,2022-08-02,p4,Waarmaarde2,blok,V,Dagvlinders,1,Polyommatus,50.7794034526233,3.4676277302868,40,GSM,2022,POINT (86448.3327710198 163598.56194257643),after,,Butterflies,
10177,10177,2022-08-02,p4,Waarmaarde2,blok,V,Dagvlinders,1,Polyommatus,50.7804082381083,3.46958639100517,5,GSM,2022,POINT (86587.81285647699 163708.65152834263),after,,Butterflies,
10178,10178,2022-08-02,p4,Waarmaarde2,blok,V,Dagvlinders,1,Polyommatus,50.7803718606483,3.46957884729231,3,GSM,2022,POINT (86587.23190932187 163704.61167859193),after,,Butterflies,
10179,10179,2022-08-02,p4,Waarmaarde2,blok,V,Dagvlinders,1,Polyommatus,50.7804789394616,3.46919897944058,4,GSM,2022,POINT (86560.58780746833 163716.8463577954),after,,Butterflies,
10180,10180,2022-08-05,p4,Palingbeek,sinus,V,Dagvlinders,1,Polyommatus,50.8207690979469,2.91382912585354,4,GSM,2022,POINT (47485.89067022099 168818.43636950664),after,Palingbeek_sinus_2022_06,Butterflies,4.41518350816999
10183,10183,2022-08-05,p4,Palingbeek,blok,V,Dagvlinders,1,Polyommatus,50.822733117779,2.91153670315519,4,GSM,2022,POINT (47328.67228748395 169040.03782515973),after,Palingbeek_blok_2022_06,Butterflies,-2.3089697322058798
10184,10184,2022-08-05,p4,Palingbeek,blok,V,Dagvlinders,1,Polyommatus,50.8229821455206,2.91142498143288,3,GSM,2022,POINT (47321.345105328626 169067.88875692338),after,Palingbeek_blok_2022_06,Butterflies,-28.269551812679154
10185,10185,2022-08-05,p4,Palingbeek,blok,V,Dagvlinders,1,Polyommatus,50.8223182568799,2.91217717342349,3,GSM,2022,POINT (47372.88744201239 168993.01257691998),after,Palingbeek_blok_2022_06,Butterflies,61.95000998219661
10186,10186,2022-08-05,p4,Palingbeek,blok,V,Dagvlinders,1,Polyommatus,50.8226540880673,2.91290990861149,4,GSM,2022,POINT (47425.23984420662 169029.35124186613),after,Palingbeek_blok_2022_06,Butterflies,64.73485464968822
10187,10187,2022-08-05,p4,Palingbeek,blok,V,Dagvlinders,1,Polyommatus,50.8225028142979,2.91225833177742,4,GSM,2022,POINT (47379.00744767976 169013.42667868733),after,Palingbeek_blok_2022_06,Butterflies,50.390081107964946
10192,10192,2022-08-06,p4,Muziekbos,sinus,V,Dagvlinders,1,Polyommatus,50.768398605334305,3.65533087402922,3,GSM,2022,POINT (99673.87129446652 162230.65432624612),after,Muziekbos_sinus_2022_06,Butterflies,9.449321538115374
10193,10193,2022-08-06,p4,Muziekbos,sinus,V,Dagvlinders,1,Polyommatus,50.768430163200094,3.65520120598716,4,GSM,2022,POINT (99664.75822773133 162234.2524212096),after,Muziekbos_sinus_2022_06,Butterflies,6.063263902022952
10194,10194,2022-08-06,p4,Muziekbos,sinus,V,Dagvlinders,1,Polyommatus,50.7686564162427,3.6553496306834,4,GSM,2022,POINT (99675.46965689026 162259.31878426298),after,Muziekbos_sinus_2022_06,Butterflies,6.101907627553085
10195,10195,2022-08-06,p4,Muziekbos,blok,V,Dagvlinders,1,Polyommatus,50.769476727629694,3.6562771908972898,5,GSM,2022,POINT (99741.77401811298 162349.93710526265),after,Muziekbos_blok_2022_06,Butterflies,3.615561094117795
10196,10196,2022-08-06,p4,Muziekbos,blok,V,Dagvlinders,1,Polyommatus,50.7692598458852,3.65646620281381,5,GSM,2022,POINT (99754.87538705618 162325.684829209),after,Muziekbos_blok_2022_06,Butterflies,-0.15853598316025744
10197,10197,2022-08-06,p4,Muziekbos,blok,V,Dagvlinders,1,Polyommatus,50.7694153720988,3.65625942126256,4,GSM,2022,POINT (99740.4551516668 162343.1243407838),after,Muziekbos_blok_2022_06,Butterflies,-2.8417564326504126
10201,10201,2022-08-10,p4,Kemmelberg,sinus,V,Dagvlinders,1,Polyommatus,50.7729296498246,2.79791473514352,4,GSM,2022,POINT (39207.19143730358 163664.3361708494),after,Kemmelberg_sinus_2022_06,Butterflies,-2.432624877463295
10202,10202,2022-08-10,p4,Kemmelberg,sinus,V,Dagvlinders,1,Polyommatus,50.772838499444305,2.79807164334021,9,GSM,2022,POINT (39218.042318657215 163653.96498936322),after,Kemmelberg_sinus_2022_06,Butterflies,-0.47810152804486594
10203,10203,2022-08-10,p4,Kemmelberg,sinus,V,Dagvlinders,1,Polyommatus,50.772743993486,2.79734719544909,3,GSM,2022,POINT (39166.73137492723 163644.53527549002),after,Kemmelberg_sinus_2022_06,Butterflies,-3.4027299232713495
10204,10204,2022-08-10,p4,Kemmelberg,sinus,V,Dagvlinders,1,Polyommatus,50.7727167103912,2.79723999090753,3,GSM,2022,POINT (39159.107020510084 163641.66097977478),after,Kemmelberg_sinus_2022_06,Butterflies,-6.765996428638807
10205,10205,2022-08-10,p4,Kemmelberg,sinus,V,Dagvlinders,1,Polyommatus,50.7726801652937,2.79713027179501,4,GSM,2022,POINT (39151.283531566674 163637.76038647164),after,Kemmelberg_sinus_2022_06,Butterflies,-8.114840974130093
10206,10206,2022-08-10,p4,Kemmelberg,sinus,V,Dagvlinders,1,Polyommatus,50.7727395988458,2.79702076525738,4,GSM,2022,POINT (39143.70090290264 163644.53362219222),after,Kemmelberg_sinus_2022_06,Butterflies,1.78998601881011
10207,10207,2022-08-10,p4,Kemmelberg,sinus,V,Dagvlinders,1,Polyommatus,50.7727821916088,2.79647881886692,4,GSM,2022,POINT (39105.58266703614 163650.07941938378),after,Kemmelberg_sinus_2022_06,Butterflies,15.16176452534403
10208,10208,2022-08-10,p4,Kemmelberg,sinus,V,Dagvlinders,1,Polyommatus,50.7729143975775,2.79615646228454,4,GSM,2022,POINT (39083.161147410865 163665.26379966922),after,Kemmelberg_sinus_2022_06,Butterflies,-7.561173172759166
10209,10209,2022-08-10,p4,Kemmelberg,blok,V,Dagvlinders,1,Polyommatus,50.776946300169,2.795726740345,4,GSM,2022,POINT (39062.35362355625 164114.30815953668),after,Kemmelberg_blok_2022_06,Butterflies,-43.13047947899641
10210,10210,2022-08-10,p4,Kemmelberg,blok,V,Dagvlinders,1,Polyommatus,50.776921073022,2.79574734159074,3,GSM,2022,POINT (39063.74689128956 164111.47178858146),after,Kemmelberg_blok_2022_06,Butterflies,-44.09303895087579
10211,10211,2022-08-10,p4,Kemmelberg,blok,V,Dagvlinders,1,Polyommatus,50.777020090320306,2.79576770631304,4,GSM,2022,POINT (39065.416118956884 164122.45345779601),after,Kemmelberg_blok_2022_06,Butterflies,-35.27615976198957
10212,10212,2022-08-10,p4,Kemmelberg,blok,V,Dagvlinders,1,Polyommatus,50.7771300338681,2.79587642289958,3,GSM,2022,POINT (39073.34113955025 164134.51833920833),after,Kemmelberg_blok_2022_06,Butterflies,-21.200247865479824
10218,10218,2022-08-24,p5,Palingbeek,sinus,V,Dagvlinders,1,Polyommatus,50.8210915976305,2.91450996296992,38,GSM,2022,POINT (47534.558680748625 168853.36502152216),,Palingbeek_sinus_2022_06,Butterflies,8.644914097889433
10219,10219,2022-08-24,p5,Palingbeek,sinus,V,Dagvlinders,1,Polyommatus,50.8207298862293,2.91511000134322,4,GSM,2022,POINT (47576.044498333824 168812.30849358998),,Palingbeek_sinus_2022_06,Butterflies,7.397263364871404
10220,10220,2022-08-24,p5,Palingbeek,sinus,V,Dagvlinders,1,Polyommatus,50.8205881063368,2.91515174322101,17,GSM,2022,POINT (47578.676675970506 168796.4823754998),,Palingbeek_sinus_2022_06,Butterflies,2.2353379785932836
10221,10221,2022-08-24,p5,Palingbeek,sinus,V,Dagvlinders,1,Polyommatus,50.8205275889962,2.91513564996692,8,GSM,2022,POINT (47577.41116303555 168789.77390779182),,Palingbeek_sinus_2022_06,Butterflies,0.6257970827599311
10222,10222,2022-08-24,p5,Palingbeek,sinus,V,Dagvlinders,1,Polyommatus,50.8203560533475,2.91506473906609,11,GSM,2022,POINT (47572.04200431764 168770.79371839948),,Palingbeek_sinus_2022_06,Butterflies,-4.2739316481018195
10223,10223,2022-08-24,p5,Palingbeek,sinus,V,Dagvlinders,1,Polyommatus,50.8203226095538,2.91460348293456,3,GSM,2022,POINT (47539.47286268399 168767.71023521852),,Palingbeek_sinus_2022_06,Butterflies,2.2182854280772055
10224,10224,2022-08-24,p5,Palingbeek,sinus,V,Dagvlinders,1,Polyommatus,50.8203687519311,2.91448404081437,42,GSM,2022,POINT (47531.15842238469 168773.00687439926),,Palingbeek_sinus_2022_06,Butterflies,4.4675575628860065
10225,10225,2022-08-24,p5,Palingbeek,sinus,V,Dagvlinders,1,Polyommatus,50.8206851687755,2.91390040889653,3,GSM,2022,POINT (47490.7298107588 168809.00351754017),,Palingbeek_sinus_2022_06,Butterflies,-4.685978287845593
10226,10226,2022-08-24,p5,Palingbeek,sinus,V,Dagvlinders,1,Polyommatus,50.8206913713842,2.91390283964845,4,GSM,2022,POINT (47490.914572176436 168809.69000879396),,Palingbeek_sinus_2022_06,Butterflies,-4.002173068576043
10227,10227,2022-08-24,p5,Palingbeek,sinus,V,Dagvlinders,1,Polyommatus,50.8207681077074,2.91356446221742,3,GSM,2022,POINT (47467.2426536516 168818.6914997492),,Palingbeek_sinus_2022_06,Butterflies,-2.422803483380862
10228,10228,2022-08-24,p5,Palingbeek,sinus,V,Dagvlinders,1,Polyommatus,50.8207086381044,2.91387417353961,22,GSM,2022,POINT (47488.932622981476 168811.64994635154),,Palingbeek_sinus_2022_06,Butterflies,-2.026037765716076
10229,10229,2022-08-24,p5,Palingbeek,sinus,V,Dagvlinders,1,Polyommatus,50.8207881823655,2.91360662319037,3,GSM,2022,POINT (47470.25668261251 168820.86598409712),,Palingbeek_sinus_2022_06,Butterflies,1.0937475880817966
10230,10230,2022-08-24,p5,Palingbeek,sinus,V,Dagvlinders,1,Polyommatus,50.82108557229,2.91295191273364,3,GSM,2022,POINT (47424.77985904932 168854.84509750362),,Palingbeek_sinus_2022_06,Butterflies,-11.077395387072823
10231,10231,2022-08-24,p5,Palingbeek,sinus,V,Dagvlinders,1,Polyommatus,50.8211575478003,2.91292650789182,4,GSM,2022,POINT (47423.14696840725 168862.88519145828),,Palingbeek_sinus_2022_06,Butterflies,14.660721651560543
10232,10232,2022-08-24,p5,Palingbeek,sinus,V,Dagvlinders,1,Polyommatus,50.821364522027906,2.91340855881843,4,GSM,2022,POINT (47457.558755791295 168885.23905966897),,Palingbeek_sinus_2022_06,Butterflies,0.7994257167233694
10235,10235,2022-08-24,p5,Palingbeek,blok,V,Dagvlinders,1,Polyommatus,50.8227604022722,2.91150259785625,4,GSM,2022,POINT (47326.329166412586 169043.11950548645),,Palingbeek_blok_2022_06,Butterflies,-6.177553657280326
10236,10236,2022-08-24,p5,Palingbeek,blok,V,Dagvlinders,1,Polyommatus,50.8227555826782,2.91149488650533,4,GSM,2022,POINT (47325.77539970921 169042.59413511027),,Palingbeek_blok_2022_06,Butterflies,-6.122992986292129
10237,10237,2022-08-24,p5,Palingbeek,blok,V,Dagvlinders,1,Polyommatus,50.8227529004689,2.91149488650533,3,GSM,2022,POINT (47325.76954708168 169042.29582356103),,Palingbeek_blok_2022_06,Butterflies,-5.896171608278047
10238,10238,2022-08-24,p5,Palingbeek,blok,V,Dagvlinders,1,Polyommatus,50.8225028120564,2.91205130742259,4,GSM,2022,POINT (47364.42288137895 169013.7124368325),,Palingbeek_blok_2022_06,Butterflies,40.70439218835534
10239,10239,2022-08-24,p5,Palingbeek,blok,V,Dagvlinders,1,Polyommatus,50.8223547600683,2.91220986284586,5,GSM,2022,POINT (47375.26998430968 168997.0272506131),,Palingbeek_blok_2022_06,Butterflies,60.438900028176704
10240,10240,2022-08-24,p5,Palingbeek,blok,V,Dagvlinders,1,Polyommatus,50.8223616751384,2.91239476762983,12,GSM,2022,POINT (47388.311375470905 168997.540911261),,Palingbeek_blok_2022_06,Butterflies,68.51279488861967
10241,10241,2022-08-24,p5,Palingbeek,blok,V,Dagvlinders,1,Polyommatus,50.8227369329437,2.91298803873631,4,GSM,2022,POINT (47430.924563757886 169038.4572572969),,Palingbeek_blok_2022_06,Butterflies,61.04060621884854
10242,10242,2022-08-24,p5,Palingbeek,blok,V,Dagvlinders,1,Polyommatus,50.8227220131557,2.91306171566519,4,GSM,2022,POINT (47436.082450203976 169036.69617424067),,Palingbeek_blok_2022_06,Butterflies,65.58095326715886
10243,10243,2022-08-24,p5,Palingbeek,blok,V,Dagvlinders,1,Polyommatus,50.8227553312208,2.91223526001247,3,GSM,2022,POINT (47377.93279200929 169041.54313255008),,Palingbeek_blok_2022_06,Butterflies,28.379256696473433
10247,10247,2022-08-25,p5,Waarmaarde,sinus,V,Dagvlinders,1,Polyommatus,50.7939324188034,3.49371958844227,4,GSM,2022,POINT (88307.40347514047 165192.64511875995),,Waarmaarde_sinus_2022_06,Butterflies,0.6697923556833929
10248,10248,2022-08-25,p5,Waarmaarde,sinus,V,Dagvlinders,1,Polyommatus,50.7944110874559,3.49416129291382,4,GSM,2022,POINT (88339.17030966748 165245.52151614707),,Waarmaarde_sinus_2022_06,Butterflies,13.836975774136802
10249,10249,2022-08-25,p5,Waarmaarde,sinus,V,Dagvlinders,1,Polyommatus,50.7942356542228,3.49413388409045,4,GSM,2022,POINT (88337.00832356306 165226.0305653978),,Waarmaarde_sinus_2022_06,Butterflies,5.737517534734318
10250,10250,2022-08-25,p5,Waarmaarde,sinus,V,Dagvlinders,1,Polyommatus,50.7940867916222,3.49380103871551,3,GSM,2022,POINT (88313.34790651427 165209.7486128565),,Waarmaarde_sinus_2022_06,Butterflies,-4.915046834148347
10256,10256,2022-08-25,p5,Waarmaarde,blok,V,Dagvlinders,1,Polyommatus,50.7934259221117,3.49219518886858,4,GSM,2022,POINT (88199.26873352032 165137.57344845496),,Waarmaarde_blok_2022_06,Butterflies,35.35882103307965
10257,10257,2022-08-25,p5,Waarmaarde,blok,V,Dagvlinders,1,Polyommatus,50.79403737248369,3.49385343879158,43,GSM,2022,POINT (88316.9773773078 165204.20815328974),,Waarmaarde_blok_2022_06,Butterflies,111.28225862758367
10258,10258,2022-08-25,p5,Waarmaarde,blok,V,Dagvlinders,1,Polyommatus,50.7933313725992,3.49212616682377,4,GSM,2022,POINT (88194.2785565686 165127.11397953331),,Waarmaarde_blok_2022_06,Butterflies,28.43412245609297
10259,10259,2022-08-25,p5,Waarmaarde,blok,V,Dagvlinders,1,Polyommatus,50.7933458732917,3.49218023009923,5,GSM,2022,POINT (88198.10909212416 165128.68194716796),,Waarmaarde_blok_2022_06,Butterflies,28.05218844957968
10265,10265,2022-08-25,p5,Waarmaarde2,blok,V,Dagvlinders,1,Polyommatus,50.7787902868062,3.46657553739915,96,GSM,2022,POINT (86373.30250712382 163531.25959336385),,,Butterflies,
10266,10266,2022-08-25,p5,Waarmaarde2,blok,V,Dagvlinders,1,Polyommatus,50.780430743518,3.46921817399884,3,GSM,2022,POINT (86561.87650658768 163711.46910666022),,,Butterflies,
10267,10267,2022-08-25,p5,Waarmaarde2,blok,V,Dagvlinders,1,Polyommatus,50.7800995608838,3.46826493773203,54,GSM,2022,POINT (86494.20791728489 163675.44568985328),,,Butterflies,
10268,10268,2022-08-25,p5,Waarmaarde2,blok,V,Dagvlinders,1,Polyommatus,50.780210550922,3.46890041604961,4,GSM,2022,POINT (86539.17162858773 163687.2482739389),,,Butterflies,
10269,10269,2022-08-25,p5,Waarmaarde2,blok,V,Dagvlinders,1,Polyommatus,50.7803328847985,3.46959167160416,11,GSM,2022,POINT (86588.08381880881 163700.26542696822),,,Butterflies,
10270,10270,2022-08-25,p5,Waarmaarde2,blok,V,Dagvlinders,1,Polyommatus,50.7799249265839,3.46860823450654,69,GSM,2022,POINT (86518.182038105 163655.7276796978),,,Butterflies,
10271,10271,2022-08-25,p5,Waarmaarde2,blok,V,Dagvlinders,1,Polyommatus,50.7803418953444,3.46947181038881,3,GSM,2022,POINT (86579.64332477728 163701.36996725295),,,Butterflies,
10272,10272,2022-08-25,p5,Waarmaarde2,blok,V,Dagvlinders,1,Polyommatus,50.7803067751704,3.46941053867663,4,GSM,2022,POINT (86575.27515773408 163697.51582445856),,,Butterflies,
10279,10279,2022-08-25,p5,Waarmaarde2,sinus,V,Dagvlinders,1,Polyommatus,50.7814012840866,3.47127987072195,4,GSM,2022,POINT (86708.57115336088 163817.66489609703),,,Butterflies,
10280,10280,2022-08-25,p5,Waarmaarde2,sinus,V,Dagvlinders,1,Polyommatus,50.7814213168352,3.47125757485951,4,GSM,2022,POINT (86707.02579640137 163819.91214275733),,,Butterflies,
10281,10281,2022-08-25,p5,Waarmaarde2,sinus,V,Dagvlinders,1,Polyommatus,50.7814357337083,3.47126034088756,3,GSM,2022,POINT (86707.24022154446 163821.51338532753),,,Butterflies,
10282,10282,2022-08-25,p5,Waarmaarde2,sinus,V,Dagvlinders,1,Polyommatus,50.7814160706312,3.47121211575809,4,GSM,2022,POINT (86703.81304101308 163819.36732513644),,,Butterflies,
10283,10283,2022-08-25,p5,Waarmaarde2,sinus,V,Dagvlinders,1,Polyommatus,50.7813904295217,3.47111776471461,3,GSM,2022,POINT (86697.12509388934 163816.59561994113),,,Butterflies,
10284,10284,2022-08-25,p5,Waarmaarde2,sinus,V,Dagvlinders,1,Polyommatus,50.7811417803641,3.47079279832865,13,GSM,2022,POINT (86673.87471033284 163789.21509568207),,,Butterflies,
10285,10285,2022-08-25,p5,Waarmaarde2,sinus,V,Dagvlinders,1,Polyommatus,50.781021709601504,3.47096806392396,4,GSM,2022,POINT (86686.07287896596 163775.71019751765),,,Butterflies,
10295,10295,2022-08-29,p5,Kemmelberg,sinus,V,Dagvlinders,1,Polyommatus,50.7730317861314,2.79671964235864,12,GSM,2022,POINT (39123.153245083566 163677.47824874707),,Kemmelberg_sinus_2022_06,Butterflies,3.0576296734934005
10296,10296,2022-08-29,p5,Kemmelberg,sinus,V,Dagvlinders,1,Polyommatus,50.772917874400704,2.79682734902788,43,GSM,2022,POINT (39130.48064323318 163664.6489527654),,Kemmelberg_sinus_2022_06,Butterflies,12.373169306117399
10297,10297,2022-08-29,p5,Kemmelberg,sinus,V,Dagvlinders,1,Polyommatus,50.7732122065975,2.79784214683137,4,GSM,2022,POINT (39202.73710413482 163695.8686132226),,Kemmelberg_sinus_2022_06,Butterflies,9.846509716034983
10298,10298,2022-08-29,p5,Kemmelberg,sinus,V,Dagvlinders,1,Polyommatus,50.772954630713,2.79797650873921,4,GSM,2022,POINT (39211.606502118666 163667.02225529775),,Kemmelberg_sinus_2022_06,Butterflies,-6.540521560162328
10299,10299,2022-08-29,p5,Kemmelberg,sinus,V,Dagvlinders,1,Polyommatus,50.7730382821064,2.79800031334422,3,GSM,2022,POINT (39213.48196234665 163676.2899319101),,Kemmelberg_sinus_2022_06,Butterflies,-4.42607158206382
10300,10300,2022-08-29,p5,Kemmelberg,sinus,V,Dagvlinders,1,Polyommatus,50.7730057957026,2.79803490250803,4,GSM,2022,POINT (39215.84479854582 163672.62541415822),,Kemmelberg_sinus_2022_06,Butterflies,-7.9195593380170894
10301,10301,2022-08-29,p5,Kemmelberg,sinus,V,Dagvlinders,1,Polyommatus,50.772854734973905,2.79798372631445,4,GSM,2022,POINT (39211.88053371664 163655.90171897784),,Kemmelberg_sinus_2022_06,Butterflies,1.673399934059786
10302,10302,2022-08-29,p5,Kemmelberg,sinus,V,Dagvlinders,1,Polyommatus,50.7729024533658,2.79798556119464,6,GSM,2022,POINT (39212.122164674365 163661.2059199661),,Kemmelberg_sinus_2022_06,Butterflies,-2.8542773635560055
10303,10303,2022-08-29,p5,Kemmelberg,sinus,V,Dagvlinders,1,Polyommatus,50.7729999768092,2.79767090454958,4,GSM,2022,POINT (39190.161807862925 163672.52118768822),,Kemmelberg_sinus_2022_06,Butterflies,14.92435241881448
10304,10304,2022-08-29,p5,Kemmelberg,sinus,V,Dagvlinders,1,Polyommatus,50.7727777306466,2.79751039110384,4,GSM,2022,POINT (39178.319443471846 163648.04382999893),,Kemmelberg_sinus_2022_06,Butterflies,3.609064169677304
10305,10305,2022-08-29,p5,Kemmelberg,sinus,V,Dagvlinders,1,Polyommatus,50.7727756001004,2.79747043783685,5,GSM,2022,POINT (39175.496894822834 163647.8664897289),,Kemmelberg_sinus_2022_06,Butterflies,2.471048492690619
10306,10306,2022-08-29,p5,Kemmelberg,sinus,V,Dagvlinders,1,Polyommatus,50.7724864916735,2.79683802564454,18,GSM,2022,POINT (39130.21820806361 163616.65737896413),,Kemmelberg_sinus_2022_06,Butterflies,12.988452535836215
10307,10307,2022-08-29,p5,Kemmelberg,sinus,V,Dagvlinders,1,Polyommatus,50.772603177513105,2.79623860493562,4,GSM,2022,POINT (39088.22108728689 163630.52924442012),,Kemmelberg_sinus_2022_06,Butterflies,3.232744576568138
10313,10313,2022-08-29,p5,Kemmelberg,blok,V,Dagvlinders,1,Polyommatus,50.7771880785476,2.79609753750525,3,GSM,2022,POINT (39089.06955383395 164140.64354264364),,Kemmelberg_blok_2022_06,Butterflies,-5.619323243805491
10314,10314,2022-08-29,p5,Kemmelberg,blok,V,Dagvlinders,1,Polyommatus,50.7769864462261,2.79581330815875,4,GSM,2022,POINT (39068.55246515495 164118.64367288724),,Kemmelberg_blok_2022_06,Butterflies,-35.657541136603406
10315,10315,2022-08-29,p5,Kemmelberg,blok,V,Dagvlinders,1,Polyommatus,50.776852802420706,2.7956666238632,3,GSM,2022,POINT (39057.894307045906 164103.99970903806),,Kemmelberg_blok_2022_06,Butterflies,-53.49119935963968
10316,10316,2022-08-29,p5,Kemmelberg,blok,V,Dagvlinders,1,Polyommatus,50.7767893933235,2.79564198106787,6,GSM,2022,POINT (39056.00726766305 164096.9845520798),,Kemmelberg_blok_2022_06,Butterflies,-59.83594319165487
10317,10317,2022-08-29,p5,Kemmelberg,blok,V,Dagvlinders,1,Polyommatus,50.7771115517716,2.79507201165221,3,GSM,2022,POINT (39016.57514873003 164133.66439263988),,Kemmelberg_blok_2022_06,Butterflies,62.89858135378348
10318,10318,2022-08-29,p5,Kemmelberg,blok,V,Dagvlinders,1,Polyommatus,50.7771441154654,2.79556361027322,3,GSM,2022,POINT (39051.316567484304 164136.5515682036),,Kemmelberg_blok_2022_06,Butterflies,-35.661705008439
10319,10319,2022-08-29,p5,Kemmelberg,blok,V,Dagvlinders,1,Polyommatus,50.7776800814569,2.79722443958937,9,GSM,2022,POINT (39169.68987213577 164193.67910946533),,Kemmelberg_blok_2022_06,Butterflies,89.98525957710677
10333,10333,2022-08-31,p5,Muziekbos,sinus,V,Dagvlinders,1,Polyommatus,50.7682624413173,3.6553961690549297,4,GSM,2022,POINT (99678.33182240458 162215.46414286923),,Muziekbos_sinus_2022_06,Butterflies,2.5406538373825005
10334,10334,2022-08-31,p5,Muziekbos,sinus,V,Dagvlinders,1,Polyommatus,50.7681902312215,3.65539709106428,4,GSM,2022,POINT (99678.3197659131 162207.43135183025),,Muziekbos_sinus_2022_06,Butterflies,5.482469843044544
10335,10335,2022-08-31,p5,Muziekbos,sinus,V,Dagvlinders,1,Polyommatus,50.7683273872548,3.65559049752383,56,GSM,2022,POINT (99692.10909098454 162222.55673853494),,Muziekbos_sinus_2022_06,Butterflies,7.799486744974514
10336,10336,2022-08-31,p5,Muziekbos,sinus,V,Dagvlinders,1,Polyommatus,50.7685080729897,3.6554343905333906,3,GSM,2022,POINT (99681.29020390043 162242.7606862625),,Muziekbos_sinus_2022_06,Butterflies,4.36853929220351
10337,10337,2022-08-31,p5,Muziekbos,sinus,V,Dagvlinders,1,Polyommatus,50.768655552576,3.6555113364045,3,GSM,2022,POINT (99686.87537567876 162259.11323657725),,Muziekbos_sinus_2022_06,Butterflies,-1.5233602103103205
10338,10338,2022-08-31,p5,Muziekbos,sinus,V,Dagvlinders,1,Polyommatus,50.7687710971116,3.65544252097947,4,GSM,2022,POINT (99682.1445231603 162272.01222436596),,Muziekbos_sinus_2022_06,Butterflies,-6.234509164723082
10339,10339,2022-08-31,p5,Muziekbos,sinus,V,Dagvlinders,1,Polyommatus,50.768726882572,3.6554552614722895,3,GSM,2022,POINT (99682.99602715921 162267.08546939865),,Muziekbos_sinus_2022_06,Butterflies,-4.197135417376353
10340,10340,2022-08-31,p5,Muziekbos,sinus,V,Dagvlinders,1,Polyommatus,50.7686972525443,3.65524353459817,3,GSM,2022,POINT (99668.02930048096 162263.93298445363),,Muziekbos_sinus_2022_06,Butterflies,9.34013241563173
10341,10341,2022-08-31,p5,Muziekbos,sinus,V,Dagvlinders,1,Polyommatus,50.7686098712041,3.65507589653474,4,GSM,2022,POINT (99656.1108712045 162254.3268081015),,Muziekbos_sinus_2022_06,Butterflies,-2.800887712536748
10351,10351,2022-08-31,p5,Muziekbos,blok,V,Dagvlinders,1,Polyommatus,50.7692455966498,3.6563697271083,3,GSM,2022,POINT (99748.0549329186 162324.16506455094),,Muziekbos_blok_2022_06,Butterflies,3.922466800138132
10352,10352,2022-08-31,p5,Muziekbos,blok,V,Dagvlinders,1,Polyommatus,50.7693074970047,3.6563467606936095,3,GSM,2022,POINT (99746.50091345474 162331.06597602926),,Muziekbos_blok_2022_06,Butterflies,-1.5420247194665715
10353,10353,2022-08-31,p5,Muziekbos,blok,V,Dagvlinders,1,Polyommatus,50.7693080837383,3.65630359389228,4,GSM,2022,POINT (99743.45661624733 162331.16042837314),,Muziekbos_blok_2022_06,Butterflies,-0.3849367650287083
10354,10354,2022-08-31,p5,Muziekbos,blok,V,Dagvlinders,1,Polyommatus,50.7693411084364,3.6564754229073,3,GSM,2022,POINT (99755.6123883138 162334.71770107746),,Muziekbos_blok_2022_06,Butterflies,-3.168847193950216
10355,10355,2022-08-31,p5,Muziekbos,blok,V,Dagvlinders,1,Polyommatus,50.7694295794244,3.6564449127797505,3,GSM,2022,POINT (99753.55456738555 162344.5792507222),,Muziekbos_blok_2022_06,Butterflies,4.317116378736973
10356,10356,2022-08-31,p5,Muziekbos,blok,V,Dagvlinders,1,Polyommatus,50.7693922799553,3.6564516183022895,3,GSM,2022,POINT (99753.98780002061 162340.42577285226),,Muziekbos_blok_2022_06,Butterflies,0.873191992347192
10357,10357,2022-08-31,p5,Muziekbos,blok,V,Dagvlinders,1,Polyommatus,50.7694710279356,3.65653418004853,3,GSM,2022,POINT (99759.89551528633 162349.12936167698),,Muziekbos_blok_2022_06,Butterflies,11.340753784599721
10358,10358,2022-08-31,p5,Muziekbos,blok,V,Dagvlinders,1,Polyommatus,50.7695036997858,3.65634798745413,62,GSM,2022,POINT (99746.79664382397 162352.8894373132),,Muziekbos_blok_2022_06,Butterflies,8.54509457548249
10359,10359,2022-08-31,p5,Muziekbos,blok,V,Dagvlinders,1,Polyommatus,50.76951742177,3.6559987440739294,4,GSM,2022,POINT (99722.17626919688 162354.65197598375),,Muziekbos_blok_2022_06,Butterflies,-1.464511985312019
10360,10360,2022-08-31,p5,Muziekbos,blok,V,Dagvlinders,1,Polyommatus,50.7693913579459,3.65581568330866,3,GSM,2022,POINT (99709.1289766053 162340.75332846213),,Muziekbos_blok_2022_06,Butterflies,8.568267233768227
10361,10361,2022-08-31,p5,Muziekbos,blok,V,Dagvlinders,1,Polyommatus,50.7694195630504,3.6560171004418702,4,GSM,2022,POINT (99723.36670662786 162343.75440653414),,Muziekbos_blok_2022_06,Butterflies,-1.1026499941407344
10374,10374,2022-09-21,p6,Muziekbos,sinus,V,Dagvlinders,1,Polyommatus,50.7683548937096,3.65538829006595,4,GSM,2022,POINT (99677.8747458373 162225.75326178316),,Muziekbos_sinus_2022_06,Butterflies,6.0961045173290085
10375,10375,2022-09-21,p6,Muziekbos,sinus,V,Dagvlinders,1,Polyommatus,50.7684421912308,3.6555617116425694,4,GSM,2022,POINT (99690.20107724883 162235.3462486593),,Muziekbos_sinus_2022_06,Butterflies,-5.121454864237357
10376,10376,2022-09-21,p6,Muziekbos,sinus,V,Dagvlinders,1,Polyommatus,50.7685295306618,3.65559398196978,4,GSM,2022,POINT (99692.57064259346 162245.03945863806),,Muziekbos_sinus_2022_06,Butterflies,-3.3707327402101415
10377,10377,2022-09-21,p6,Muziekbos,sinus,V,Dagvlinders,1,Polyommatus,50.7685763855009,3.65558945574206,4,GSM,2022,POINT (99692.30137495964 162250.25434096344),,Muziekbos_sinus_2022_06,Butterflies,7.794674705513085
10378,10378,2022-09-21,p6,Muziekbos,sinus,V,Dagvlinders,1,Polyommatus,50.7685763855009,3.65558945574206,4,GSM,2022,POINT (99692.30137495964 162250.25434096344),,Muziekbos_sinus_2022_06,Butterflies,7.794674705513085
10379,10379,2022-09-21,p6,Muziekbos,sinus,V,Dagvlinders,1,Polyommatus,50.7687167404692,3.65540555678648,4,GSM,2022,POINT (99679.47906062558 162265.99098113645),,Muziekbos_sinus_2022_06,Butterflies,-1.480292401056464
10380,10380,2022-09-21,p6,Muziekbos,sinus,V,Dagvlinders,1,Polyommatus,50.7687024912338,3.65537714213473,6,GSM,2022,POINT (99677.45949424795 162264.42523009144),,Muziekbos_sinus_2022_06,Butterflies,0.7794765444267316
10381,10381,2022-09-21,p6,Muziekbos,sinus,V,Dagvlinders,1,Polyommatus,50.7685732003777,3.65508520044726,7,GSM,2022,POINT (99656.7279964143 162250.24148899037),,Muziekbos_sinus_2022_06,Butterflies,-3.899724846212367
10387,10387,2022-09-21,p6,Muziekbos,blok,V,Dagvlinders,1,Polyommatus,50.7692338200758,3.6563830543343503,3,GSM,2022,POINT (99748.98246126564 162322.84610613063),,Muziekbos_blok_2022_06,Butterflies,4.729506380580778
10388,10388,2022-09-21,p6,Muziekbos,blok,V,Dagvlinders,1,Polyommatus,50.7692745941923,3.656601712002,4,GSM,2022,POINT (99764.44973574113 162327.23373248242),,Muziekbos_blok_2022_06,Butterflies,8.979129852674454
10389,10389,2022-09-21,p6,Muziekbos,blok,V,Dagvlinders,1,Polyommatus,50.769304018514894,3.6565546318922704,3,GSM,2022,POINT (99761.1601353059 162330.538520935),,Muziekbos_blok_2022_06,Butterflies,5.243429633397277
10390,10390,2022-09-21,p6,Muziekbos,blok,V,Dagvlinders,1,Polyommatus,50.7695582416384,3.65613117814404,8,GSM,2022,POINT (99731.56146870987 162359.10292631853),,Muziekbos_blok_2022_06,Butterflies,6.847455771111971
10397,10397,2022-09-22,p6,Palingbeek,blok,V,Dagvlinders,1,Polyommatus,50.8225998050075,2.91138416156443,3,GSM,2022,POINT (47317.635098386934 169025.4218049338),,Palingbeek_blok_2022_06,Butterflies,2.0189417319501146
10398,10398,2022-09-22,p6,Palingbeek,blok,V,Dagvlinders,1,Polyommatus,50.8223302010923,2.91188724339279,4,GSM,2022,POINT (47352.48827360201 168994.74157367367),,Palingbeek_blok_2022_06,Butterflies,47.63117196640137
10399,10399,2022-09-22,p6,Palingbeek,blok,V,Dagvlinders,1,Polyommatus,50.8224639762666,2.91239040904018,10,GSM,2022,POINT (47388.22740390472 169008.92472112272),,Palingbeek_blok_2022_06,Butterflies,59.82939349222346
10400,10400,2022-09-22,p6,Palingbeek,blok,V,Dagvlinders,1,Polyommatus,50.8227103623106,2.91242309846255,5,GSM,2022,POINT (47391.06760377661 169036.28228301182),,Palingbeek_blok_2022_06,Butterflies,40.1213694521368
10401,10401,2022-09-22,p6,Palingbeek,blok,V,Dagvlinders,1,Polyommatus,50.8226682013377,2.91283783503148,4,GSM,2022,POINT (47420.19314884313 169031.02042179275),,Palingbeek_blok_2022_06,Butterflies,60.310843248776095
10406,10406,2022-09-22,p6,Palingbeek,sinus,V,Dagvlinders,1,Polyommatus,50.820773681673295,2.91509625502202,5,GSM,2022,POINT (47575.17137908457 168817.1983163515),,Palingbeek_sinus_2022_06,Butterflies,11.04150736397919
10407,10407,2022-09-22,p6,Palingbeek,sinus,V,Dagvlinders,1,Polyommatus,50.8204596955802,2.91503288783404,3,GSM,2022,POINT (47570.023627496805 168782.36458287947),,Palingbeek_sinus_2022_06,Butterflies,-2.1071358897742902
10408,10408,2022-09-22,p6,Palingbeek,sinus,V,Dagvlinders,1,Polyommatus,50.8212309564008,2.91381893679771,4,GSM,2022,POINT (47486.1790144242 168869.8176856637),,Palingbeek_sinus_2022_06,Butterflies,14.916321092287939
10409,10409,2022-09-22,p6,Palingbeek,sinus,V,Dagvlinders,1,Polyommatus,50.8212998137354,2.9140039254007,4,GSM,2022,POINT (47499.361537048564 168877.22064035945),,Palingbeek_sinus_2022_06,Butterflies,0.1
10418,10418,2022-09-22,p6,Kemmelberg,sinus,V,Dagvlinders,1,Polyommatus,50.77291745382551,2.79682688332526,43,GSM,2022,POINT (39130.44681169522 163664.6028741328),,Kemmelberg_sinus_2022_06,Butterflies,12.42816421831537
10419,10419,2022-09-22,p6,Kemmelberg,sinus,V,Dagvlinders,1,Polyommatus,50.7726023393224,2.79643641785047,5,GSM,2022,POINT (39102.16908405359 163630.1406950159),,Kemmelberg_sinus_2022_06,Butterflies,3.163932834865497
10420,10420,2022-09-22,p6,Kemmelberg,sinus,V,Dagvlinders,1,Polyommatus,50.7729746634616,2.79689884744844,42,GSM,2022,POINT (39135.656413074845 163670.85796138924),,Kemmelberg_sinus_2022_06,Butterflies,4.747127989140684
10421,10421,2022-09-22,p6,Kemmelberg,sinus,V,Dagvlinders,1,Polyommatus,50.77307926961289,2.79753897339366,89,GSM,2022,POINT (39181.044512354565 163681.53644113522),,Kemmelberg_sinus_2022_06,Butterflies,7.737961560764899
10426,10426,2022-09-22,p6,Kemmelberg,blok,V,Dagvlinders,1,Polyommatus,50.7770947879656,2.79518541880212,4,GSM,2022,POINT (39024.532470066144 164131.6305988673),,Kemmelberg_blok_2022_06,Butterflies,58.57454679358272
10427,10427,2022-09-22,p6,Kemmelberg,blok,V,Dagvlinders,1,Polyommatus,50.7771172095563,2.79527636245153,3,GSM,2022,POINT (39030.998122636374 164133.98832717538),,Kemmelberg_blok_2022_06,Butterflies,-52.080615660117836
10428,10428,2022-09-22,p6,Kemmelberg,blok,V,Dagvlinders,1,Polyommatus,50.7782019535552,2.79721702449284,3,GSM,2022,POINT (39170.395056814275 164251.7295470452),,Kemmelberg_blok_2022_06,Butterflies,129.805016172346
10429,10429,2022-09-22,p6,Kemmelberg,blok,V,Dagvlinders,1,Polyommatus,50.77829851308,2.7967924810972,5,GSM,2022,POINT (39140.68665594736 164263.10178877413),,Kemmelberg_blok_2022_06,Butterflies,116.34311271745844
10434,10434,2022-09-23,p6,Waarmaarde2,sinus,V,Dagvlinders,1,Polyommatus,50.7812915230642,3.47088927403415,3,GSM,2022,POINT (86680.87933274766 163805.78886294644),,,Butterflies,
10435,10435,2022-09-23,p6,Waarmaarde2,sinus,V,Dagvlinders,1,Polyommatus,50.7812524214859,3.47124609165216,3,GSM,2022,POINT (86705.98910381261 163801.1355801802),,,Butterflies,
10436,10436,2022-09-23,p6,Waarmaarde2,sinus,V,Dagvlinders,1,Polyommatus,50.7813955843921,3.47148363478805,3,GSM,2022,POINT (86722.9326364484 163816.85738121346),,,Butterflies,
10437,10437,2022-09-23,p6,Waarmaarde2,sinus,V,Dagvlinders,1,Polyommatus,50.7814554730906,3.4711491968515,5,GSM,2022,POINT (86699.42903859884 163823.80368367117),,,Butterflies,
10443,10443,2022-09-23,p6,Waarmaarde2,blok,V,Dagvlinders,1,Polyommatus,50.7801289111848,3.46914307214642,5,GSM,2022,POINT (86556.17385991165 163677.96023157984),,,Butterflies,
10444,10444,2022-09-23,p6,Waarmaarde2,blok,V,Dagvlinders,1,Polyommatus,50.7803522469948,3.46923368051971,5,GSM,2022,POINT (86562.86432727177 163702.72465242818),,,Butterflies,
10445,10445,2022-09-23,p6,Waarmaarde2,blok,V,Dagvlinders,1,Polyommatus,50.7803930249541,3.46896587871338,9,GSM,2022,POINT (86544.03385386782 163707.48906621337),,,Butterflies,
10446,10446,2022-09-23,p6,Waarmaarde2,blok,V,Dagvlinders,1,Polyommatus,50.780470683287,3.46898825839485,6,GSM,2022,POINT (86545.71666703737 163716.10793875903),,,Butterflies,
10449,10449,2022-09-30,p6,Waarmaarde,sinus,V,Dagvlinders,1,Polyommatus,50.7938072970613,3.49368930794623,18,GSM,2022,POINT (88305.10480299566 165178.7527870359),,Waarmaarde_sinus_2022_06,Butterflies,12.62459262603419
10450,10450,2022-09-30,p6,Waarmaarde,sinus,V,Dagvlinders,1,Polyommatus,50.7941266894813,3.49381931126443,13,GSM,2022,POINT (88314.68837145115 165214.17134108115),,Waarmaarde_sinus_2022_06,Butterflies,-6.3089962727435065
10451,10451,2022-09-30,p6,Waarmaarde,sinus,V,Dagvlinders,1,Polyommatus,50.7940632384746,3.4942574333432,4,GSM,2022,POINT (88345.49278830565 165206.7499960037),,Waarmaarde_sinus_2022_06,Butterflies,7.165384909098349
10455,10455,2022-09-30,p6,Waarmaarde,blok,V,Dagvlinders,1,Polyommatus,50.793196843053,3.49275061861005,3,GSM,2022,POINT (88238.12654656888 165111.63087963872),,Waarmaarde_blok_2022_06,Butterflies,-5.091482034245528
10456,10456,2022-09-30,p6,Waarmaarde,blok,V,Dagvlinders,1,Polyommatus,50.7932080328937,3.49246898666349,14,GSM,2022,POINT (88218.28586753513 165113.10965412762),,Waarmaarde_blok_2022_06,Butterflies,5.096693867388057
10457,10457,2022-09-30,p6,Waarmaarde,blok,V,Dagvlinders,1,Polyommatus,50.7933735025853,3.49208783994529,4,GSM,2022,POINT (88191.63176536268 165131.83203489427),,Waarmaarde_blok_2022_06,Butterflies,33.841227518579004
10458,10458,2022-09-30,p6,Waarmaarde,blok,V,Dagvlinders,1,Polyommatus,50.7934715180199,3.49232439883378,3,GSM,2022,POINT (88208.43795054492 165142.5376940947),,Waarmaarde_blok_2022_06,Butterflies,35.830391029133075
10461,10461,2022-08-02,p4,Waarmaarde,sinus,V,Dagvlinders,1,Pyronia,50.794085534337,3.49366349168447,4,GSM,2022,POINT (88303.649226607 165209.72295351606),after,Waarmaarde_sinus_2022_06,Butterflies,2.120118307412815
10462,10462,2022-08-02,p4,Waarmaarde,sinus,V,Dagvlinders,1,Pyronia,50.794085534337,3.49366349168447,4,GSM,2022,POINT (88303.649226607 165209.72295351606),after,Waarmaarde_sinus_2022_06,Butterflies,2.120118307412815
10463,10463,2022-08-02,p4,Waarmaarde,sinus,V,Dagvlinders,1,Pyronia,50.7940863306175,3.49366080947545,3,GSM,2022,POINT (88303.46117459133 165209.8137518717),after,Waarmaarde_sinus_2022_06,Butterflies,2.233101435714589
10464,10464,2022-08-02,p4,Waarmaarde,sinus,V,Dagvlinders,1,Pyronia,50.7941859076275,3.49435424432483,4,GSM,2022,POINT (88352.47850605134 165220.31434560753),after,Waarmaarde_sinus_2022_06,Butterflies,-2.4820373158290296
10468,10468,2022-08-02,p4,Waarmaarde2,blok,V,Dagvlinders,1,Pyronia,50.7806438953157,3.46924901940251,3,GSM,2022,POINT (86564.3387339332 163735.1517795194),after,,Butterflies,
10469,10469,2022-08-02,p4,Waarmaarde2,blok,V,Dagvlinders,1,Pyronia,50.780409663031904,3.46927508712137,4,GSM,2022,POINT (86565.86163235524 163709.07572528534),after,,Butterflies,
10470,10470,2022-08-02,p4,Waarmaarde2,blok,V,Dagvlinders,1,Pyronia,50.7802293263851,3.4689421579274,4,GSM,2022,POINT (86542.1405669697 163689.30103240348),after,,Butterflies,
10473,10473,2022-08-05,p4,Palingbeek,sinus,V,Dagvlinders,1,Pyronia,50.8204049617528,2.91457003914091,4,GSM,2022,POINT (47537.2960003644 168776.91546070017),after,Palingbeek_sinus_2022_06,Butterflies,9.71734778668263
10474,10474,2022-08-05,p4,Palingbeek,sinus,V,Dagvlinders,1,Pyronia,50.8205471607401,2.91519658640298,4,GSM,2022,POINT (47581.74682640548 168791.86663638335),after,Palingbeek_sinus_2022_06,Butterflies,-1.0213726453716439
10475,10475,2022-08-05,p4,Palingbeek,sinus,V,Dagvlinders,1,Pyronia,50.82058487930409,2.91515333578262,3,GSM,2022,POINT (47578.78185049647 168796.12127361167),after,Palingbeek_sinus_2022_06,Butterflies,2.3271000954654597
10476,10476,2022-08-05,p4,Palingbeek,sinus,V,Dagvlinders,1,Pyronia,50.820734538185505,2.91484194807979,8,GSM,2022,POINT (47557.16994145914 168813.19549409673),after,Palingbeek_sinus_2022_06,Butterflies,-5.7648457964431845
10477,10477,2022-08-05,p4,Palingbeek,sinus,V,Dagvlinders,1,Pyronia,50.8209745539825,2.91324502788755,3,GSM,2022,POINT (47445.188065310664 168842.09310436994),after,Palingbeek_sinus_2022_06,Butterflies,1.344051576083167
10478,10478,2022-08-05,p4,Palingbeek,sinus,V,Dagvlinders,1,Pyronia,50.8211381268229,2.91400191374394,5,GSM,2022,POINT (47498.867618728356 168859.24082038365),after,Palingbeek_sinus_2022_06,Butterflies,4.574261817147837
10481,10481,2022-08-05,p4,Palingbeek,blok,V,Dagvlinders,1,Pyronia,50.8228722587701,2.91141425259682,3,GSM,2022,POINT (47320.34949435879 169055.68213602807),after,Palingbeek_blok_2022_06,Butterflies,-19.625859324240654
10482,10482,2022-08-05,p4,Palingbeek,blok,V,Dagvlinders,1,Pyronia,50.822902936536,2.91137888096544,4,GSM,2022,POINT (47317.924579762286 169059.14296559524),after,Palingbeek_blok_2022_06,Butterflies,-23.832865071934364
10483,10483,2022-08-05,p4,Palingbeek,blok,V,Dagvlinders,1,Pyronia,50.8229924971711,2.91184231639179,3,GSM,2022,POINT (47350.768017992785 169068.46329775453),after,Palingbeek_blok_2022_06,Butterflies,-9.472633651275462
10486,10486,2022-08-06,p4,Muziekbos,sinus,V,Dagvlinders,1,Pyronia,50.7685395601334,3.6557164953814305,51,GSM,2022,POINT (99701.2234041173 162246.0721509438),after,Muziekbos_sinus_2022_06,Butterflies,11.668829532984173
10487,10487,2022-08-06,p4,Muziekbos,sinus,V,Dagvlinders,1,Pyronia,50.7685395601334,3.6557164953814305,51,GSM,2022,POINT (99701.2234041173 162246.0721509438),after,Muziekbos_sinus_2022_06,Butterflies,11.668829532984173
10488,10488,2022-08-06,p4,Muziekbos,sinus,V,Dagvlinders,1,Pyronia,50.7683957135777,3.65526834503156,3,GSM,2022,POINT (99669.45741821095 162230.37500846852),after,Muziekbos_sinus_2022_06,Butterflies,11.196026466918273
10489,10489,2022-08-06,p4,Muziekbos,sinus,V,Dagvlinders,1,Pyronia,50.7684007427196,3.65524931811136,3,GSM,2022,POINT (99668.12063184715 162230.9473014176),after,Muziekbos_sinus_2022_06,Butterflies,10.589654185819038
10490,10490,2022-08-06,p4,Muziekbos,sinus,V,Dagvlinders,1,Pyronia,50.7687798142909,3.65536532365126,11,GSM,2022,POINT (99676.70838281138 162273.0341315791),after,Muziekbos_sinus_2022_06,Butterflies,2.834371648095321
10496,10496,2022-08-06,p4,Muziekbos,blok,V,Dagvlinders,1,Pyronia,50.769420778426095,3.65596974268896,3,GSM,2022,POINT (99720.02746486201 162343.9216334708),after,Muziekbos_blok_2022_06,Butterflies,0.28917471162264063
10497,10497,2022-08-06,p4,Muziekbos,blok,V,Dagvlinders,1,Pyronia,50.769710540819,3.65590478293938,4,GSM,2022,POINT (99715.75445523957 162376.19681937527),after,Muziekbos_blok_2022_06,Butterflies,15.550483739421074
10498,10498,2022-08-06,p4,Muziekbos,blok,V,Dagvlinders,1,Pyronia,50.769410133409,3.6565462499891,8,GSM,2022,POINT (99760.68199901943 162342.34770102054),after,Muziekbos_blok_2022_06,Butterflies,5.755364665582636
10499,10499,2022-08-06,p4,Muziekbos,blok,V,Dagvlinders,1,Pyronia,50.7695811375834,3.65605381885282,6,GSM,2022,POINT (99726.12910936095 162361.7020434672),after,Muziekbos_blok_2022_06,Butterflies,6.417908107733019
10500,10500,2022-08-24,p5,Palingbeek,sinus,V,Dagvlinders,1,Pyronia,50.8209952991929,2.91468294337663,5,GSM,2022,POINT (47546.53560464195 168842.41625892092),,Palingbeek_sinus_2022_06,Butterflies,9.636258760798246
10504,10504,2022-04-15,p1,Muziekbos,sinus,V,Bijen,1,Sphecodes,50.7684915606405,3.6555239930782895,22,GSM,2022,POINT (99687.59311630705 162240.86330371164),,,Other bees,
10506,10506,2022-04-15,p1,Muziekbos,blok,V,Bijen,1,Sphecodes,50.7690895675223,3.65625095554036,13,GSM,2022,POINT (99739.51056480093 162306.88973605912),,,Other bees,
10507,10507,2022-04-20,p1,Waarmaarde,sinus,V,Bijen,1,Sphecodes,50.7939209975775,3.49389960989681,3,GSM,2022,POINT (88320.08002950251 165191.22527986486),,,Other bees,
10510,10510,2022-05-22,p2,Kemmelberg,sinus,V,Bijen,1,Sphecodes,50.7726186421244,2.79639174230657,4,GSM,2022,POINT (39099.05690184467 163632.02048507798),,,Other bees,
10513,10513,2022-08-24,p5,Palingbeek,sinus,V,Bijen,1,Sphecodes,50.82061036029,2.91499852203104,8,GSM,2022,POINT (47567.930462363 168799.16869133152),,Palingbeek_sinus_2022_06,Other bees,6.509396709118759
10514,10514,2022-08-24,p5,Palingbeek,sinus,V,Bijen,1,Sphecodes,50.820732652257,2.91388800367984,4,GSM,2022,POINT (47489.9592868309 168814.30168224405),,Palingbeek_sinus_2022_06,Other bees,0.4225693809009372
10516,10516,2022-08-29,p5,Kemmelberg,sinus,V,Bijen,1,Sphecodes,50.7717936113952,2.79769537970684,35,GSM,2022,POINT (39189.04990438504 163538.32037938852),,Kemmelberg_sinus_2022_06,Other bees,103.53975848698313
10518,10518,2022-08-31,p5,Muziekbos,sinus,V,Bijen,1,Sphecodes,50.7687370948824,3.65543567777736,4,GSM,2022,POINT (99681.62550775771 162268.23467686772),,Muziekbos_sinus_2022_06,Other bees,-4.523718612793955
10521,10521,2022-06-18,p3,Kemmelberg,sinus,V,Bijen,1,Stelis,50.7730022818323,2.79719766229651,7,GSM,2022,POINT (39156.79397257342 163673.48358112667),before,,Other bees,
10523,10523,2022-04-20,p1,Waarmaarde,sinus,V,Dagvlinders,1,Vanessa,50.7945754588952,3.4941262603982,68,GSM,2022,POINT (88336.91574565793 165263.83386161737),,,Butterflies,
10525,10525,2022-06-14,p3,Waarmaarde2,blok,V,Dagvlinders,1,Vanessa,50.7803590782462,3.46903108992005,4,GSM,2022,POINT (86548.58682712234 163703.65746792126),before,,Butterflies,
10526,10526,2022-06-20,p3,Muziekbos,sinus,V,Dagvlinders,1,Vanessa,50.7687314507096,3.65504580550236,4,GSM,2022,POINT (99654.11813118783 162267.8708808683),before,,Butterflies,
10527,10527,2022-06-21,p3,Palingbeek,sinus,V,Dagvlinders,1,Vanessa,50.8215126721661,2.91381298564645,6,GSM,2022,POINT (47486.37348337876 168901.15793714393),before,,Butterflies,
10528,10528,2022-08-10,p4,Kemmelberg,sinus,V,Dagvlinders,1,Vanessa,50.7732003462042,2.79721803032122,3,GSM,2022,POINT (39158.69641113884 163695.48065148015),after,Kemmelberg_sinus_2022_06,Butterflies,18.602475839476504
10530,10530,2022-05-18,p2,Waarmaarde2,sinus,V,Dagvlinders,1,Vanessa,50.781374461996094,3.47093621269191,7,GSM,2022,POINT (86684.30085311002 163814.97421986144),,,Butterflies,
10534,10534,2022-05-22,p2,Kemmelberg,sinus,V,Dagvlinders,1,Vanessa,50.7728493120994,2.79712700285278,6,GSM,2022,POINT (39151.45105455225 163656.57669656165),,,Butterflies,
10535,10535,2022-05-22,p2,Kemmelberg,sinus,V,Dagvlinders,1,Vanessa,50.7730234461378,2.79654714279137,4,GSM,2022,POINT (39110.96887426797 163676.8082157718),,,Butterflies,
10536,10536,2022-05-22,p2,Kemmelberg,sinus,V,Dagvlinders,1,Vanessa,50.7729152776773,2.79693556018434,3,GSM,2022,POINT (39138.10564383141 163664.1986613432),,,Butterflies,
10537,10537,2022-05-22,p2,Kemmelberg,sinus,V,Dagvlinders,1,Vanessa,50.7730516931514,2.79777995310984,4,GSM,2022,POINT (39197.973615771334 163678.1100893868),,,Butterflies,
10539,10539,2022-06-20,p3,Muziekbos,sinus,V,Dagvlinders,1,Vanessa,50.7687774546321,3.65560141909321,44,GSM,2022,POINT (99693.35987517137 162272.61182814557),before,,Butterflies,
10541,10541,2022-06-21,p3,Palingbeek,sinus,V,Dagvlinders,1,Vanessa,50.820983774076,2.91460046544942,11,GSM,2022,POINT (47540.699871499586 168841.2482047826),before,,Butterflies,
10542,10542,2022-06-21,p3,Palingbeek,sinus,V,Dagvlinders,1,Vanessa,50.8200459229301,2.91484571993622,14,GSM,2022,POINT (47555.9365599967 168736.60345270205),before,,Butterflies,
10544,10544,2022-08-05,p4,Palingbeek,sinus,V,Dagvlinders,1,Vanessa,50.8206288423862,2.9144841246334,6,GSM,2022,POINT (47531.730684623995 168801.93365893885),after,Palingbeek_sinus_2022_06,Butterflies,9.892666846330014
10545,10545,2022-08-05,p4,Palingbeek,sinus,V,Dagvlinders,1,Vanessa,50.8210697724025,2.91320999153229,3,GSM,2022,POINT (47442.927248242515 168852.73153228126),after,Palingbeek_sinus_2022_06,Butterflies,6.925099862823948
10546,10546,2022-08-06,p4,Muziekbos,sinus,V,Dagvlinders,1,Vanessa,50.7687923033263,3.6554459575597695,3,GSM,2022,POINT (99682.4095764941 162274.36873521004),after,Muziekbos_sinus_2022_06,Butterflies,7.83198840523015
10549,10549,2022-08-24,p5,Palingbeek,sinus,V,Dagvlinders,1,Vanessa,50.8212343267375,2.91311861122707,4,GSM,2022,POINT (47436.84810230207 168871.1591937868),,Palingbeek_sinus_2022_06,Butterflies,-8.704768652020038
10551,10551,2022-08-31,p5,Muziekbos,sinus,V,Dagvlinders,1,Vanessa,50.7686926844071,3.65528410300952,7,GSM,2022,POINT (99670.88609544936 162263.39738313202),,Muziekbos_sinus_2022_06,Butterflies,6.828439722585504
10552,16,2020-04-07,p1,Muziekbos,sinus,V,Bijen,1,Andrena,50.7686420996215,3.65495360456747,5,GSM,2020,POINT (99647.51887898738 162257.9945246484),,,Other bees,
10553,17,2020-04-07,p1,Muziekbos,sinus,V,Bijen,1,Andrena,50.7686420996215,3.65495360456747,5,GSM,2020,POINT (99647.51887898738 162257.9945246484),,,Other bees,
10556,58,2020-04-09,p1,Kemmelberg,blok,V,Bijen,1,Apis,50.7782442402567,2.79686305672191,100,GSM,2020,POINT (39145.53537878745 164256.96057989914),,,Apis,
10560,80,2020-04-09,p1,Kemmelberg,sinus,V,Bijen,1,Apis,50.7727151597392,2.79780719429515,10,GSM,2020,POINT (39199.103056105014 163640.64234244544),,,Apis,
10562,104,2020-04-09,p1,Palingbeek,blok,V,Bijen,1,Apis,50.8228818979588,2.91213048622283,30,GSM,2020,POINT (47370.82772249484 169055.76445299853),,,Apis,
10565,195,2020-04-10,p1,Waarmaarde,blok,V,Bijen,1,Andrena,50.79348866,3.49235902,3,GPS,2020,POINT (88210.90125438714 165144.41563231498),,,Other bees,
10571,316,2020-04-23,p2,Kemmelberg,blok,V,Bijen,1,Nomada,50.7784216,2.79714762,3,GPS,2020,POINT (39166.018047608755 164276.26081433054),,,Other bees,
10572,408,2020-04-24,p2,Muziekbos,blok,V,Bijen,1,Nomada,50.76949211,3.65605096,3,GPS,2020,POINT (99725.83248812624 162351.80114181712),,,Other bees,
10573,409,2020-04-24,p2,Muziekbos,blok,V,Bijen,1,Nomada,50.76949387,3.65605658,3,GPS,2020,POINT (99726.23079043909 162351.99311099388),,,Other bees,
10574,445,2020-04-24,p2,Muziekbos,sinus,V,Bijen,1,Apis,50.76853917,3.65535233,3,GPS,2020,POINT (99675.53487949926 162246.27526966576),,,Apis,
10575,446,2020-04-24,p2,Muziekbos,sinus,V,Bijen,1,Apis,50.76831361,3.65530179,3,GPS,2020,POINT (99671.72895296887 162221.2197090257),,,Apis,
10576,479,2020-04-27,p2,Waarmaarde2,blok,V,Bijen,1,Lasioglossum,50.78026344,3.46896253,3,GPS,2020,POINT (86543.62315941375 163693.07811316662),,,Other bees,
10577,483,2020-04-27,p2,Waarmaarde2,blok,V,Bijen,1,Lasioglossum,50.78025824,3.46919345,3,GPS,2020,POINT (86559.90067937557 163692.30254289228),,,Other bees,
10578,485,2020-04-27,p2,Waarmaarde2,blok,V,Bijen,1,Lasioglossum,50.78030962,3.46928749,3,GPS,2020,POINT (86566.60157972583 163697.93728997372),,,Other bees,
10579,521,2020-04-27,p2,Waarmaarde2,sinus,V,Bijen,1,Halictus,50.78144923,3.47138749,3,GPS,2020,POINT (86716.22471076983 163822.90629462712),,,Other bees,
10580,528,2020-04-27,p2,Waarmaarde,sinus,V,Bijen,1,Lasioglossum,50.79391002,3.49388503,3,GPS,2020,POINT (88319.03777025462 165190.01633001678),,,Other bees,
10582,542,2020-04-27,p2,Waarmaarde,sinus,V,Bijen,1,Lasioglossum,50.79391957,3.49385351,3,GPS,2020,POINT (88316.8281165929 165191.10475389846),,,Other bees,
10584,615,2020-05-07,p2,Palingbeek,blok,V,Bijen,1,Bombus,50.82245149,2.91249795,3,GPS,2020,POINT (47395.776286752734 169007.38747569453),,,Bombus,
10585,616,2020-05-07,p2,Palingbeek,blok,V,Bijen,1,Bombus,50.82248216,2.91253986,3,GPS,2020,POINT (47398.79566260456 169010.74066575617),,,Bombus,
10586,628,2020-05-07,p2,Palingbeek,blok,V,Bijen,1,Bombus,50.82246817,2.91215689,3,GPS,2020,POINT (47371.78546340426 169009.7137265131),,,Bombus,
10587,629,2020-05-07,p2,Palingbeek,blok,V,Bijen,1,Bombus,50.82246968,2.91215488,3,GPS,2020,POINT (47371.64715510867 169009.8844434535),,,Bombus,
10592,703,2020-05-18,p3,Muziekbos,sinus,V,Bijen,1,Bombus,50.7684898,3.65511387,3,GPS,2020,POINT (99658.66125800976 162240.94517080206),,,Bombus,
10593,704,2020-05-18,p3,Muziekbos,sinus,V,Bijen,1,Bombus,50.76848955,3.65511479,3,GPS,2020,POINT (99658.72588755857 162240.91673933435),,,Bombus,
10594,719,2020-05-18,p3,Muziekbos,sinus,V,Bijen,1,Bombus,50.76841696,3.6551997,3,GPS,2020,POINT (99664.63789534016 162232.78480567317),,,Bombus,
10595,720,2020-05-18,p3,Muziekbos,sinus,V,Bijen,1,Bombus,50.76841579,3.65520506,3,GPS,2020,POINT (99665.0147394852 162232.65103266947),,,Bombus,
10596,725,2020-05-18,p3,Muziekbos,sinus,V,Dagvlinders,1,Polyommatus,50.7683054,3.65514781,3,GPS,2020,POINT (99660.85843347927 162220.41076320317),,,Butterflies,
10599,743,2020-05-18,p3,Muziekbos,sinus,V,Dagvlinders,1,Polyommatus,50.76874536,3.65535124,3,GPS,2020,POINT (99675.6781442067 162269.21120278258),,,Butterflies,
10600,744,2020-05-18,p3,Muziekbos,sinus,V,Dagvlinders,1,Polyommatus,50.76935993,3.6558446,3,GPS,2020,POINT (99711.13518083759 162337.237927204),,,Butterflies,
10601,781,2020-05-18,p3,Muziekbos,blok,V,Bijen,1,Bombus,50.76957098,3.65616228,3,GPS,2020,POINT (99733.76892178247 162360.49882161617),,,Bombus,
10602,782,2020-05-18,p3,Muziekbos,blok,V,Bijen,1,Bombus,50.76958389,3.65618164,3,GPS,2020,POINT (99735.14830830488 162361.92175071687),,,Bombus,
10609,1057,2020-06-02,p3,Palingbeek,blok,V,Dagvlinders,1,Polyommatus,50.82251837,2.91214733,3,GPS,2020,POINT (47371.221463176 169015.3101078663),,,Butterflies,
10610,1058,2020-06-02,p3,Palingbeek,blok,V,Dagvlinders,1,Polyommatus,50.82249901,2.91216074,3,GPS,2020,POINT (47372.12395309984 169013.13838950358),,,Butterflies,
10611,1067,2020-06-02,p3,Palingbeek,blok,V,Bijen,1,Bombus,50.8227068,2.91296683,3,GPS,2020,POINT (47429.36476240728 169035.13519587647),,,Bombus,
10612,1068,2020-06-02,p3,Palingbeek,blok,V,Bijen,1,Bombus,50.822698,2.91296088,3,GPS,2020,POINT (47428.92641295382 169034.16468729172),,,Bombus,
10615,1103,2020-06-02,p3,Palingbeek,blok,V,Dagvlinders,1,Maniola,50.82288357,2.9120962,3,GPS,2020,POINT (47368.41597491919 169055.9977830341),,,Butterflies,
10616,1127,2020-06-02,p3,Palingbeek,sinus,V,Bijen,1,Bombus,50.8207456,2.91491839,3,GPS,2020,POINT (47562.57944902238 168814.32036197092),,,Bombus,
10617,1128,2020-06-02,p3,Palingbeek,sinus,V,Bijen,1,Bombus,50.82077108,2.91492635,3,GPS,2020,POINT (47563.19570749275 168817.14323643222),,,Bombus,
10618,1130,2020-06-02,p3,Palingbeek,sinus,V,Bijen,1,Bombus,50.8207451,2.91490724,3,GPS,2020,POINT (47561.79282954433 168814.28012795467),,,Bombus,
10619,1132,2020-06-02,p3,Palingbeek,sinus,V,Bijen,1,Bombus,50.82062432,2.91492778,3,GPS,2020,POINT (47562.97697459912 168800.81881785113),,,Bombus,
10620,1133,2020-06-02,p3,Palingbeek,sinus,V,Bijen,1,Bombus,50.82065918,2.91488537,3,GPS,2020,POINT (47560.065019005764 168804.75438102428),,,Bombus,
10621,1139,2020-06-02,p3,Palingbeek,sinus,V,Bijen,1,Bombus,50.82051284,2.91486215,3,GPS,2020,POINT (47558.110560686124 168788.51066707447),,,Bombus,
10622,1145,2020-06-02,p3,Palingbeek,sinus,V,Bijen,1,Andrena,50.82054108,2.91432177,3,GPS,2020,POINT (47520.10144955755 168792.39680623636),,,Other bees,
10661,1433,2020-06-22,p4,Muziekbos,blok,V,Bijen,1,Bombus,50.76945699,3.65650526,3,GPS,2020,POINT (99757.84058022132 162347.58742454927),before,,Bombus,
10662,1445,2020-06-22,p4,Muziekbos,blok,V,Dagvlinders,1,Maniola,50.76949856,3.6564838,3,GPS,2020,POINT (99756.37114263012 162352.2259017434),before,,Butterflies,
10663,1449,2020-06-22,p4,Muziekbos,blok,V,Bijen,1,Osmia,50.76949814,3.65645137,3,GPS,2020,POINT (99754.08313949741 162352.20110738743),before,,Other bees,
10664,1475,2020-06-23,p4,Kemmelberg,sinus,V,Dagvlinders,1,Maniola,50.77265846,2.79684956,3,GPS,2020,POINT (39131.43638793596 163635.76538511086),before,,Butterflies,
10665,1497,2020-06-23,p4,Kemmelberg,sinus,V,Dagvlinders,1,Maniola,50.77300102,2.79803233,3,GPS,2020,POINT (39215.652151950344 163672.0981272459),before,,Butterflies,
10667,1526,2020-06-23,p4,Kemmelberg,blok,V,Dagvlinders,1,Maniola,50.77842152,2.7971529,3,GPS,2020,POINT (39166.39016444911 164276.2440393297),before,,Butterflies,
10668,1527,2020-06-23,p4,Kemmelberg,blok,V,Dagvlinders,1,Maniola,50.77820862,2.79728768,3,GPS,2020,POINT (39175.39285112872 164252.36553421523),before,,Butterflies,
10669,1534,2020-06-23,p4,Kemmelberg,blok,V,Dagvlinders,1,Maniola,50.7779979,2.79658503,3,GPS,2020,POINT (39125.351084127586 164229.9790869644),before,,Butterflies,
10670,1540,2020-06-23,p4,Kemmelberg,blok,V,Dagvlinders,1,Maniola,50.77761644,2.79595714,3,GPS,2020,POINT (39080.17835375937 164188.49285184685),before,,Butterflies,
10671,1547,2020-06-23,p4,Kemmelberg,blok,V,Dagvlinders,1,Maniola,50.77729817,2.79545221,3,GPS,2020,POINT (39043.82418736754 164153.85093556717),before,,Butterflies,
10672,1551,2020-06-23,p4,Kemmelberg,blok,V,Dagvlinders,1,Maniola,50.77717312,2.79567358,3,GPS,2020,POINT (39059.13931550193 164139.61302828323),before,,Butterflies,
10677,1587,2020-06-23,p4,Palingbeek,sinus,V,Dagvlinders,1,Maniola,50.82104031,2.91313196,3,GPS,2020,POINT (47437.36565734811 168849.5624952186),before,,Butterflies,
10678,1594,2020-06-23,p4,Palingbeek,sinus,V,Bijen,1,Bombus,50.82089162,2.91363889,3,GPS,2020,POINT (47472.75528609316 168832.32563922927),before,,Bombus,
10679,1599,2020-06-23,p4,Palingbeek,sinus,V,Dagvlinders,1,Maniola,50.82085423,2.91380066,3,GPS,2020,POINT (47484.070683402024 168827.9439202668),before,,Butterflies,
10685,1659,2020-06-23,p4,Palingbeek,blok,V,Bijen,1,Bombus,50.82296756,2.91191465,3,GPS,2020,POINT (47355.80936324524 169065.58987219539),before,,Bombus,
10686,1689,2020-06-23,p4,Palingbeek,blok,V,Dagvlinders,1,Maniola,50.82282063,2.91142414,3,GPS,2020,POINT (47320.933381415685 169049.9263903331),before,,Butterflies,
10687,1691,2020-06-23,p4,Palingbeek,blok,V,Bijen,1,Bombus,50.82290503,2.91157007,3,GPS,2020,POINT (47331.39801687644 169059.11154587567),before,,Bombus,
10698,1831,2020-07-07,p4,Waarmaarde,sinus,V,Dagvlinders,1,Maniola,50.79404849,3.49373784,3,GPS,2020,POINT (88308.84224345148 165205.5407328941),before,,Butterflies,
10699,1835,2020-07-07,p4,Waarmaarde,sinus,V,Dagvlinders,1,Maniola,50.79413666,3.49383507,3,GPS,2020,POINT (88315.81241587093 165215.26729497872),before,,Butterflies,
10700,1841,2020-07-07,p4,Waarmaarde,sinus,V,Dagvlinders,1,Maniola,50.79423976,3.49410304,3,GPS,2020,POINT (88334.83920490296 165226.5128520662),before,,Butterflies,
10701,1843,2020-07-07,p4,Waarmaarde,sinus,V,Dagvlinders,1,Maniola,50.79431939,3.4941245,3,GPS,2020,POINT (88336.45638066909 165235.35240490548),before,,Butterflies,
10702,1847,2020-07-07,p4,Waarmaarde,sinus,V,Dagvlinders,1,Maniola,50.79408394,3.4943871,3,GPS,2020,POINT (88354.66135752496 165208.9450812973),before,,Butterflies,
10703,1856,2020-07-07,p4,Waarmaarde,sinus,V,Dagvlinders,1,Maniola,50.79399828,3.49395644,3,GPS,2020,POINT (88324.18775406579 165199.7743459139),before,,Butterflies,
10707,1883,2020-07-07,p4,Waarmaarde,blok,V,Dagvlinders,1,Maniola,50.79309211,3.49222885,3,GPS,2020,POINT (88201.20387616048 165100.41506790183),before,,Butterflies,
10708,1888,2020-07-07,p4,Waarmaarde,blok,V,Dagvlinders,1,Lycaena,50.79315556,3.4925979,3,GPS,2020,POINT (88227.30557483603 165107.16584937833),before,,Butterflies,
10709,1889,2020-07-07,p4,Waarmaarde,blok,V,Dagvlinders,1,Maniola,50.79301064,3.49259547,3,GPS,2020,POINT (88226.94418843013 165091.04821563512),before,,Butterflies,
10710,1991,2020-07-07,p4,Waarmaarde2,blok,V,Dagvlinders,1,Maniola,50.78032874,3.46945815,3,GPS,2020,POINT (86578.66228341176 163699.91834911704),before,,Butterflies,
10715,2048,2020-07-18,p5,Palingbeek,blok,V,Dagvlinders,1,Maniola,50.8228337,2.91169404,3,GPS,2020,POINT (47339.97582317676 169051.00699629635),after,,Butterflies,
10716,2049,2020-07-18,p5,Palingbeek,blok,V,Bijen,1,Bombus,50.8228337,2.91169404,3,GPS,2020,POINT (47339.97582317676 169051.00699629635),after,,Bombus,
10717,2055,2020-07-18,p5,Palingbeek,blok,V,Dagvlinders,1,Pyronia,50.82298097,2.91146002,3,GPS,2020,POINT (47323.81093017582 169067.70958764013),after,,Butterflies,
10718,2063,2020-07-18,p5,Palingbeek,blok,V,Bijen,1,Apis,50.82264737,2.91130562,3,GPS,2020,POINT (47312.205774372735 169030.82048266102),after,,Apis,
10719,2071,2020-07-18,p5,Palingbeek,blok,V,Bijen,1,Apis,50.82270085,2.91182522,3,GPS,2020,POINT (47348.92738003291 169036.05032947194),after,,Apis,
10720,2074,2020-07-18,p5,Palingbeek,blok,V,Bijen,1,Apis,50.8227933,2.91205329,3,GPS,2020,POINT (47365.19615782586 169046.01736240275),after,,Apis,
10721,2076,2020-07-18,p5,Palingbeek,blok,V,Bijen,1,Apis,50.82283488,2.91216066,3,GPS,2020,POINT (47372.85085647099 169050.49349514116),after,,Apis,
10722,2090,2020-07-18,p5,Palingbeek,blok,V,Bijen,1,Apis,50.8226208,2.91222143,3,GPS,2020,POINT (47376.66509011116 169026.5998619292),after,,Apis,
10723,2093,2020-07-18,p5,Palingbeek,blok,V,Bijen,1,Bombus,50.82244252,2.91197299,3,GPS,2020,POINT (47358.77401918026 169007.11504607275),after,,Bombus,
10724,2095,2020-07-18,p5,Palingbeek,blok,V,Bijen,1,Apis,50.82232023,2.91189889,3,GPS,2020,POINT (47353.28701184914 168993.61650988553),after,,Apis,
10725,2096,2020-07-18,p5,Palingbeek,blok,V,Dagvlinders,1,Polyommatus,50.8222691,2.91189923,3,GPS,2020,POINT (47353.19942886698 168987.9294334324),after,,Butterflies,
10726,2106,2020-07-18,p5,Palingbeek,blok,V,Dagvlinders,1,Polyommatus,50.82264435,2.91284119,3,GPS,2020,POINT (47420.37750471762 169028.36307591014),after,,Butterflies,
10727,2110,2020-07-18,p5,Palingbeek,blok,V,Dagvlinders,1,Maniola,50.82280554,2.91291646,3,GPS,2020,POINT (47426.03152677606 169046.18647310603),after,,Butterflies,
10744,2198,2020-07-18,p5,Palingbeek,sinus,V,Bijen,1,Bombus,50.82060831,2.91405967,3,GPS,2020,POINT (47501.782548514544 168800.2356371591),after,,Bombus,
10745,2200,2020-07-18,p5,Palingbeek,sinus,V,Bijen,1,Bombus,50.8205705,2.91418338,3,GPS,2020,POINT (47510.41574192894 168795.8597781891),after,,Bombus,
10746,2202,2020-07-18,p5,Palingbeek,sinus,V,Bijen,1,Bombus,50.82044888,2.91423149,3,GPS,2020,POINT (47513.54028349274 168782.26699734852),after,,Bombus,
10747,2203,2020-07-18,p5,Palingbeek,sinus,V,Dagvlinders,1,Maniola,50.82049767,2.91414198,3,GPS,2020,POINT (47507.34042395542 168787.81684536114),after,,Butterflies,
10748,2204,2020-07-18,p5,Palingbeek,sinus,V,Dagvlinders,1,Maniola,50.82049767,2.91414198,3,GPS,2020,POINT (47507.34042395542 168787.81684536114),after,,Butterflies,
10749,2206,2020-07-18,p5,Palingbeek,sinus,V,Bijen,1,Apis,50.82049767,2.91414198,3,GPS,2020,POINT (47507.34042395542 168787.81684536114),after,,Apis,
10750,2210,2020-07-18,p5,Palingbeek,sinus,V,Bijen,1,Bombus,50.82049356,2.91431313,3,GPS,2020,POINT (47519.38925971332 168787.12361693848),after,,Bombus,
10751,2215,2020-07-18,p5,Palingbeek,sinus,V,Bijen,1,Apis,50.82045366,2.91463022,3,GPS,2020,POINT (47541.641876907495 168782.2486075135),after,,Apis,
10752,2216,2020-07-18,p5,Palingbeek,sinus,V,Bijen,1,Bombus,50.82049842,2.91462528,3,GPS,2020,POINT (47541.391302950506 168787.2335662637),after,,Bombus,
10753,2218,2020-07-18,p5,Palingbeek,sinus,V,Bijen,1,Bombus,50.82039574,2.91482368,3,GPS,2020,POINT (47555.14535893258 168775.54001731332),after,,Bombus,
10754,2223,2020-07-18,p5,Palingbeek,sinus,V,Dagvlinders,1,Maniola,50.82028569,2.91483147,3,GPS,2020,POINT (47555.454597080825 168763.28966541216),after,,Butterflies,
10755,2227,2020-07-18,p5,Palingbeek,sinus,V,Dagvlinders,1,Maniola,50.82016733,2.91480825,3,GPS,2020,POINT (47553.561027954944 168750.15785159264),after,,Butterflies,
10756,2229,2020-07-18,p5,Palingbeek,sinus,V,Dagvlinders,1,Pyronia,50.82020254,2.91469493,3,GPS,2020,POINT (47545.65405869103 168754.23014086112),after,,Butterflies,
10757,2235,2020-07-18,p5,Palingbeek,sinus,V,Dagvlinders,1,Maniola,50.82030673,2.91457138,3,GPS,2020,POINT (47537.176575589474 168765.98841196205),after,,Butterflies,
10758,2236,2020-07-18,p5,Palingbeek,sinus,V,Bijen,1,Bombus,50.82030673,2.91457138,3,GPS,2020,POINT (47537.176575589474 168765.98841196205),after,,Bombus,
10759,2251,2020-07-18,p5,Palingbeek,sinus,V,Dagvlinders,1,Pyronia,50.8206322,2.91509449,3,GPS,2020,POINT (47574.73907871889 168801.4653507918),after,,Butterflies,
10760,2260,2020-07-18,p5,Palingbeek,sinus,V,Bijen,1,Apis,50.82065541,2.91467481,3,GPS,2020,POINT (47545.222576602755 168804.62546571996),after,,Apis,
10761,2266,2020-07-18,p5,Palingbeek,sinus,V,Dagvlinders,1,Pyronia,50.82083881,2.91446879,3,GPS,2020,POINT (47531.10755600434 168825.3071196014),after,,Butterflies,
10762,2267,2020-07-18,p5,Palingbeek,sinus,V,Dagvlinders,1,Maniola,50.82083881,2.91446879,3,GPS,2020,POINT (47531.10755600434 168825.3071196014),after,,Butterflies,
10763,2269,2020-07-18,p5,Palingbeek,sinus,V,Bijen,1,Bombus,50.82083881,2.91446879,3,GPS,2020,POINT (47531.10755600434 168825.3071196014),after,,Bombus,
10779,2355,2020-07-21,p5,Muziekbos,sinus,V,Dagvlinders,1,Maniola,50.76875643,3.65543012,3,GPS,2020,POINT (99681.25410777814 162270.3891487196),after,,Butterflies,
10780,2361,2020-07-21,p5,Muziekbos,sinus,V,Dagvlinders,1,Maniola,50.76852744,3.65554134,3,GPS,2020,POINT (99688.85506264363 162244.84254070185),after,,Butterflies,
10781,2362,2020-07-21,p5,Muziekbos,sinus,V,Bijen,1,Andrena,50.76849139,3.65557185,3,GPS,2020,POINT (99690.9687493727 162240.81192758866),after,,Other bees,
10782,2366,2020-07-21,p5,Muziekbos,sinus,V,Bijen,1,Bombus,50.76839718,3.65556289,3,GPS,2020,POINT (99690.23615330613 162230.33870322257),after,,Bombus,
10783,2367,2020-07-21,p5,Muziekbos,sinus,V,Bijen,1,Bombus,50.76839718,3.65556289,3,GPS,2020,POINT (99690.23615330613 162230.33870322257),after,,Bombus,
10784,2386,2020-07-21,p5,Muziekbos,sinus,V,Bijen,1,Bombus,50.76835334,3.65516013,3,GPS,2020,POINT (99661.77868673168 162225.73494299408),after,,Bombus,
10785,2390,2020-07-21,p5,Muziekbos,sinus,V,Dagvlinders,1,Maniola,50.76844068,3.65512644,3,GPS,2020,POINT (99659.4954797379 162235.47287731897),after,,Butterflies,
10786,2406,2020-07-21,p5,Muziekbos,sinus,V,Bijen,1,Bombus,50.76856884,3.65519073,3,GPS,2020,POINT (99664.16735448138 162249.68499395065),after,,Bombus,
10787,2407,2020-07-21,p5,Muziekbos,sinus,V,Bijen,1,Bombus,50.7685297,3.65516198,3,GPS,2020,POINT (99662.0975385349 162245.35079413187),after,,Bombus,
10788,2416,2020-07-21,p5,Muziekbos,sinus,V,Bijen,1,Bombus,50.76858544,3.65533247,3,GPS,2020,POINT (99674.18336620646 162251.43548201025),after,,Bombus,
10789,2418,2020-07-21,p5,Muziekbos,sinus,V,Bijen,1,Bombus,50.76869784,3.65532098,3,GPS,2020,POINT (99673.4928828351 162263.94588558283),after,,Bombus,
10790,2420,2020-07-21,p5,Muziekbos,sinus,V,Dagvlinders,1,Maniola,50.76876272,3.65534227,3,GPS,2020,POINT (99675.06394192576 162271.1482866397),after,,Butterflies,
10800,2480,2020-07-21,p5,Muziekbos,blok,V,Bijen,1,Apis,50.76949194,3.65648875,3,GPS,2020,POINT (99756.71324993909 162351.48619073816),after,,Apis,
10801,2481,2020-07-21,p5,Muziekbos,blok,V,Bijen,1,Apis,50.76949194,3.65648875,3,GPS,2020,POINT (99756.71324993909 162351.48619073816),after,,Apis,
10802,2484,2020-07-21,p5,Muziekbos,blok,V,Dagvlinders,1,Maniola,50.76949253,3.65639471,3,GPS,2020,POINT (99750.08046121825 162351.6153945839),after,,Butterflies,
10803,2491,2020-07-21,p5,Muziekbos,blok,V,Bijen,1,Apis,50.76951348,3.65619538,3,GPS,2020,POINT (99736.04241297825 162354.08051880915),after,,Apis,
10804,2497,2020-07-21,p5,Muziekbos,blok,V,Bijen,1,Bombus,50.76936127,3.65613176,3,GPS,2020,POINT (99731.39243169299 162337.19271977525),after,,Bombus,
10805,2500,2020-07-21,p5,Muziekbos,blok,V,Dagvlinders,1,Maniola,50.76925331,3.65609824,3,GPS,2020,POINT (99728.91283269906 162325.20664083958),after,,Butterflies,
10806,2502,2020-07-21,p5,Muziekbos,blok,V,Dagvlinders,1,Maniola,50.76933889,3.65607988,3,GPS,2020,POINT (99727.70902576382 162334.73840809707),after,,Butterflies,
10807,2510,2020-07-21,p5,Muziekbos,blok,V,Dagvlinders,1,Maniola,50.76947895,3.65584049,3,GPS,2020,POINT (99710.97226049827 162350.4796994971),after,,Butterflies,
10812,2564,2020-07-23,p5,Kemmelberg,sinus,V,Bijen,1,Heriades,50.77313153,2.79713966,3,GPS,2020,POINT (39153.007780944026 163687.94429145567),after,,Other bees,
10813,2573,2020-07-23,p5,Kemmelberg,sinus,V,Bijen,1,Colletes,50.77294009,2.79613098,3,GPS,2020,POINT (39081.424622586856 163668.15919586085),after,,Other bees,
10814,2582,2020-07-23,p5,Kemmelberg,sinus,V,Dagvlinders,1,Pyronia,50.77262937,2.7961723,3,GPS,2020,POINT (39083.60687125217 163633.54120575916),after,,Butterflies,
10815,2584,2020-07-23,p5,Kemmelberg,sinus,V,Bijen,1,Bombus,50.77262937,2.7961723,3,GPS,2020,POINT (39083.60687125217 163633.54120575916),after,,Bombus,
10816,2586,2020-07-23,p5,Kemmelberg,sinus,V,Dagvlinders,1,Maniola,50.77254438,2.79622796,3,GPS,2020,POINT (39087.33194861708 163624.0060546687),after,,Butterflies,
10817,2591,2020-07-23,p5,Kemmelberg,sinus,V,Bijen,1,Bombus,50.77274512,2.79648101,3,GPS,2020,POINT (39105.649911222325 163645.95328054763),after,,Bombus,
10818,2608,2020-07-23,p5,Kemmelberg,sinus,V,Dagvlinders,1,Maniola,50.77286708,2.79804826,3,GPS,2020,POINT (39216.46052785356 163657.17841040716),after,,Butterflies,
10819,2609,2020-07-23,p5,Kemmelberg,sinus,V,Bijen,1,Bombus,50.77294344,2.79790476,3,GPS,2020,POINT (39206.52042073541 163665.88470458426),after,,Bombus,
10820,2614,2020-07-23,p5,Kemmelberg,sinus,V,Bijen,1,Colletes,50.77331501,2.79790116,3,GPS,2020,POINT (39207.14052870359 163707.2137393793),after,,Other bees,
10822,2656,2020-07-23,p5,Kemmelberg,blok,V,Bijen,1,Bombus,50.77730966,2.79549287,3,GPS,2020,POINT (39046.7183532175 164155.06804918125),after,,Bombus,
10823,2682,2020-07-23,p5,Kemmelberg,blok,V,Dagvlinders,1,Maniola,50.77757109,2.79638537,3,GPS,2020,POINT (39110.26758441495 164182.80996874068),after,,Butterflies,
10834,3023,2020-09-02,p6,Waarmaarde,sinus,V,Dagvlinders,1,Lycaena,50.79408101,3.49374605,3,GPS,2020,POINT (88309.4636422637 165209.15116365068),,,Butterflies,
10835,3025,2020-09-02,p6,Waarmaarde,sinus,V,Bijen,1,Colletes,50.79408101,3.49374605,3,GPS,2020,POINT (88309.4636422637 165209.15116365068),,,Other bees,
10836,3033,2020-09-02,p6,Waarmaarde,sinus,V,Dagvlinders,1,Aricia,50.79416952,3.49389056,3,GPS,2020,POINT (88319.76747711468 165218.87630002014),,,Butterflies,
10839,3134,2020-09-07,p6,Muziekbos,sinus,V,Bijen,1,Anthidiellum,50.76834991,3.65513926,3,GPS,2020,POINT (99660.30285457722 162225.36754801404),,,Other bees,
10840,3141,2020-09-07,p6,Muziekbos,sinus,V,Bijen,1,Bombus,50.76849642,3.65514438,3,GPS,2020,POINT (99660.82049604018 162241.6608703211),,,Bombus,
10841,3154,2020-09-07,p6,Muziekbos,sinus,V,Dagvlinders,1,Lycaena,50.76873505,3.65529785,3,GPS,2020,POINT (99671.9010384539 162268.1005391823),,,Butterflies,
10845,3280,2020-09-13,p6,Kemmelberg,sinus,V,Dagvlinders,1,Pieris,50.77300874,2.79774869,3,GPS,2020,POINT (39195.66788790804 163673.3797443295),,,Butterflies,
10846,3283,2020-09-13,p6,Kemmelberg,sinus,V,Bijen,1,Colletes,50.7733311,2.79793795,3,GPS,2020,POINT (39209.77280420577 163708.94829681516),,,Other bees,
10847,3286,2020-09-13,p6,Kemmelberg,sinus,V,Bijen,1,Halictus,50.77322348,2.79766252,3,GPS,2020,POINT (39190.09631461416 163697.39030453935),,,Other bees,
10848,3289,2020-09-13,p6,Kemmelberg,sinus,V,Dagvlinders,1,Polyommatus,50.77322348,2.79766252,3,GPS,2020,POINT (39190.09631461416 163697.39030453935),,,Butterflies,
10849,3291,2020-09-13,p6,Kemmelberg,sinus,V,Bijen,1,Lasioglossum,50.77321007,2.79761701,3,GPS,2020,POINT (39186.85539590576 163695.9668176826),,,Other bees,
10851,3323,2020-09-13,p6,Kemmelberg,sinus,V,Bijen,1,Andrena,50.77295065,2.79647883,3,GPS,2020,POINT (39105.98004749122 163668.81427078694),,,Other bees,
10852,3396,2020-09-14,p6,Palingbeek,sinus,V,Dagvlinders,1,Polyommatus,50.82117241,2.91414315,3,GPS,2020,POINT (47508.892469518745 168862.85887937248),,,Butterflies,
10853,3401,2020-09-14,p6,Palingbeek,sinus,V,Bijen,1,Apis,50.82122999,2.91413519,3,GPS,2020,POINT (47508.457095863865 168869.27383002918),,,Apis,
10854,3410,2020-09-14,p6,Palingbeek,sinus,V,Bijen,1,Bombus,50.82145086,2.91365541,3,GPS,2020,POINT (47475.13759729115 168894.5007350482),,,Bombus,
10855,3411,2020-09-14,p6,Palingbeek,sinus,V,Dagvlinders,1,Pieris,50.82139109,2.91357393,3,GPS,2020,POINT (47469.26708748231 168887.96565395873),,,Butterflies,
10857,3485,2020-09-14,p6,Palingbeek,sinus,V,Dagvlinders,1,Polyommatus,50.82029382,2.91486282,3,GPS,2020,POINT (47557.68096294586 168764.15064031072),,,Butterflies,
10858,3560,2020-09-14,p6,Palingbeek,blok,V,Bijen,1,Apis,50.82248728,2.91190283,3,GPS,2020,POINT (47353.92898402778 169012.19013224076),,,Apis,
10859,3570,2020-09-14,p6,Palingbeek,blok,V,Bijen,1,Apis,50.82260563,2.91192932,3,GPS,2020,POINT (47356.05333082074 169025.31625133567),,,Apis,
10860,3580,2020-09-14,p6,Palingbeek,blok,V,Dagvlinders,1,Pieris,50.8228513,2.91255034,3,GPS,2020,POINT (47400.33884993006 169051.78143389616),,,Butterflies,
10861,3601,2020-09-14,p6,Palingbeek,blok,V,Dagvlinders,1,Aricia,50.82242182,2.91235101,3,GPS,2020,POINT (47385.35986535778 169004.2905821018),,,Butterflies,
10864,3706,2020-09-18,p7,Waarmaarde,blok,V,Bijen,1,Colletes,50.79341406,3.4920768,3,GPS,2020,POINT (88190.90666451381 165136.35247540195),,,Other bees,
10865,3764,2020-09-18,p7,Waarmaarde2,sinus,V,Dagvlinders,1,Lycaena,50.78108294,3.47092439,3,GPS,2020,POINT (86683.07532798499 163782.558108069),,,Butterflies,
10866,3801,2020-09-18,p7,Waarmaarde2,blok,V,Bijen,1,Colletes,50.78036092,3.46930593,3,GPS,2020,POINT (86567.97104244931 163703.627679131),,,Other bees,
10868,3841,2020-10-09,p7,Palingbeek,sinus,V,Dagvlinders,1,Pieris,50.76852148,3.65533129,3,GPS,2020,POINT (99674.03183626314 162244.32179903053),,,Butterflies,
10874,3912,2020-09-21,p7,Muziekbos,sinus,V,Bijen,1,Bombus,50.7683463,3.65546985,3,GPS,2020,POINT (99683.6188055171 162224.74213636015),,,Bombus,
10875,3938,2020-09-21,p7,Muziekbos,sinus,V,Dagvlinders,1,Polyommatus,50.82294032,2.91278595,3,GPS,2020,POINT (47417.13117833476 169061.356735155),,,Butterflies,
10876,3954,2020-09-21,p7,Muziekbos,sinus,V,Dagvlinders,1,Polyommatus,50.82231528,2.91175623,3,GPS,2020,POINT (47343.22598740693 168993.26310998946),,,Butterflies,
11086,6771,2022-04-12,p1,Kemmelberg,sinus,V,Bijen,1,Apis,50.7731918385728,2.79786536470316,4,GSM,2022,POINT (39204.32652246402 163693.5687803235),,,Apis,
11087,6773,2022-04-12,p1,Kemmelberg,sinus,V,Bijen,1,Apis,50.7728845580022,2.79750871472321,4,GSM,2022,POINT (39178.45255867639 163659.92699157074),,,Apis,
11088,6787,2022-04-12,p1,Kemmelberg,blok,V,Bijen,1,Apis,50.7771482645075,2.79524719342849,3,GSM,2022,POINT (39029.01445987199 164137.48563782126),,,Apis,
11094,6866,2022-06-20,p3,Muziekbos,sinus,V,Bijen,1,Apis,50.7684090827133,3.65540916100484,3,GSM,2022,POINT (99679.40483477135 162231.76675246842),before,,Apis,
11098,6898,2022-08-06,p4,Muziekbos,sinus,V,Bijen,1,Apis,50.7681869622796,3.6552742961828097,4,GSM,2022,POINT (99669.6543000179 162207.15088402946),after,Muziekbos_sinus_2022_06,Apis,-8.42371953626434
11099,6906,2022-08-06,p4,Muziekbos,blok,V,Bijen,1,Apis,50.769524378749296,3.6560009233687505,3,GSM,2022,POINT (99722.3374140932 162355.424349783),after,Muziekbos_blok_2022_06,Apis,-0.7135901053734954
11100,6908,2022-08-06,p4,Muziekbos,blok,V,Bijen,1,Apis,50.7693147892605,3.656495790932,5,GSM,2022,POINT (99757.02106154079 162331.7763621332),after,Muziekbos_blok_2022_06,Apis,-5.082141911628633
11101,6909,2022-08-10,p4,Kemmelberg,sinus,V,Bijen,1,Apis,50.7729185885291,2.79615956358872,3,GSM,2022,POINT (39083.38972171956 163665.7252598526),after,Kemmelberg_sinus_2022_06,Apis,-7.160497491499253
11102,6915,2022-09-21,p6,Muziekbos,sinus,V,Bijen,1,Apis,50.7687929738788,3.65494379774076,13,GSM,2022,POINT (99646.98829354969 162274.78341028187),,Muziekbos_sinus_2022_06,Apis,17.762349160698122
11104,6959,2022-08-10,p4,Kemmelberg,sinus,V,Dagvlinders,1,Aricia,50.7727445802196,2.79742841609082,4,GSM,2022,POINT (39172.46050316628 163644.47934867535),after,Kemmelberg_sinus_2022_06,Butterflies,-1.5542455814095082
11105,6965,2022-08-24,p5,Palingbeek,sinus,V,Dagvlinders,1,Aricia,50.8206841210376,2.91503607295725,4,GSM,2022,POINT (47570.73653425563 168807.32048373017),,Palingbeek_sinus_2022_06,Butterflies,-0.04706839828501305
11106,7002,2022-08-29,p5,Kemmelberg,blok,V,Dagvlinders,1,Aricia,50.7771527907352,2.79503496364019,4,GSM,2022,POINT (39014.05991260808 164138.3060822105),,Kemmelberg_blok_2022_06,Butterflies,61.514921982125635
11107,7011,2022-08-31,p5,Muziekbos,sinus,V,Dagvlinders,1,Aricia,50.7686682930689,3.6555166170035,3,GSM,2022,POINT (99687.26146661161 162260.52682905085),,Muziekbos_sinus_2022_06,Butterflies,2.6639142193303873
11110,7181,2022-06-14,p3,Waarmaarde2,blok,V,Bijen,1,Bombus,50.7802794920753,3.46883185208166,3,GSM,2022,POINT (86534.42935239819 163694.9751969576),before,,Bombus,
11117,7326,2022-08-05,p4,Palingbeek,sinus,V,Bijen,1,Bombus,50.8204852184754,2.91459610685977,5,GSM,2022,POINT (47539.307264578456 168785.80554783903),after,Palingbeek_sinus_2022_06,Bombus,18.822467604402025
11118,7337,2022-08-05,p4,Palingbeek,sinus,V,Bijen,1,Bombus,50.8208098495855,2.913888422775,8,GSM,2022,POINT (47490.156981659864 168822.88688315265),after,Palingbeek_sinus_2022_06,Bombus,9.004108577190209
11119,7341,2022-08-05,p4,Palingbeek,sinus,V,Bijen,1,Bombus,50.8211412700369,2.91402462870153,4,GSM,2022,POINT (47500.47474794487 168859.55906237382),after,Palingbeek_sinus_2022_06,Bombus,2.9361729458507195
11120,7361,2022-08-05,p4,Palingbeek,blok,V,Bijen,1,Bombus,50.8227139246192,2.91306674480709,3,GSM,2022,POINT (47436.41911400641 169035.78963474743),after,Palingbeek_blok_2022_06,Bombus,66.49855906114385
11122,7381,2022-08-10,p4,Kemmelberg,sinus,V,Bijen,1,Bombus,50.7729873620449,2.79613927938304,4,GSM,2022,POINT (39082.12121425608 163673.40409852564),after,Kemmelberg_sinus_2022_06,Bombus,-6.82138963001778
11127,7513,2022-05-14,p2,Muziekbos,sinus,V,Bijen,1,Bombus,50.7683260599624,3.65517782047731,3,GSM,2022,POINT (99662.99743765205 162222.68851315603),,,Bombus,
11129,7561,2022-05-22,p2,Kemmelberg,sinus,V,Bijen,1,Bombus,50.773024871061295,2.79714334756396,3,GSM,2022,POINT (39153.01683184989 163676.0768589722),,,Bombus,
11130,7562,2022-05-22,p2,Kemmelberg,sinus,V,Bijen,1,Bombus,50.7729401946691,2.79673826345058,36,GSM,2022,POINT (39124.250817027074 163667.2642355319),,,Bombus,
11131,7563,2022-05-22,p2,Kemmelberg,sinus,V,Bijen,1,Bombus,50.7729636412586,2.79695601202808,3,GSM,2022,POINT (39139.66174559087 163669.54682905506),,,Bombus,
11132,7566,2022-05-22,p2,Kemmelberg,sinus,V,Bijen,1,Bombus,50.7726113079588,2.79638445005081,4,GSM,2022,POINT (39098.52537704265 163631.21571288165),,,Bombus,
11133,7567,2022-05-22,p2,Kemmelberg,sinus,V,Bijen,1,Bombus,50.7728894614159,2.79694754630587,4,GSM,2022,POINT (39138.89015184497 163661.3096528966),,,Bombus,
11134,7569,2022-05-22,p2,Kemmelberg,sinus,V,Bijen,1,Bombus,50.772981662350404,2.79766352847479,4,GSM,2022,POINT (39189.59855911696 163670.49537255988),,,Bombus,
11139,7709,2022-08-02,p4,Waarmaarde,sinus,V,Bijen,1,Bombus,50.7939067064326,3.49423857406107,3,GSM,2022,POINT (88343.95829957508 165189.35435753968),after,Waarmaarde_sinus_2022_06,Bombus,-0.7684000017577766
11142,7756,2022-08-06,p4,Muziekbos,sinus,V,Bijen,1,Bombus,50.768402209553,3.65521327592772,4,GSM,2022,POINT (99665.57978695925 162231.13487062603),after,Muziekbos_sinus_2022_06,Bombus,8.28481672530666
11146,7785,2022-08-10,p4,Kemmelberg,sinus,V,Bijen,1,Bombus,50.7728071511264,2.79743864201269,3,GSM,2022,POINT (39173.328862159775 163651.42283123266),after,Kemmelberg_sinus_2022_06,Bombus,5.063859928000471
11147,7789,2022-08-10,p4,Kemmelberg,sinus,V,Bijen,1,Bombus,50.7726048119839,2.79661168344579,3,GSM,2022,POINT (39114.534815719235 163630.15405126382),after,Kemmelberg_sinus_2022_06,Bombus,-2.803161016880285
11148,7792,2022-08-10,p4,Kemmelberg,sinus,V,Bijen,1,Bombus,50.7728623040493,2.7964523434665,3,GSM,2022,POINT (39103.90421053098 163659.02853791136),after,Kemmelberg_sinus_2022_06,Bombus,10.437896555785597
11150,7879,2022-08-29,p5,Kemmelberg,sinus,V,Bijen,1,Bombus,50.7726850267972,2.79656214639804,3,GSM,2022,POINT (39111.23024879108 163639.14897718094),,Kemmelberg_sinus_2022_06,Bombus,6.552100827663967
11152,7893,2022-08-29,p5,Kemmelberg,blok,V,Bijen,1,Bombus,50.7768281177159,2.79560116119943,3,GSM,2022,POINT (39053.22008349879 164101.35220099892),,Kemmelberg_blok_2022_06,Bombus,-58.69508315246735
11154,7914,2022-08-31,p5,Muziekbos,sinus,V,Bijen,1,Bombus,50.7684283191811,3.65539306775075,3,GSM,2022,POINT (99678.29015664705 162233.91738432087),,Muziekbos_sinus_2022_06,Bombus,4.233716978347681
11155,7965,2022-09-21,p6,Muziekbos,sinus,V,Bijen,1,Bombus,50.7680979464675,3.65534042939884,69,GSM,2022,POINT (99674.22430516145 162197.204580185),,Muziekbos_sinus_2022_06,Bombus,16.02195510870402
11156,7966,2022-09-21,p6,Muziekbos,sinus,V,Bijen,1,Bombus,50.7681802986662,3.6554535850916494,4,GSM,2022,POINT (99682.29426216248 162206.28827234078),,Muziekbos_sinus_2022_06,Bombus,7.265949861681213
11157,7970,2022-09-21,p6,Muziekbos,sinus,V,Bijen,1,Bombus,50.7687339233707,3.6549986992065295,7,GSM,2022,POINT (99650.79792351052 162268.17783358973),,Muziekbos_sinus_2022_06,Bombus,10.272443235573737
11165,8094,2022-05-14,p2,Muziekbos,blok,V,Bijen,1,Bombus,50.7696194295312,3.65651263855738,14,GSM,2022,POINT (99758.53420836349 162365.65112938173),,,Bombus,
11166,8145,2022-06-20,p3,Muziekbos,sinus,V,Bijen,1,Bombus,50.7685960829733,3.65546087734741,4,GSM,2022,POINT (99683.25253187456 162252.53239557054),before,,Bombus,
11167,8175,2022-08-05,p4,Palingbeek,sinus,V,Bijen,1,Bombus,50.820704195696,2.9148245137212,4,GSM,2022,POINT (47555.87561300487 168809.8448863821),after,Palingbeek_sinus_2022_06,Bombus,-3.7111387071166844
11170,8364,2022-08-25,p5,Waarmaarde,sinus,V,Bijen,1,Colletes,50.7938679401307,3.49410706200031,4,GSM,2022,POINT (88334.6359386305 165185.15145129338),,Waarmaarde_sinus_2022_06,Other bees,3.7132086470855947
11171,8374,2022-08-29,p5,Kemmelberg,sinus,V,Bijen,1,Colletes,50.7730582729458,2.79697679914794,4,GSM,2022,POINT (39141.35038099351 163680.0401415797),,Kemmelberg_sinus_2022_06,Other bees,-5.651594542354419
11172,8378,2022-08-31,p5,Muziekbos,sinus,V,Bijen,1,Colletes,50.7685303269426,3.65509953350169,3,GSM,2022,POINT (99657.69325171079 162245.46282690205),,Muziekbos_sinus_2022_06,Other bees,-4.005315707190456
11173,8913,2022-09-22,p6,Palingbeek,sinus,V,Bijen,1,Lasioglossum,50.821435810114,2.91354258545014,12,GSM,2022,POINT (47467.156299889 168892.9826253662),,Palingbeek_sinus_2022_06,Other bees,4.019519194715894
11177,9125,2022-06-14,p3,Waarmaarde2,blok,V,Dagvlinders,1,Maniola,50.780408238108,3.46861777827466,6,GSM,2022,POINT (86519.5063126116 163709.4785539154),before,,Butterflies,
11178,9146,2022-06-14,p3,Waarmaarde2,sinus,V,Dagvlinders,1,Maniola,50.7816359354656,3.47137785517002,6,GSM,2022,POINT (86715.79608325113 163843.68187639583),before,,Butterflies,
11179,9160,2022-06-14,p3,Waarmaarde2,sinus,V,Dagvlinders,1,Maniola,50.7812753040819,3.47098675556804,4,GSM,2022,POINT (86687.73180415784 163803.90175409336),before,,Butterflies,
11182,9177,2022-06-14,p3,Waarmaarde,sinus,V,Dagvlinders,1,Maniola,50.7940343209084,3.49393799901334,3,GSM,2022,POINT (88322.93486308973 165203.79853407294),before,,Butterflies,
11183,9184,2022-06-14,p3,Waarmaarde,sinus,V,Dagvlinders,1,Maniola,50.7940897131714,3.49374831348736,4,GSM,2022,POINT (88309.6346171484 165210.11735088192),before,,Butterflies,
11184,9186,2022-06-14,p3,Waarmaarde,sinus,V,Dagvlinders,1,Maniola,50.7946323375732,3.49424526944927,39,GSM,2022,POINT (88345.38022711889 165270.0618125191),before,,Butterflies,
11190,9218,2022-06-14,p3,Waarmaarde,blok,V,Dagvlinders,1,Maniola,50.7931768522139,3.4928170871022,3,GSM,2022,POINT (88242.78643516352 165109.35202813894),before,,Butterflies,
11191,9224,2022-06-14,p3,Waarmaarde,blok,V,Dagvlinders,1,Maniola,50.7932150745311,3.49225885439057,4,GSM,2022,POINT (88203.48055788092 165114.06763144955),before,,Butterflies,
11192,9230,2022-06-14,p3,Waarmaarde,blok,V,Dagvlinders,1,Maniola,50.7934772177141,3.49259446375397,3,GSM,2022,POINT (88227.4851835788 165142.94714431744),before,,Butterflies,
11194,9257,2022-06-18,p3,Kemmelberg,sinus,V,Dagvlinders,1,Maniola,50.772694978329106,2.79657832363024,32,GSM,2022,POINT (39112.39450896975 163640.23157437798),before,,Butterflies,
11195,9295,2022-06-18,p3,Kemmelberg,blok,V,Dagvlinders,1,Maniola,50.7779784920166,2.7972256578531,3,GSM,2022,POINT (39170.47798008118 164226.8646605434),before,,Butterflies,
11197,9317,2022-06-20,p3,Muziekbos,sinus,V,Dagvlinders,1,Maniola,50.768543696078495,3.65547931753439,10,GSM,2022,POINT (99684.4973706961 162246.69274432398),before,,Butterflies,
11198,9321,2022-06-20,p3,Muziekbos,sinus,V,Dagvlinders,1,Maniola,50.7687774546321,3.65560141909321,44,GSM,2022,POINT (99693.35987517137 162272.61182814557),before,,Butterflies,
11201,9351,2022-06-20,p3,Muziekbos,blok,V,Dagvlinders,1,Maniola,50.7694685971837,3.6561383865807695,3,GSM,2022,POINT (99731.97432915398 162349.12659877166),before,,Butterflies,
11202,9358,2022-06-21,p3,Palingbeek,blok,V,Dagvlinders,1,Maniola,50.8224863978576,2.91219343431565,3,GSM,2022,POINT (47374.399713050065 169011.69051755872),before,,Butterflies,
11203,9368,2022-06-21,p3,Palingbeek,blok,V,Dagvlinders,1,Maniola,50.8226778824355,2.91157769970867,3,GSM,2022,POINT (47331.43990216906 169033.83796746098),before,,Butterflies,
11204,9382,2022-06-21,p3,Palingbeek,blok,V,Dagvlinders,1,Maniola,50.8226965321704,2.91272685863348,4,GSM,2022,POINT (47412.43681705906 169034.32458720542),before,,Butterflies,
11208,9430,2022-06-21,p3,Palingbeek,sinus,V,Dagvlinders,1,Maniola,50.8210227918353,2.91344275698337,3,GSM,2022,POINT (47459.22336144144 168847.18509909697),before,,Butterflies,
11209,9431,2022-06-21,p3,Palingbeek,sinus,V,Dagvlinders,1,Maniola,50.820965878713,2.91331007145616,4,GSM,2022,POINT (47449.75153334392 168841.03846072964),before,,Butterflies,
11210,9436,2022-06-21,p3,Palingbeek,sinus,V,Dagvlinders,1,Maniola,50.8214699663695,2.91364769451591,3,GSM,2022,POINT (47474.635669216674 168896.63636742812),before,,Butterflies,
11211,9437,2022-06-21,p3,Palingbeek,sinus,V,Dagvlinders,1,Maniola,50.8213614207234,2.91387937031957,10,GSM,2022,POINT (47490.72079357374 168884.24435273837),before,,Butterflies,
11212,9444,2022-06-21,p3,Palingbeek,sinus,V,Dagvlinders,1,Maniola,50.8209564071621,2.91487128474089,9,GSM,2022,POINT (47559.719744945774 168837.83100379724),before,,Butterflies,
11213,9448,2022-06-21,p3,Palingbeek,sinus,V,Dagvlinders,1,Maniola,50.8204601565849,2.91501562111351,52,GSM,2022,POINT (47568.80816214839 168782.439663467),before,,Butterflies,
11214,9449,2022-06-21,p3,Palingbeek,sinus,V,Dagvlinders,1,Maniola,50.820121360059,2.9148726258454,8,GSM,2022,POINT (47557.996365461804 168744.95636176318),before,,Butterflies,
11215,9457,2022-06-21,p3,Palingbeek,sinus,V,Dagvlinders,1,Maniola,50.8206698298927,2.91437725536796,38,GSM,2022,POINT (47524.29085594996 168806.63964939676),before,,Butterflies,
11229,9568,2022-08-05,p4,Palingbeek,blok,V,Dagvlinders,1,Maniola,50.822585727014,2.91143064722526,4,GSM,2022,POINT (47320.879217663445 169023.79181686137),after,Palingbeek_blok_2022_06,Butterflies,5.366840319928154
11232,9902,2022-08-24,p5,Palingbeek,sinus,V,Dagvlinders,1,Pieris,50.8209510427441,2.91339187883111,15,GSM,2022,POINT (47455.482602606135 168839.27549604978),,Palingbeek_sinus_2022_06,Butterflies,1.7432762429854156
11233,9904,2022-08-24,p5,Palingbeek,sinus,V,Dagvlinders,1,Pieris,50.8211751748349,2.91310463100943,5,GSM,2022,POINT (47435.734261904945 168864.59970397875),,Palingbeek_sinus_2022_06,Butterflies,-4.107522569874525
11235,10030,2022-09-22,p6,Palingbeek,sinus,V,Dagvlinders,1,Pieris,50.820747278678,2.91382388212058,3,GSM,2022,POINT (47485.47370927877 168816.0168971438),,Palingbeek_sinus_2022_06,Butterflies,2.0312687165812213
11236,10154,2022-08-02,p4,Waarmaarde,sinus,V,Dagvlinders,1,Polyommatus,50.7940463489394,3.49370196462002,8,GSM,2022,POINT (88306.31023110975 165205.33236349747),after,Waarmaarde_sinus_2022_06,Butterflies,2.1939412649462295
11240,10203,2022-08-10,p4,Kemmelberg,sinus,V,Dagvlinders,1,Polyommatus,50.772743993486,2.79734719544909,3,GSM,2022,POINT (39166.73137492723 163644.53527549002),after,Kemmelberg_sinus_2022_06,Butterflies,-3.4027299232713495
11241,10226,2022-08-24,p5,Palingbeek,sinus,V,Dagvlinders,1,Polyommatus,50.8206913713842,2.91390283964845,4,GSM,2022,POINT (47490.914572176436 168809.69000879396),,Palingbeek_sinus_2022_06,Butterflies,-4.002173068576043
11242,10235,2022-08-24,p5,Palingbeek,blok,V,Dagvlinders,1,Polyommatus,50.8227604022722,2.91150259785625,4,GSM,2022,POINT (47326.329166412586 169043.11950548645),,Palingbeek_blok_2022_06,Butterflies,-6.177553657280326
11243,10272,2022-08-25,p5,Waarmaarde2,blok,V,Dagvlinders,1,Polyommatus,50.7803067751704,3.46941053867663,4,GSM,2022,POINT (86575.27515773408 163697.51582445856),,,Butterflies,
11244,10305,2022-08-29,p5,Kemmelberg,sinus,V,Dagvlinders,1,Polyommatus,50.7727756001004,2.79747043783685,5,GSM,2022,POINT (39175.496894822834 163647.8664897289),,Kemmelberg_sinus_2022_06,Butterflies,2.471048492690619
11245,10315,2022-08-29,p5,Kemmelberg,blok,V,Dagvlinders,1,Polyommatus,50.776852802420706,2.7956666238632,3,GSM,2022,POINT (39057.894307045906 164103.99970903806),,Kemmelberg_blok_2022_06,Butterflies,-53.49119935963968
11246,10337,2022-08-31,p5,Muziekbos,sinus,V,Dagvlinders,1,Polyommatus,50.768655552576,3.6555113364045,3,GSM,2022,POINT (99686.87537567876 162259.11323657725),,Muziekbos_sinus_2022_06,Butterflies,-1.5233602103103205
11247,10339,2022-08-31,p5,Muziekbos,sinus,V,Dagvlinders,1,Polyommatus,50.768726882572,3.6554552614722895,3,GSM,2022,POINT (99682.99602715921 162267.08546939865),,Muziekbos_sinus_2022_06,Butterflies,-4.197135417376353
11248,10376,2022-09-21,p6,Muziekbos,sinus,V,Dagvlinders,1,Polyommatus,50.7685295306618,3.65559398196978,4,GSM,2022,POINT (99692.57064259346 162245.03945863806),,Muziekbos_sinus_2022_06,Butterflies,-3.3707327402101415
11250,10476,2022-08-05,p4,Palingbeek,sinus,V,Dagvlinders,1,Pyronia,50.820734538185505,2.91484194807979,8,GSM,2022,POINT (47557.16994145914 168813.19549409673),after,Palingbeek_sinus_2022_06,Butterflies,-5.7648457964431845
11251,87,2020-04-09,p1,Kemmelberg,sinus,V,Bijen,1,Apis,50.7729131402921,2.79763796367012,100,GSM,2020,POINT (39187.63451664473 163662.91291912738),,,Apis,
11252,88,2020-04-09,p1,Kemmelberg,sinus,V,Bijen,1,Apis,50.7732276292991,2.79648813419304,50,GSM,2020,POINT (39107.28826220166 163699.60425438266),,,Apis,
11254,147,2020-04-09,p1,Kemmelberg,blok,V,Bijen,1,Andrena,50.7782504428651,2.79693153687082,100,GSM,2020,POINT (39150.378689853955 164257.54820449557),,,Other bees,
11255,184,2020-04-09,p1,Kemmelberg,sinus,V,Bijen,1,Andrena,50.7734460616957,2.7970895357456,30,GSM,2020,POINT (39150.2132085465 163722.99930755887),,,Other bees,
11266,1047,2020-06-02,p3,Palingbeek,blok,V,Bijen,1,Bombus,50.82236172,2.91250625,3,GPS,2020,POINT (47396.16526654028 168997.3919168515),,,Bombus,
11267,1048,2020-06-02,p3,Palingbeek,blok,V,Bijen,1,Bombus,50.82235476,2.91253148,3,GPS,2020,POINT (47397.92751241442 168996.58298826683),,,Bombus,
11268,1141,2020-06-02,p3,Palingbeek,sinus,V,Dagvlinders,1,Maniola,50.820512,2.91492317,3,GPS,2020,POINT (47562.407686378225 168788.33309827186),,,Butterflies,
11273,1488,2020-06-23,p4,Kemmelberg,sinus,V,Dagvlinders,1,Maniola,50.77284873,2.79651236,3,GPS,2020,POINT (39108.1046588631 163657.42932382412),before,,Butterflies,
11274,1544,2020-06-23,p4,Kemmelberg,blok,V,Dagvlinders,1,Maniola,50.77735576,2.79554207,3,GPS,2020,POINT (39050.29623648626 164160.12151598837),before,,Butterflies,
11275,1552,2020-06-23,p4,Kemmelberg,blok,V,Dagvlinders,1,Maniola,50.77731821,2.79578548,3,GPS,2020,POINT (39067.371582300664 164155.5819146214),before,,Butterflies,
11276,1589,2020-06-23,p4,Palingbeek,sinus,V,Dagvlinders,1,Maniola,50.82087795,2.91339129,3,GPS,2020,POINT (47455.2818369928 168831.14703654405),before,,Butterflies,
11277,1601,2020-06-23,p4,Palingbeek,sinus,V,Dagvlinders,1,Maniola,50.82109354,2.91370796,3,GPS,2020,POINT (47478.06125810857 168854.68757527787),before,,Butterflies,
11278,1613,2020-06-23,p4,Palingbeek,sinus,V,Bijen,1,Bombus,50.82102346,2.91438614,3,GPS,2020,POINT (47525.68688520277 168845.95764680952),before,,Bombus,
11279,1614,2020-06-23,p4,Palingbeek,sinus,V,Dagvlinders,1,Maniola,50.82099547,2.91444892,3,GPS,2020,POINT (47530.048834858855 168842.7580378633),before,,Butterflies,
11280,1617,2020-06-23,p4,Palingbeek,sinus,V,Bijen,1,Bombus,50.82066463,2.915024,3,GPS,2020,POINT (47569.84355190433 168805.16936380696),before,,Bombus,
11281,1620,2020-06-23,p4,Palingbeek,sinus,V,Bijen,1,Bombus,50.82049423,2.91434482,3,GPS,2020,POINT (47521.62332936573 168787.15441666637),before,,Bombus,
11284,1666,2020-06-23,p4,Palingbeek,blok,V,Dagvlinders,1,Maniola,50.8231549,2.91207173,3,GPS,2020,POINT (47367.28392579277 169086.20853818022),before,,Butterflies,
11289,1887,2020-07-07,p4,Waarmaarde,blok,V,Dagvlinders,1,Maniola,50.79315556,3.4925979,3,GPS,2020,POINT (88227.30557483603 165107.16584937833),before,,Butterflies,
11292,2044,2020-07-18,p5,Palingbeek,blok,V,Bijen,1,Apis,50.8228591,2.9119227,3,GPS,2020,POINT (47356.13987614565 169053.5159786269),after,,Apis,
11302,2219,2020-07-18,p5,Palingbeek,sinus,V,Bijen,1,Apis,50.82039574,2.91482368,3,GPS,2020,POINT (47555.14535893258 168775.54001731332),after,,Apis,
11303,2256,2020-07-18,p5,Palingbeek,sinus,V,Bijen,1,Bombus,50.82073018,2.91486097,3,GPS,2020,POINT (47558.500571447905 168812.6845512595),after,,Bombus,
11309,2360,2020-07-21,p5,Muziekbos,sinus,V,Dagvlinders,1,Maniola,50.76858058,3.65553355,3,GPS,2020,POINT (99688.36228249107 162250.7587517798),after,,Butterflies,
11310,2371,2020-07-21,p5,Muziekbos,sinus,V,Bijen,1,Lasioglossum,50.76827028,3.65544135,3,GPS,2020,POINT (99681.52725879662 162216.30547588877),after,,Other bees,
11311,2381,2020-07-21,p5,Muziekbos,sinus,V,Bijen,1,Bombus,50.76833029,3.65521001,3,GPS,2020,POINT (99665.2726037385 162223.13723360095),after,,Bombus,
11312,2394,2020-07-21,p5,Muziekbos,sinus,V,Dagvlinders,1,Maniola,50.76852693,3.65508663,3,GPS,2020,POINT (99656.77941442793 162245.09371395595),after,,Butterflies,
11313,2413,2020-07-21,p5,Muziekbos,sinus,V,Dagvlinders,1,Maniola,50.76852635,3.65542676,3,GPS,2020,POINT (99680.7714608341 162244.79886456858),after,,Butterflies,
11315,2515,2020-07-21,p5,Muziekbos,blok,V,Dagvlinders,1,Maniola,50.76940334,3.65636587,3,GPS,2020,POINT (99747.95104361091 162341.71399191208),after,,Butterflies,
11316,2525,2020-07-21,p5,Muziekbos,blok,V,Dagvlinders,1,Maniola,50.76919178,3.65629873,3,GPS,2020,POINT (99742.98950979442 162318.22686456423),after,,Butterflies,
11317,2575,2020-07-23,p5,Kemmelberg,sinus,V,Bijen,1,Colletes,50.7729017,2.79612503,3,GPS,2020,POINT (39080.91462499893 163663.89858960547),after,,Other bees,
11318,2581,2020-07-23,p5,Kemmelberg,sinus,V,Dagvlinders,1,Maniola,50.77262937,2.7961723,3,GPS,2020,POINT (39083.60687125217 163633.54120575916),after,,Butterflies,
11319,2615,2020-07-23,p5,Kemmelberg,sinus,V,Bijen,1,Bombus,50.7732762,2.79770594,3,GPS,2020,POINT (39193.28231834734 163703.18872047216),after,,Bombus,
11320,3314,2020-09-13,p6,Kemmelberg,sinus,V,Dagvlinders,1,Aricia,50.77316372,2.7971633,3,GPS,2020,POINT (39154.750630456314 163691.48898350727),,,Butterflies,
11321,3326,2020-09-13,p6,Kemmelberg,sinus,V,Dagvlinders,1,Aricia,50.77296574,2.79649484,3,GPS,2020,POINT (39107.144606334245 163670.4685842041),,,Butterflies,
11350,6852,2022-06-18,p3,Kemmelberg,sinus,V,Bijen,1,Apis,50.7729449496149,2.79717662371955,4,GSM,2022,POINT (39155.17540751626 163667.13884904794),before,,Apis,
11351,6855,2022-06-18,p3,Kemmelberg,sinus,V,Bijen,1,Apis,50.7729058480363,2.79741710052154,8,GSM,2022,POINT (39172.041959935435 163662.43141369522),before,,Apis,
11353,6914,2022-08-31,p5,Muziekbos,sinus,V,Bijen,1,Apis,50.7685367406526,3.65521157160484,73,GSM,2022,POINT (99665.60323376502 162246.1003627088),,Muziekbos_sinus_2022_06,Apis,3.1214442853124305
11355,7010,2022-08-31,p5,Muziekbos,sinus,V,Dagvlinders,1,Aricia,50.7685137907767,3.65546951332803,4,GSM,2022,POINT (99683.77386006535 162243.3729161471),,Muziekbos_sinus_2022_06,Butterflies,2.4680671329643364
11357,7332,2022-08-05,p4,Palingbeek,sinus,V,Bijen,1,Bombus,50.8207359211992,2.91481722146544,5,GSM,2022,POINT (47555.43093198794 168813.38340973202),after,Palingbeek_sinus_2022_06,Bombus,-7.020068331442819
11358,7333,2022-08-05,p4,Palingbeek,sinus,V,Bijen,1,Bombus,50.820702267858,2.91482711211118,4,GSM,2022,POINT (47556.05447593618 168809.62689161114),after,Palingbeek_sinus_2022_06,Bombus,-3.468037394190375
11364,9060,2022-09-22,p6,Kemmelberg,sinus,V,Dagvlinders,1,Lycaena,50.7729279343511,2.79652920551858,4,GSM,2022,POINT (39109.47907791077 163666.21277985163),,Kemmelberg_sinus_2022_06,Butterflies,16.17968812557083
11365,9227,2022-06-14,p3,Waarmaarde,blok,V,Dagvlinders,1,Maniola,50.7934298180516,3.49216648377803,3,GSM,2022,POINT (88197.25011574403 165138.03067262098),before,,Butterflies,
11366,9229,2022-06-14,p3,Waarmaarde,blok,V,Dagvlinders,1,Maniola,50.793435643474304,3.49267560057667,3,GSM,2022,POINT (88233.15086198959 165138.25533865765),before,,Butterflies,
11367,9232,2022-06-14,p3,Waarmaarde,blok,V,Dagvlinders,1,Maniola,50.7934538037428,3.4926256783108,4,GSM,2022,POINT (88229.6551231711 165140.31682771537),before,,Butterflies,
11369,9356,2022-06-21,p3,Palingbeek,blok,V,Dagvlinders,1,Maniola,50.8225109568339,2.91185706854137,10,GSM,2022,POINT (47350.75680613675 169014.88666864578),before,,Butterflies,
11371,9428,2022-06-21,p3,Palingbeek,sinus,V,Dagvlinders,1,Maniola,50.8208600752929,2.9134831583119,100,GSM,2022,POINT (47461.71510060535 168829.03222656716),before,,Butterflies,
11372,9429,2022-06-21,p3,Palingbeek,sinus,V,Dagvlinders,1,Maniola,50.8210329339384,2.91344736703011,4,GSM,2022,POINT (47459.57024336202 168848.3067261977),before,,Butterflies,
11373,9442,2022-06-21,p3,Palingbeek,sinus,V,Dagvlinders,1,Maniola,50.820958209271296,2.91447247378799,4,GSM,2022,POINT (47531.62708144121 168838.58146126475),before,,Butterflies,
11374,9451,2022-06-21,p3,Palingbeek,sinus,V,Dagvlinders,1,Maniola,50.8201050572573,2.91486013680967,5,GSM,2022,POINT (47557.080995281285 168743.1604092922),before,,Butterflies,
11377,10032,2022-09-22,p6,Palingbeek,sinus,V,Dagvlinders,1,Pieris,50.821377262520706,2.91348458268019,4,GSM,2022,POINT (47462.94241852076 168886.55110204965),,Palingbeek_sinus_2022_06,Butterflies,5.7756628803167045
11379,10202,2022-08-10,p4,Kemmelberg,sinus,V,Dagvlinders,1,Polyommatus,50.772838499444305,2.79807164334021,9,GSM,2022,POINT (39218.042318657215 163653.96498936322),after,Kemmelberg_sinus_2022_06,Butterflies,-0.47810152804486594
11381,10304,2022-08-29,p5,Kemmelberg,sinus,V,Dagvlinders,1,Polyommatus,50.7727777306466,2.79751039110384,4,GSM,2022,POINT (39178.319443471846 163648.04382999893),,Kemmelberg_sinus_2022_06,Butterflies,3.609064169677304
11382,87,2020-04-09,p1,Kemmelberg,sinus,V,Bijen,1,Apis,50.7729131402921,2.79763796367012,100,GSM,2020,POINT (39187.63451664473 163662.91291912738),,,Apis,
11383,88,2020-04-09,p1,Kemmelberg,sinus,V,Bijen,1,Apis,50.7732276292991,2.79648813419304,50,GSM,2020,POINT (39107.28826220166 163699.60425438266),,,Apis,
11385,147,2020-04-09,p1,Kemmelberg,blok,V,Bijen,1,Andrena,50.7782504428651,2.79693153687082,100,GSM,2020,POINT (39150.378689853955 164257.54820449557),,,Other bees,
11386,184,2020-04-09,p1,Kemmelberg,sinus,V,Bijen,1,Andrena,50.7734460616957,2.7970895357456,30,GSM,2020,POINT (39150.2132085465 163722.99930755887),,,Other bees,
11397,1047,2020-06-02,p3,Palingbeek,blok,V,Bijen,1,Bombus,50.82236172,2.91250625,3,GPS,2020,POINT (47396.16526654028 168997.3919168515),,,Bombus,
11398,1048,2020-06-02,p3,Palingbeek,blok,V,Bijen,1,Bombus,50.82235476,2.91253148,3,GPS,2020,POINT (47397.92751241442 168996.58298826683),,,Bombus,
11399,1141,2020-06-02,p3,Palingbeek,sinus,V,Dagvlinders,1,Maniola,50.820512,2.91492317,3,GPS,2020,POINT (47562.407686378225 168788.33309827186),,,Butterflies,
11404,1488,2020-06-23,p4,Kemmelberg,sinus,V,Dagvlinders,1,Maniola,50.77284873,2.79651236,3,GPS,2020,POINT (39108.1046588631 163657.42932382412),before,,Butterflies,
11405,1544,2020-06-23,p4,Kemmelberg,blok,V,Dagvlinders,1,Maniola,50.77735576,2.79554207,3,GPS,2020,POINT (39050.29623648626 164160.12151598837),before,,Butterflies,
11406,1552,2020-06-23,p4,Kemmelberg,blok,V,Dagvlinders,1,Maniola,50.77731821,2.79578548,3,GPS,2020,POINT (39067.371582300664 164155.5819146214),before,,Butterflies,
11407,1589,2020-06-23,p4,Palingbeek,sinus,V,Dagvlinders,1,Maniola,50.82087795,2.91339129,3,GPS,2020,POINT (47455.2818369928 168831.14703654405),before,,Butterflies,
11408,1601,2020-06-23,p4,Palingbeek,sinus,V,Dagvlinders,1,Maniola,50.82109354,2.91370796,3,GPS,2020,POINT (47478.06125810857 168854.68757527787),before,,Butterflies,
11409,1613,2020-06-23,p4,Palingbeek,sinus,V,Bijen,1,Bombus,50.82102346,2.91438614,3,GPS,2020,POINT (47525.68688520277 168845.95764680952),before,,Bombus,
11410,1614,2020-06-23,p4,Palingbeek,sinus,V,Dagvlinders,1,Maniola,50.82099547,2.91444892,3,GPS,2020,POINT (47530.048834858855 168842.7580378633),before,,Butterflies,
11411,1617,2020-06-23,p4,Palingbeek,sinus,V,Bijen,1,Bombus,50.82066463,2.915024,3,GPS,2020,POINT (47569.84355190433 168805.16936380696),before,,Bombus,
11412,1620,2020-06-23,p4,Palingbeek,sinus,V,Bijen,1,Bombus,50.82049423,2.91434482,3,GPS,2020,POINT (47521.62332936573 168787.15441666637),before,,Bombus,
11415,1666,2020-06-23,p4,Palingbeek,blok,V,Dagvlinders,1,Maniola,50.8231549,2.91207173,3,GPS,2020,POINT (47367.28392579277 169086.20853818022),before,,Butterflies,
11420,1887,2020-07-07,p4,Waarmaarde,blok,V,Dagvlinders,1,Maniola,50.79315556,3.4925979,3,GPS,2020,POINT (88227.30557483603 165107.16584937833),before,,Butterflies,
11423,2044,2020-07-18,p5,Palingbeek,blok,V,Bijen,1,Apis,50.8228591,2.9119227,3,GPS,2020,POINT (47356.13987614565 169053.5159786269),after,,Apis,
11433,2219,2020-07-18,p5,Palingbeek,sinus,V,Bijen,1,Apis,50.82039574,2.91482368,3,GPS,2020,POINT (47555.14535893258 168775.54001731332),after,,Apis,
11434,2256,2020-07-18,p5,Palingbeek,sinus,V,Bijen,1,Bombus,50.82073018,2.91486097,3,GPS,2020,POINT (47558.500571447905 168812.6845512595),after,,Bombus,
11440,2360,2020-07-21,p5,Muziekbos,sinus,V,Dagvlinders,1,Maniola,50.76858058,3.65553355,3,GPS,2020,POINT (99688.36228249107 162250.7587517798),after,,Butterflies,
11441,2371,2020-07-21,p5,Muziekbos,sinus,V,Bijen,1,Lasioglossum,50.76827028,3.65544135,3,GPS,2020,POINT (99681.52725879662 162216.30547588877),after,,Other bees,
11442,2381,2020-07-21,p5,Muziekbos,sinus,V,Bijen,1,Bombus,50.76833029,3.65521001,3,GPS,2020,POINT (99665.2726037385 162223.13723360095),after,,Bombus,
11443,2394,2020-07-21,p5,Muziekbos,sinus,V,Dagvlinders,1,Maniola,50.76852693,3.65508663,3,GPS,2020,POINT (99656.77941442793 162245.09371395595),after,,Butterflies,
11444,2413,2020-07-21,p5,Muziekbos,sinus,V,Dagvlinders,1,Maniola,50.76852635,3.65542676,3,GPS,2020,POINT (99680.7714608341 162244.79886456858),after,,Butterflies,
11446,2515,2020-07-21,p5,Muziekbos,blok,V,Dagvlinders,1,Maniola,50.76940334,3.65636587,3,GPS,2020,POINT (99747.95104361091 162341.71399191208),after,,Butterflies,
11447,2525,2020-07-21,p5,Muziekbos,blok,V,Dagvlinders,1,Maniola,50.76919178,3.65629873,3,GPS,2020,POINT (99742.98950979442 162318.22686456423),after,,Butterflies,
11448,2575,2020-07-23,p5,Kemmelberg,sinus,V,Bijen,1,Colletes,50.7729017,2.79612503,3,GPS,2020,POINT (39080.91462499893 163663.89858960547),after,,Other bees,
11449,2581,2020-07-23,p5,Kemmelberg,sinus,V,Dagvlinders,1,Maniola,50.77262937,2.7961723,3,GPS,2020,POINT (39083.60687125217 163633.54120575916),after,,Butterflies,
11450,2615,2020-07-23,p5,Kemmelberg,sinus,V,Bijen,1,Bombus,50.7732762,2.79770594,3,GPS,2020,POINT (39193.28231834734 163703.18872047216),after,,Bombus,
11451,3314,2020-09-13,p6,Kemmelberg,sinus,V,Dagvlinders,1,Aricia,50.77316372,2.7971633,3,GPS,2020,POINT (39154.750630456314 163691.48898350727),,,Butterflies,
11452,3326,2020-09-13,p6,Kemmelberg,sinus,V,Dagvlinders,1,Aricia,50.77296574,2.79649484,3,GPS,2020,POINT (39107.144606334245 163670.4685842041),,,Butterflies,
11481,6852,2022-06-18,p3,Kemmelberg,sinus,V,Bijen,1,Apis,50.7729449496149,2.79717662371955,4,GSM,2022,POINT (39155.17540751626 163667.13884904794),before,,Apis,
11482,6855,2022-06-18,p3,Kemmelberg,sinus,V,Bijen,1,Apis,50.7729058480363,2.79741710052154,8,GSM,2022,POINT (39172.041959935435 163662.43141369522),before,,Apis,
11484,6914,2022-08-31,p5,Muziekbos,sinus,V,Bijen,1,Apis,50.7685367406526,3.65521157160484,73,GSM,2022,POINT (99665.60323376502 162246.1003627088),,Muziekbos_sinus_2022_06,Apis,3.1214442853124305
11486,7010,2022-08-31,p5,Muziekbos,sinus,V,Dagvlinders,1,Aricia,50.7685137907767,3.65546951332803,4,GSM,2022,POINT (99683.77386006535 162243.3729161471),,Muziekbos_sinus_2022_06,Butterflies,2.4680671329643364
11488,7332,2022-08-05,p4,Palingbeek,sinus,V,Bijen,1,Bombus,50.8207359211992,2.91481722146544,5,GSM,2022,POINT (47555.43093198794 168813.38340973202),after,Palingbeek_sinus_2022_06,Bombus,-7.020068331442819
11489,7333,2022-08-05,p4,Palingbeek,sinus,V,Bijen,1,Bombus,50.820702267858,2.91482711211118,4,GSM,2022,POINT (47556.05447593618 168809.62689161114),after,Palingbeek_sinus_2022_06,Bombus,-3.468037394190375
11495,9060,2022-09-22,p6,Kemmelberg,sinus,V,Dagvlinders,1,Lycaena,50.7729279343511,2.79652920551858,4,GSM,2022,POINT (39109.47907791077 163666.21277985163),,Kemmelberg_sinus_2022_06,Butterflies,16.17968812557083
11496,9227,2022-06-14,p3,Waarmaarde,blok,V,Dagvlinders,1,Maniola,50.7934298180516,3.49216648377803,3,GSM,2022,POINT (88197.25011574403 165138.03067262098),before,,Butterflies,
11497,9229,2022-06-14,p3,Waarmaarde,blok,V,Dagvlinders,1,Maniola,50.793435643474304,3.49267560057667,3,GSM,2022,POINT (88233.15086198959 165138.25533865765),before,,Butterflies,
11498,9232,2022-06-14,p3,Waarmaarde,blok,V,Dagvlinders,1,Maniola,50.7934538037428,3.4926256783108,4,GSM,2022,POINT (88229.6551231711 165140.31682771537),before,,Butterflies,
11500,9356,2022-06-21,p3,Palingbeek,blok,V,Dagvlinders,1,Maniola,50.8225109568339,2.91185706854137,10,GSM,2022,POINT (47350.75680613675 169014.88666864578),before,,Butterflies,
11502,9428,2022-06-21,p3,Palingbeek,sinus,V,Dagvlinders,1,Maniola,50.8208600752929,2.9134831583119,100,GSM,2022,POINT (47461.71510060535 168829.03222656716),before,,Butterflies,
11503,9429,2022-06-21,p3,Palingbeek,sinus,V,Dagvlinders,1,Maniola,50.8210329339384,2.91344736703011,4,GSM,2022,POINT (47459.57024336202 168848.3067261977),before,,Butterflies,
11504,9442,2022-06-21,p3,Palingbeek,sinus,V,Dagvlinders,1,Maniola,50.820958209271296,2.91447247378799,4,GSM,2022,POINT (47531.62708144121 168838.58146126475),before,,Butterflies,
11505,9451,2022-06-21,p3,Palingbeek,sinus,V,Dagvlinders,1,Maniola,50.8201050572573,2.91486013680967,5,GSM,2022,POINT (47557.080995281285 168743.1604092922),before,,Butterflies,
11508,10032,2022-09-22,p6,Palingbeek,sinus,V,Dagvlinders,1,Pieris,50.821377262520706,2.91348458268019,4,GSM,2022,POINT (47462.94241852076 168886.55110204965),,Palingbeek_sinus_2022_06,Butterflies,5.7756628803167045
11510,10202,2022-08-10,p4,Kemmelberg,sinus,V,Dagvlinders,1,Polyommatus,50.772838499444305,2.79807164334021,9,GSM,2022,POINT (39218.042318657215 163653.96498936322),after,Kemmelberg_sinus_2022_06,Butterflies,-0.47810152804486594
11512,10304,2022-08-29,p5,Kemmelberg,sinus,V,Dagvlinders,1,Polyommatus,50.7727777306466,2.79751039110384,4,GSM,2022,POINT (39178.319443471846 163648.04382999893),,Kemmelberg_sinus_2022_06,Butterflies,3.609064169677304
11513,1136,2020-06-02,p3,Palingbeek,sinus,V,Bijen,1,Bombus,50.82062951,2.91496801,3,GPS,2020,POINT (47565.82253189961 168801.34056856204),,,Bombus,
11514,1137,2020-06-02,p3,Palingbeek,sinus,V,Bijen,1,Bombus,50.82057034,2.91500615,3,GPS,2020,POINT (47568.38074914631 168794.70717141218),,,Bombus,
11515,1502,2020-06-23,p4,Kemmelberg,sinus,V,Dagvlinders,1,Maniola,50.77275946,2.79800358,3,GPS,2020,POINT (39213.05654446677 163645.27622968052),before,,Butterflies,
11518,2199,2020-07-18,p5,Palingbeek,sinus,V,Dagvlinders,1,Maniola,50.8205705,2.91418338,3,GPS,2020,POINT (47510.41574192894 168795.8597781891),after,,Butterflies,
11521,2577,2020-07-23,p5,Kemmelberg,sinus,V,Bijen,1,Colletes,50.77273624,2.79616241,3,GPS,2020,POINT (39083.16106941999 163645.4413712127),after,,Other bees,
11525,9265,2022-06-18,p3,Kemmelberg,sinus,V,Dagvlinders,1,Maniola,50.772964730906,2.79728039168081,3,GSM,2022,POINT (39162.53972618762 163669.18396385387),before,,Butterflies,
11526,9349,2022-06-20,p3,Muziekbos,blok,V,Dagvlinders,1,Maniola,50.769600511658,3.65608620214118,4,GSM,2022,POINT (99728.43403040158 162363.8351822691),before,,Butterflies,
11527,10336,2022-08-31,p5,Muziekbos,sinus,V,Dagvlinders,1,Polyommatus,50.7685080729897,3.6554343905333906,3,GSM,2022,POINT (99681.29020390043 162242.7606862625),,Muziekbos_sinus_2022_06,Butterflies,4.36853929220351
11528,1136,2020-06-02,p3,Palingbeek,sinus,V,Bijen,1,Bombus,50.82062951,2.91496801,3,GPS,2020,POINT (47565.82253189961 168801.34056856204),,,Bombus,
11529,1137,2020-06-02,p3,Palingbeek,sinus,V,Bijen,1,Bombus,50.82057034,2.91500615,3,GPS,2020,POINT (47568.38074914631 168794.70717141218),,,Bombus,
11530,1502,2020-06-23,p4,Kemmelberg,sinus,V,Dagvlinders,1,Maniola,50.77275946,2.79800358,3,GPS,2020,POINT (39213.05654446677 163645.27622968052),before,,Butterflies,
11533,2199,2020-07-18,p5,Palingbeek,sinus,V,Dagvlinders,1,Maniola,50.8205705,2.91418338,3,GPS,2020,POINT (47510.41574192894 168795.8597781891),after,,Butterflies,
11536,2577,2020-07-23,p5,Kemmelberg,sinus,V,Bijen,1,Colletes,50.77273624,2.79616241,3,GPS,2020,POINT (39083.16106941999 163645.4413712127),after,,Other bees,
11540,9265,2022-06-18,p3,Kemmelberg,sinus,V,Dagvlinders,1,Maniola,50.772964730906,2.79728039168081,3,GSM,2022,POINT (39162.53972618762 163669.18396385387),before,,Butterflies,
11541,9349,2022-06-20,p3,Muziekbos,blok,V,Dagvlinders,1,Maniola,50.769600511658,3.65608620214118,4,GSM,2022,POINT (99728.43403040158 162363.8351822691),before,,Butterflies,
11542,10336,2022-08-31,p5,Muziekbos,sinus,V,Dagvlinders,1,Polyommatus,50.7685080729897,3.6554343905333906,3,GSM,2022,POINT (99681.29020390043 162242.7606862625),,Muziekbos_sinus_2022_06,Butterflies,4.36853929220351
11543,1136,2020-06-02,p3,Palingbeek,sinus,V,Bijen,1,Bombus,50.82062951,2.91496801,3,GPS,2020,POINT (47565.82253189961 168801.34056856204),,,Bombus,
11544,1137,2020-06-02,p3,Palingbeek,sinus,V,Bijen,1,Bombus,50.82057034,2.91500615,3,GPS,2020,POINT (47568.38074914631 168794.70717141218),,,Bombus,
11545,1502,2020-06-23,p4,Kemmelberg,sinus,V,Dagvlinders,1,Maniola,50.77275946,2.79800358,3,GPS,2020,POINT (39213.05654446677 163645.27622968052),before,,Butterflies,
11548,2199,2020-07-18,p5,Palingbeek,sinus,V,Dagvlinders,1,Maniola,50.8205705,2.91418338,3,GPS,2020,POINT (47510.41574192894 168795.8597781891),after,,Butterflies,
11551,2577,2020-07-23,p5,Kemmelberg,sinus,V,Bijen,1,Colletes,50.77273624,2.79616241,3,GPS,2020,POINT (39083.16106941999 163645.4413712127),after,,Other bees,
11555,9265,2022-06-18,p3,Kemmelberg,sinus,V,Dagvlinders,1,Maniola,50.772964730906,2.79728039168081,3,GSM,2022,POINT (39162.53972618762 163669.18396385387),before,,Butterflies,
11556,9349,2022-06-20,p3,Muziekbos,blok,V,Dagvlinders,1,Maniola,50.769600511658,3.65608620214118,4,GSM,2022,POINT (99728.43403040158 162363.8351822691),before,,Butterflies,
11557,10336,2022-08-31,p5,Muziekbos,sinus,V,Dagvlinders,1,Polyommatus,50.7685080729897,3.6554343905333906,3,GSM,2022,POINT (99681.29020390043 162242.7606862625),,Muziekbos_sinus_2022_06,Butterflies,4.36853929220351
11558,1618,2020-06-23,p4,Palingbeek,sinus,V,Dagvlinders,1,Maniola,50.82019365,2.91482074,3,GPS,2020,POINT (47554.49827394578 168753.06790107395),before,,Butterflies,
11560,2047,2020-07-18,p5,Palingbeek,blok,V,Bijen,1,Apis,50.82283538,2.91171525,3,GPS,2020,POINT (47341.473691037 169051.1645327462),after,,Apis,
11561,2052,2020-07-18,p5,Palingbeek,blok,V,Bijen,1,Apis,50.82298215,2.91162296,3,GPS,2020,POINT (47335.29226960118 169067.6156288674),after,,Apis,
11563,1618,2020-06-23,p4,Palingbeek,sinus,V,Dagvlinders,1,Maniola,50.82019365,2.91482074,3,GPS,2020,POINT (47554.49827394578 168753.06790107395),before,,Butterflies,
11565,2047,2020-07-18,p5,Palingbeek,blok,V,Bijen,1,Apis,50.82283538,2.91171525,3,GPS,2020,POINT (47341.473691037 169051.1645327462),after,,Apis,
11566,2052,2020-07-18,p5,Palingbeek,blok,V,Bijen,1,Apis,50.82298215,2.91162296,3,GPS,2020,POINT (47335.29226960118 169067.6156288674),after,,Apis,
11568,1618,2020-06-23,p4,Palingbeek,sinus,V,Dagvlinders,1,Maniola,50.82019365,2.91482074,3,GPS,2020,POINT (47554.49827394578 168753.06790107395),before,,Butterflies,
11570,2047,2020-07-18,p5,Palingbeek,blok,V,Bijen,1,Apis,50.82283538,2.91171525,3,GPS,2020,POINT (47341.473691037 169051.1645327462),after,,Apis,
11571,2052,2020-07-18,p5,Palingbeek,blok,V,Bijen,1,Apis,50.82298215,2.91162296,3,GPS,2020,POINT (47335.29226960118 169067.6156288674),after,,Apis,
11573,1618,2020-06-23,p4,Palingbeek,sinus,V,Dagvlinders,1,Maniola,50.82019365,2.91482074,3,GPS,2020,POINT (47554.49827394578 168753.06790107395),before,,Butterflies,
11575,2047,2020-07-18,p5,Palingbeek,blok,V,Bijen,1,Apis,50.82283538,2.91171525,3,GPS,2020,POINT (47341.473691037 169051.1645327462),after,,Apis,
11576,2052,2020-07-18,p5,Palingbeek,blok,V,Bijen,1,Apis,50.82298215,2.91162296,3,GPS,2020,POINT (47335.29226960118 169067.6156288674),after,,Apis,
